waiting for the current run to finish... 12:27:50
waiting for the current run to finish... 12:29:50
waiting for the current run to finish... 12:31:51
waiting for the current run to finish... 12:33:51
waiting for the current run to finish... 12:35:51
waiting for the current run to finish... 12:37:51
waiting for the current run to finish... 12:39:51
waiting for the current run to finish... 12:41:51
waiting for the current run to finish... 12:43:51
waiting for the current run to finish... 12:45:51
waiting for the current run to finish... 12:47:51
waiting for the current run to finish... 12:49:51
waiting for the current run to finish... 12:51:51
waiting for the current run to finish... 12:53:51
waiting for the current run to finish... 12:55:51
waiting for the current run to finish... 12:57:51
waiting for the current run to finish... 12:59:51
waiting for the current run to finish... 13:01:51
waiting for the current run to finish... 13:03:51
waiting for the current run to finish... 13:05:51
waiting for the current run to finish... 13:07:51
waiting for the current run to finish... 13:09:51
waiting for the current run to finish... 13:11:51
waiting for the current run to finish... 13:13:51
waiting for the current run to finish... 13:15:51
waiting for the current run to finish... 13:17:52
waiting for the current run to finish... 13:19:52
waiting for the current run to finish... 13:21:52
waiting for the current run to finish... 13:23:52
waiting for the current run to finish... 13:25:52
waiting for the current run to finish... 13:27:52
waiting for the current run to finish... 13:29:52
waiting for the current run to finish... 13:31:52
waiting for the current run to finish... 13:33:52
waiting for the current run to finish... 13:35:52
waiting for the current run to finish... 13:37:52
waiting for the current run to finish... 13:39:52
waiting for the current run to finish... 13:41:52
waiting for the current run to finish... 13:43:52
waiting for the current run to finish... 13:45:52
waiting for the current run to finish... 13:47:52
waiting for the current run to finish... 13:49:52
waiting for the current run to finish... 13:51:52
waiting for the current run to finish... 13:53:52
waiting for the current run to finish... 13:55:52
waiting for the current run to finish... 13:57:52
waiting for the current run to finish... 13:59:52
waiting for the current run to finish... 14:01:52
waiting for the current run to finish... 14:03:53
waiting for the current run to finish... 14:05:53
waiting for the current run to finish... 14:07:53
waiting for the current run to finish... 14:09:53
waiting for the current run to finish... 14:11:53
waiting for the current run to finish... 14:13:53
waiting for the current run to finish... 14:15:53
waiting for the current run to finish... 14:17:53
waiting for the current run to finish... 14:19:53
waiting for the current run to finish... 14:21:53
waiting for the current run to finish... 14:23:53
waiting for the current run to finish... 14:25:53
waiting for the current run to finish... 14:27:53
waiting for the current run to finish... 14:29:53
waiting for the current run to finish... 14:31:53
waiting for the current run to finish... 14:33:53
waiting for the current run to finish... 14:35:53
waiting for the current run to finish... 14:37:53
waiting for the current run to finish... 14:39:53
waiting for the current run to finish... 14:41:53
waiting for the current run to finish... 14:43:53
waiting for the current run to finish... 14:45:53
waiting for the current run to finish... 14:47:53
waiting for the current run to finish... 14:49:54
waiting for the current run to finish... 14:51:54
waiting for the current run to finish... 14:53:54
waiting for the current run to finish... 14:55:54
waiting for the current run to finish... 14:57:54
waiting for the current run to finish... 14:59:54
waiting for the current run to finish... 15:01:54
waiting for the current run to finish... 15:03:54
waiting for the current run to finish... 15:05:54
waiting for the current run to finish... 15:07:54
waiting for the current run to finish... 15:09:54
waiting for the current run to finish... 15:11:54
waiting for the current run to finish... 15:13:54
waiting for the current run to finish... 15:15:54
waiting for the current run to finish... 15:17:54
waiting for the current run to finish... 15:19:54
waiting for the current run to finish... 15:21:54
waiting for the current run to finish... 15:23:54
waiting for the current run to finish... 15:25:54
waiting for the current run to finish... 15:27:54
waiting for the current run to finish... 15:29:55
waiting for the current run to finish... 15:31:55
waiting for the current run to finish... 15:33:55
waiting for the current run to finish... 15:35:55
waiting for the current run to finish... 15:37:55
waiting for the current run to finish... 15:39:55
waiting for the current run to finish... 15:41:55
waiting for the current run to finish... 15:43:55
waiting for the current run to finish... 15:45:55
waiting for the current run to finish... 15:47:55
waiting for the current run to finish... 15:49:55
waiting for the current run to finish... 15:51:55
waiting for the current run to finish... 15:53:55
waiting for the current run to finish... 15:55:55
waiting for the current run to finish... 15:57:55
waiting for the current run to finish... 15:59:55
waiting for the current run to finish... 16:01:55
waiting for the current run to finish... 16:03:55
waiting for the current run to finish... 16:05:55
waiting for the current run to finish... 16:07:55
waiting for the current run to finish... 16:09:55
waiting for the current run to finish... 16:11:55
waiting for the current run to finish... 16:13:55
waiting for the current run to finish... 16:15:56
waiting for the current run to finish... 16:17:56
waiting for the current run to finish... 16:19:56
waiting for the current run to finish... 16:21:56
waiting for the current run to finish... 16:23:56
waiting for the current run to finish... 16:25:56
waiting for the current run to finish... 16:27:56
waiting for the current run to finish... 16:29:56
waiting for the current run to finish... 16:31:56
waiting for the current run to finish... 16:33:56
waiting for the current run to finish... 16:35:56
waiting for the current run to finish... 16:37:56
waiting for the current run to finish... 16:39:56
waiting for the current run to finish... 16:41:56
waiting for the current run to finish... 16:43:56
waiting for the current run to finish... 16:45:56
waiting for the current run to finish... 16:47:56
waiting for the current run to finish... 16:49:56
waiting for the current run to finish... 16:51:56
waiting for the current run to finish... 16:53:56
waiting for the current run to finish... 16:55:56
waiting for the current run to finish... 16:57:56
waiting for the current run to finish... 16:59:57
waiting for the current run to finish... 17:01:57
waiting for the current run to finish... 17:03:57
waiting for the current run to finish... 17:05:57
waiting for the current run to finish... 17:07:57
waiting for the current run to finish... 17:09:57
waiting for the current run to finish... 17:11:57
waiting for the current run to finish... 17:13:57
waiting for the current run to finish... 17:15:57
waiting for the current run to finish... 17:17:57
waiting for the current run to finish... 17:19:57
waiting for the current run to finish... 17:21:57
waiting for the current run to finish... 17:23:57
clear - starting post-hoc Phase 1B Sat Aug 22 17:25:57 IST 2026

==============================================================
POST-HOC 1B: caco2_random   (2026-08-22 17:25:57)
==============================================================
Phase 1B: 90 jobs (90 to run) x 48 trials, workers=8
  tpe_val          caco2_random outer001  48 trials   189.7s
  random_val       caco2_random outer001  48 trials   264.3s
  tpe_hess_mo      caco2_random outer001  48 trials   288.1s
  tpe_fg_mo        caco2_random outer001  48 trials   322.2s
  tpe_penult_mo    caco2_random outer001  48 trials   340.0s
  hebo_val         caco2_random outer001  48 trials   373.1s
  random_val       caco2_random outer002  48 trials   235.7s
  hebo_fg_mo       caco2_random outer001  48 trials   653.5s
  tpe_val          caco2_random outer002  48 trials   389.8s
  tpe_fg_mo        caco2_random outer002  48 trials   345.7s
  hebo_penult_mo   caco2_random outer001  48 trials   700.9s
  hebo_hess_mo     caco2_random outer001  48 trials   612.1s
  tpe_penult_mo    caco2_random outer002  48 trials   343.2s
  tpe_hess_mo      caco2_random outer002  48 trials   251.6s
  hebo_val         caco2_random outer002  48 trials   609.5s
  random_val       caco2_random outer003  48 trials   266.2s
  hebo_fg_mo       caco2_random outer002  48 trials   601.1s
  tpe_val          caco2_random outer003  48 trials   364.5s
  hebo_val         caco2_random outer003  48 trials   436.7s
  tpe_fg_mo        caco2_random outer003  48 trials   386.3s
  hebo_hess_mo     caco2_random outer002  48 trials   645.7s

Compiled modules for significant speedup can not be used!
https://pymoo.org/installation.html#installation

To disable this warning:
from pymoo.config import Config
Config.warnings['not_compiled'] = False

jitter = 1e-07
jitter = 1e-06
jitter = 9.999999999999999e-06
jitter = 9.999999999999999e-05
jitter = 0.001
jitter = 0.01
jitter = 0.1
jitter = 1.0
jitter = 10.0
jitter is too large, give up fitting GP
jitter = 1e-07
jitter = 1e-06
jitter = 9.999999999999999e-06
jitter = 9.999999999999999e-05
jitter = 0.001
jitter = 0.01
jitter = 0.1
jitter = 1.0
jitter = 10.0
jitter is too large, give up fitting GP
jitter = 1e-07
jitter = 1e-06
jitter = 9.999999999999999e-06
jitter = 9.999999999999999e-05
jitter = 0.001
jitter = 0.01
jitter = 0.1
jitter = 1.0
jitter = 10.0
jitter is too large, give up fitting GP
jitter = 1e-07
jitter = 1e-06
jitter = 9.999999999999999e-06
jitter = 9.999999999999999e-05
jitter = 0.001
jitter = 0.01
jitter = 0.1
jitter = 1.0
jitter = 10.0
jitter is too large, give up fitting GP
jitter = 1e-07
jitter = 1e-06
jitter = 9.999999999999999e-06
jitter = 9.999999999999999e-05
jitter = 0.001
jitter = 0.01
jitter = 0.1
jitter = 1.0
jitter = 10.0
jitter is too large, give up fitting GP
jitter = 1e-07
jitter = 1e-06
jitter = 9.999999999999999e-06
jitter = 9.999999999999999e-05
jitter = 0.001
jitter = 0.01
jitter = 0.1
jitter = 1.0
jitter = 10.0
jitter is too large, give up fitting GP
jitter = 1e-07
jitter = 1e-06
jitter = 9.999999999999999e-06
jitter = 9.999999999999999e-05
jitter = 0.001
jitter = 0.01
jitter = 0.1
jitter = 1.0
jitter = 10.0
jitter is too large, give up fitting GP
jitter = 1e-07
jitter = 1e-06
jitter = 9.999999999999999e-06
jitter = 9.999999999999999e-05
jitter = 0.001
jitter = 0.01
jitter = 0.1
jitter = 1.0
jitter = 10.0
jitter is too large, give up fitting GP
jitter = 1e-07
jitter = 1e-06
jitter = 9.999999999999999e-06
jitter = 9.999999999999999e-05
jitter = 0.001
jitter = 0.01
jitter = 0.1
jitter = 1.0
jitter = 10.0
jitter is too large, give up fitting GP
jitter = 1e-07
jitter = 1e-06
jitter = 9.999999999999999e-06
jitter = 9.999999999999999e-05
jitter = 0.001
jitter = 0.01
jitter = 0.1
jitter = 1.0
jitter = 10.0
jitter is too large, give up fitting GP
jitter = 1e-07
jitter = 1e-06
jitter = 9.999999999999999e-06
jitter = 9.999999999999999e-05
jitter = 0.001
jitter = 0.01
jitter = 0.1
jitter = 1.0
jitter = 10.0
jitter is too large, give up fitting GP
jitter = 1e-07
jitter = 1e-06
jitter = 9.999999999999999e-06
jitter = 9.999999999999999e-05
jitter = 0.001
jitter = 0.01
jitter = 0.1
jitter = 1.0
jitter = 10.0
jitter is too large, give up fitting GP
jitter = 1e-07
jitter = 1e-06
jitter = 9.999999999999999e-06
jitter = 9.999999999999999e-05
jitter = 0.001
jitter = 0.01
jitter = 0.1
jitter = 1.0
jitter = 10.0
jitter is too large, give up fitting GP
jitter = 1e-07
jitter = 1e-06
jitter = 9.999999999999999e-06
jitter = 9.999999999999999e-05
jitter = 0.001
jitter = 0.01
jitter = 0.1
jitter = 1.0
jitter = 10.0
jitter is too large, give up fitting GP
jitter = 1e-07
jitter = 1e-06
jitter = 9.999999999999999e-06
jitter = 9.999999999999999e-05
jitter = 0.001
jitter = 0.01
jitter = 0.1
jitter = 1.0
jitter = 10.0
jitter is too large, give up fitting GP
jitter = 1e-07
jitter = 1e-06
jitter = 9.999999999999999e-06
jitter = 9.999999999999999e-05
jitter = 0.001
jitter = 0.01
jitter = 0.1
jitter = 1.0
jitter = 10.0
jitter is too large, output random predictions
jitter = 1e-07
jitter = 1e-06
jitter = 9.999999999999999e-06
jitter = 9.999999999999999e-05
jitter = 0.001
jitter = 0.01
jitter = 0.1
jitter = 1.0
jitter = 10.0
jitter is too large, output random predictions
jitter = 1e-07
jitter = 1e-06
jitter = 9.999999999999999e-06
jitter = 9.999999999999999e-05
jitter = 0.001
jitter = 0.01
jitter = 0.1
jitter = 1.0
jitter = 10.0
jitter is too large, output random predictions
jitter = 1e-07
jitter = 1e-06
jitter = 9.999999999999999e-06
jitter = 9.999999999999999e-05
jitter = 0.001
jitter = 0.01
jitter = 0.1
jitter = 1.0
jitter = 10.0
jitter is too large, output random predictions
jitter = 1e-07
jitter = 1e-06
jitter = 9.999999999999999e-06
jitter = 9.999999999999999e-05
jitter = 0.001
jitter = 0.01
jitter = 0.1
jitter = 1.0
jitter = 10.0
jitter is too large, output random predictions
jitter = 1e-07
jitter = 1e-06
jitter = 9.999999999999999e-06
jitter = 9.999999999999999e-05
jitter = 0.001
jitter = 0.01
jitter = 0.1
jitter = 1.0
jitter = 10.0
jitter is too large, output random predictions
jitter = 1e-07
jitter = 1e-06
jitter = 9.999999999999999e-06
jitter = 9.999999999999999e-05
jitter = 0.001
jitter = 0.01
jitter = 0.1
jitter = 1.0
jitter = 10.0
jitter is too large, output random predictions
jitter = 1e-07
jitter = 1e-06
jitter = 9.999999999999999e-06
jitter = 9.999999999999999e-05
jitter = 0.001
jitter = 0.01
jitter = 0.1
jitter = 1.0
jitter = 10.0
jitter is too large, output random predictions
jitter = 1e-07
jitter = 1e-06
jitter = 9.999999999999999e-06
jitter = 9.999999999999999e-05
jitter = 0.001
jitter = 0.01
jitter = 0.1
jitter = 1.0
jitter = 10.0
jitter is too large, output random predictions
jitter = 1e-07
jitter = 1e-06
jitter = 9.999999999999999e-06
jitter = 9.999999999999999e-05
jitter = 0.001
jitter = 0.01
jitter = 0.1
jitter = 1.0
jitter = 10.0
jitter is too large, output random predictions
jitter = 1e-07
jitter = 1e-06
jitter = 9.999999999999999e-06
jitter = 9.999999999999999e-05
jitter = 0.001
jitter = 0.01
jitter = 0.1
jitter = 1.0
jitter = 10.0
jitter is too large, output random predictions
jitter = 1e-07
jitter = 1e-06
jitter = 9.999999999999999e-06
jitter = 9.999999999999999e-05
jitter = 0.001
jitter = 0.01
jitter = 0.1
jitter = 1.0
jitter = 10.0
jitter is too large, output random predictions
jitter = 1e-07
jitter = 1e-06
jitter = 9.999999999999999e-06
jitter = 9.999999999999999e-05
jitter = 0.001
jitter = 0.01
jitter = 0.1
jitter = 1.0
jitter = 10.0
jitter is too large, output random predictions
jitter = 1e-07
jitter = 1e-06
jitter = 9.999999999999999e-06
jitter = 9.999999999999999e-05
jitter = 0.001
jitter = 0.01
jitter = 0.1
jitter = 1.0
jitter = 10.0
jitter is too large, output random predictions
jitter = 1e-07
jitter = 1e-06
jitter = 9.999999999999999e-06
jitter = 9.999999999999999e-05
jitter = 0.001
jitter = 0.01
jitter = 0.1
jitter = 1.0
jitter = 10.0
jitter is too large, output random predictions
jitter = 1e-07
jitter = 1e-06
jitter = 9.999999999999999e-06
jitter = 9.999999999999999e-05
jitter = 0.001
jitter = 0.01
jitter = 0.1
jitter = 1.0
jitter = 10.0
jitter is too large, output random predictions
jitter = 1e-07
jitter = 1e-06
jitter = 9.999999999999999e-06
jitter = 9.999999999999999e-05
jitter = 0.001
jitter = 0.01
jitter = 0.1
jitter = 1.0
jitter = 10.0
jitter is too large, output random predictions
jitter = 1e-07
jitter = 1e-06
jitter = 9.999999999999999e-06
jitter = 9.999999999999999e-05
jitter = 0.001
jitter = 0.01
jitter = 0.1
jitter = 1.0
jitter = 10.0
jitter is too large, output random predictions
jitter = 1e-07
jitter = 1e-06
jitter = 9.999999999999999e-06
jitter = 9.999999999999999e-05
jitter = 0.001
jitter = 0.01
jitter = 0.1
jitter = 1.0
jitter = 10.0
jitter is too large, output random predictions
jitter = 1e-07
jitter = 1e-06
jitter = 9.999999999999999e-06
jitter = 9.999999999999999e-05
jitter = 0.001
jitter = 0.01
jitter = 0.1
jitter = 1.0
jitter = 10.0
jitter is too large, output random predictions
jitter = 1e-07
jitter = 1e-06
jitter = 9.999999999999999e-06
jitter = 9.999999999999999e-05
jitter = 0.001
jitter = 0.01
jitter = 0.1
jitter = 1.0
jitter = 10.0
jitter is too large, output random predictions
jitter = 1e-07
jitter = 1e-06
jitter = 9.999999999999999e-06
jitter = 9.999999999999999e-05
jitter = 0.001
jitter = 0.01
jitter = 0.1
jitter = 1.0
jitter = 10.0
jitter is too large, output random predictions
jitter = 1e-07
jitter = 1e-06
jitter = 9.999999999999999e-06
jitter = 9.999999999999999e-05
jitter = 0.001
jitter = 0.01
jitter = 0.1
jitter = 1.0
jitter = 10.0
jitter is too large, output random predictions
jitter = 1e-07
jitter = 1e-06
jitter = 9.999999999999999e-06
jitter = 9.999999999999999e-05
jitter = 0.001
jitter = 0.01
jitter = 0.1
jitter = 1.0
jitter = 10.0
jitter is too large, output random predictions
jitter = 1e-07
jitter = 1e-06
jitter = 9.999999999999999e-06
jitter = 9.999999999999999e-05
jitter = 0.001
jitter = 0.01
jitter = 0.1
jitter = 1.0
jitter = 10.0
jitter is too large, output random predictions
jitter = 1e-07
jitter = 1e-06
jitter = 9.999999999999999e-06
jitter = 9.999999999999999e-05
jitter = 0.001
jitter = 0.01
jitter = 0.1
jitter = 1.0
jitter = 10.0
jitter is too large, output random predictions
jitter = 1e-07
jitter = 1e-06
jitter = 9.999999999999999e-06
jitter = 9.999999999999999e-05
jitter = 0.001
jitter = 0.01
jitter = 0.1
jitter = 1.0
jitter = 10.0
jitter is too large, output random predictions
jitter = 1e-07
jitter = 1e-06
jitter = 9.999999999999999e-06
jitter = 9.999999999999999e-05
jitter = 0.001
jitter = 0.01
jitter = 0.1
jitter = 1.0
jitter = 10.0
jitter is too large, output random predictions
jitter = 1e-07
jitter = 1e-06
jitter = 9.999999999999999e-06
jitter = 9.999999999999999e-05
jitter = 0.001
jitter = 0.01
jitter = 0.1
jitter = 1.0
jitter = 10.0
jitter is too large, output random predictions
jitter = 1e-07
jitter = 1e-06
jitter = 9.999999999999999e-06
jitter = 9.999999999999999e-05
jitter = 0.001
jitter = 0.01
jitter = 0.1
jitter = 1.0
jitter = 10.0
jitter is too large, output random predictions
jitter = 1e-07
jitter = 1e-06
jitter = 9.999999999999999e-06
jitter = 9.999999999999999e-05
jitter = 0.001
jitter = 0.01
jitter = 0.1
jitter = 1.0
jitter = 10.0
jitter is too large, output random predictions
jitter = 1e-07
jitter = 1e-06
jitter = 9.999999999999999e-06
jitter = 9.999999999999999e-05
jitter = 0.001
jitter = 0.01
jitter = 0.1
jitter = 1.0
jitter = 10.0
jitter is too large, output random predictions
jitter = 1e-07
jitter = 1e-06
jitter = 9.999999999999999e-06
jitter = 9.999999999999999e-05
jitter = 0.001
jitter = 0.01
jitter = 0.1
jitter = 1.0
jitter = 10.0
jitter is too large, output random predictions
jitter = 1e-07
jitter = 1e-06
jitter = 9.999999999999999e-06
jitter = 9.999999999999999e-05
jitter = 0.001
jitter = 0.01
jitter = 0.1
jitter = 1.0
jitter = 10.0
jitter is too large, output random predictions
jitter = 1e-07
jitter = 1e-06
jitter = 9.999999999999999e-06
jitter = 9.999999999999999e-05
jitter = 0.001
jitter = 0.01
jitter = 0.1
jitter = 1.0
jitter = 10.0
jitter is too large, output random predictions
jitter = 1e-07
jitter = 1e-06
jitter = 9.999999999999999e-06
jitter = 9.999999999999999e-05
jitter = 0.001
jitter = 0.01
jitter = 0.1
jitter = 1.0
jitter = 10.0
jitter is too large, output random predictions
jitter = 1e-07
jitter = 1e-06
jitter = 9.999999999999999e-06
jitter = 9.999999999999999e-05
jitter = 0.001
jitter = 0.01
jitter = 0.1
jitter = 1.0
jitter = 10.0
jitter is too large, output random predictions
jitter = 1e-07
jitter = 1e-06
jitter = 9.999999999999999e-06
jitter = 9.999999999999999e-05
jitter = 0.001
jitter = 0.01
jitter = 0.1
jitter = 1.0
jitter = 10.0
jitter is too large, output random predictions
jitter = 1e-07
jitter = 1e-06
jitter = 9.999999999999999e-06
jitter = 9.999999999999999e-05
jitter = 0.001
jitter = 0.01
jitter = 0.1
jitter = 1.0
jitter = 10.0
jitter is too large, output random predictions
jitter = 1e-07
jitter = 1e-06
jitter = 9.999999999999999e-06
jitter = 9.999999999999999e-05
jitter = 0.001
jitter = 0.01
jitter = 0.1
jitter = 1.0
jitter = 10.0
jitter is too large, output random predictions
jitter = 1e-07
jitter = 1e-06
jitter = 9.999999999999999e-06
jitter = 9.999999999999999e-05
jitter = 0.001
jitter = 0.01
jitter = 0.1
jitter = 1.0
jitter = 10.0
jitter is too large, output random predictions
jitter = 1e-07
jitter = 1e-06
jitter = 9.999999999999999e-06
jitter = 9.999999999999999e-05
jitter = 0.001
jitter = 0.01
jitter = 0.1
jitter = 1.0
jitter = 10.0
jitter is too large, output random predictions
jitter = 1e-07
jitter = 1e-06
jitter = 9.999999999999999e-06
jitter = 9.999999999999999e-05
jitter = 0.001
jitter = 0.01
jitter = 0.1
jitter = 1.0
jitter = 10.0
jitter is too large, output random predictions
jitter = 1e-07
jitter = 1e-06
jitter = 9.999999999999999e-06
jitter = 9.999999999999999e-05
jitter = 0.001
jitter = 0.01
jitter = 0.1
jitter = 1.0
jitter = 10.0
jitter is too large, output random predictions
jitter = 1e-07
jitter = 1e-06
jitter = 9.999999999999999e-06
jitter = 9.999999999999999e-05
jitter = 0.001
jitter = 0.01
jitter = 0.1
jitter = 1.0
jitter = 10.0
jitter is too large, output random predictions
jitter = 1e-07
jitter = 1e-06
jitter = 9.999999999999999e-06
jitter = 9.999999999999999e-05
jitter = 0.001
jitter = 0.01
jitter = 0.1
jitter = 1.0
jitter = 10.0
jitter is too large, output random predictions
jitter = 1e-07
jitter = 1e-06
jitter = 9.999999999999999e-06
jitter = 9.999999999999999e-05
jitter = 0.001
jitter = 0.01
jitter = 0.1
jitter = 1.0
jitter = 10.0
jitter is too large, output random predictions
jitter = 1e-07
jitter = 1e-06
jitter = 9.999999999999999e-06
jitter = 9.999999999999999e-05
jitter = 0.001
jitter = 0.01
jitter = 0.1
jitter = 1.0
jitter = 10.0
jitter is too large, output random predictions
jitter = 1e-07
jitter = 1e-06
jitter = 9.999999999999999e-06
jitter = 9.999999999999999e-05
jitter = 0.001
jitter = 0.01
jitter = 0.1
jitter = 1.0
jitter = 10.0
jitter is too large, output random predictions
jitter = 1e-07
jitter = 1e-06
jitter = 9.999999999999999e-06
jitter = 9.999999999999999e-05
jitter = 0.001
jitter = 0.01
jitter = 0.1
jitter = 1.0
jitter = 10.0
jitter is too large, output random predictions
jitter = 1e-07
jitter = 1e-06
jitter = 9.999999999999999e-06
jitter = 9.999999999999999e-05
jitter = 0.001
jitter = 0.01
jitter = 0.1
jitter = 1.0
jitter = 10.0
jitter is too large, output random predictions
jitter = 1e-07
jitter = 1e-06
jitter = 9.999999999999999e-06
jitter = 9.999999999999999e-05
jitter = 0.001
jitter = 0.01
jitter = 0.1
jitter = 1.0
jitter = 10.0
jitter is too large, output random predictions
jitter = 1e-07
jitter = 1e-06
jitter = 9.999999999999999e-06
jitter = 9.999999999999999e-05
jitter = 0.001
jitter = 0.01
jitter = 0.1
jitter = 1.0
jitter = 10.0
jitter is too large, output random predictions
jitter = 1e-07
jitter = 1e-06
jitter = 9.999999999999999e-06
jitter = 9.999999999999999e-05
jitter = 0.001
jitter = 0.01
jitter = 0.1
jitter = 1.0
jitter = 10.0
jitter is too large, output random predictions
jitter = 1e-07
jitter = 1e-06
jitter = 9.999999999999999e-06
jitter = 9.999999999999999e-05
jitter = 0.001
jitter = 0.01
jitter = 0.1
jitter = 1.0
jitter = 10.0
jitter is too large, output random predictions
jitter = 1e-07
jitter = 1e-06
jitter = 9.999999999999999e-06
jitter = 9.999999999999999e-05
jitter = 0.001
jitter = 0.01
jitter = 0.1
jitter = 1.0
jitter = 10.0
jitter is too large, output random predictions
jitter = 1e-07
jitter = 1e-06
jitter = 9.999999999999999e-06
jitter = 9.999999999999999e-05
jitter = 0.001
jitter = 0.01
jitter = 0.1
jitter = 1.0
jitter = 10.0
jitter is too large, output random predictions
jitter = 1e-07
jitter = 1e-06
jitter = 9.999999999999999e-06
jitter = 9.999999999999999e-05
jitter = 0.001
jitter = 0.01
jitter = 0.1
jitter = 1.0
jitter = 10.0
jitter is too large, output random predictions
jitter = 1e-07
jitter = 1e-06
jitter = 9.999999999999999e-06
jitter = 9.999999999999999e-05
jitter = 0.001
jitter = 0.01
jitter = 0.1
jitter = 1.0
jitter = 10.0
jitter is too large, output random predictions
jitter = 1e-07
jitter = 1e-06
jitter = 9.999999999999999e-06
jitter = 9.999999999999999e-05
jitter = 0.001
jitter = 0.01
jitter = 0.1
jitter = 1.0
jitter = 10.0
jitter is too large, output random predictions
jitter = 1e-07
jitter = 1e-06
jitter = 9.999999999999999e-06
jitter = 9.999999999999999e-05
jitter = 0.001
jitter = 0.01
jitter = 0.1
jitter = 1.0
jitter = 10.0
jitter is too large, output random predictions
jitter = 1e-07
jitter = 1e-06
jitter = 9.999999999999999e-06
jitter = 9.999999999999999e-05
jitter = 0.001
jitter = 0.01
jitter = 0.1
jitter = 1.0
jitter = 10.0
jitter is too large, output random predictions
jitter = 1e-07
jitter = 1e-06
jitter = 9.999999999999999e-06
jitter = 9.999999999999999e-05
jitter = 0.001
jitter = 0.01
jitter = 0.1
jitter = 1.0
jitter = 10.0
jitter is too large, output random predictions
jitter = 1e-07
jitter = 1e-06
jitter = 9.999999999999999e-06
jitter = 9.999999999999999e-05
jitter = 0.001
jitter = 0.01
jitter = 0.1
jitter = 1.0
jitter = 10.0
jitter is too large, output random predictions
jitter = 1e-07
jitter = 1e-06
jitter = 9.999999999999999e-06
jitter = 9.999999999999999e-05
jitter = 0.001
jitter = 0.01
jitter = 0.1
jitter = 1.0
jitter = 10.0
jitter is too large, output random predictions
jitter = 1e-07
jitter = 1e-06
jitter = 9.999999999999999e-06
jitter = 9.999999999999999e-05
jitter = 0.001
jitter = 0.01
jitter = 0.1
jitter = 1.0
jitter = 10.0
jitter is too large, output random predictions
jitter = 1e-07
jitter = 1e-06
jitter = 9.999999999999999e-06
jitter = 9.999999999999999e-05
jitter = 0.001
jitter = 0.01
jitter = 0.1
jitter = 1.0
jitter = 10.0
jitter is too large, output random predictions
jitter = 1e-07
jitter = 1e-06
jitter = 9.999999999999999e-06
jitter = 9.999999999999999e-05
jitter = 0.001
jitter = 0.01
jitter = 0.1
jitter = 1.0
jitter = 10.0
jitter is too large, output random predictions
jitter = 1e-07
jitter = 1e-06
jitter = 9.999999999999999e-06
jitter = 9.999999999999999e-05
jitter = 0.001
jitter = 0.01
jitter = 0.1
jitter = 1.0
jitter = 10.0
jitter is too large, output random predictions
jitter = 1e-07
jitter = 1e-06
jitter = 9.999999999999999e-06
jitter = 9.999999999999999e-05
jitter = 0.001
jitter = 0.01
jitter = 0.1
jitter = 1.0
jitter = 10.0
jitter is too large, output random predictions
jitter = 1e-07
jitter = 1e-06
jitter = 9.999999999999999e-06
jitter = 9.999999999999999e-05
jitter = 0.001
jitter = 0.01
jitter = 0.1
jitter = 1.0
jitter = 10.0
jitter is too large, output random predictions
jitter = 1e-07
jitter = 1e-06
jitter = 9.999999999999999e-06
jitter = 9.999999999999999e-05
jitter = 0.001
jitter = 0.01
jitter = 0.1
jitter = 1.0
jitter = 10.0
jitter is too large, output random predictions
jitter = 1e-07
jitter = 1e-06
jitter = 9.999999999999999e-06
jitter = 9.999999999999999e-05
jitter = 0.001
jitter = 0.01
jitter = 0.1
jitter = 1.0
jitter = 10.0
jitter is too large, output random predictions
jitter = 1e-07
jitter = 1e-06
jitter = 9.999999999999999e-06
jitter = 9.999999999999999e-05
jitter = 0.001
jitter = 0.01
jitter = 0.1
jitter = 1.0
jitter = 10.0
jitter is too large, output random predictions
jitter = 1e-07
jitter = 1e-06
jitter = 9.999999999999999e-06
jitter = 9.999999999999999e-05
jitter = 0.001
jitter = 0.01
jitter = 0.1
jitter = 1.0
jitter = 10.0
jitter is too large, output random predictions
jitter = 1e-07
jitter = 1e-06
jitter = 9.999999999999999e-06
jitter = 9.999999999999999e-05
jitter = 0.001
jitter = 0.01
jitter = 0.1
jitter = 1.0
jitter = 10.0
jitter is too large, output random predictions
jitter = 1e-07
jitter = 1e-06
jitter = 9.999999999999999e-06
jitter = 9.999999999999999e-05
jitter = 0.001
jitter = 0.01
jitter = 0.1
jitter = 1.0
jitter = 10.0
jitter is too large, output random predictions
jitter = 1e-07
jitter = 1e-06
jitter = 9.999999999999999e-06
jitter = 9.999999999999999e-05
jitter = 0.001
jitter = 0.01
jitter = 0.1
jitter = 1.0
jitter = 10.0
jitter is too large, output random predictions
jitter = 1e-07
jitter = 1e-06
jitter = 9.999999999999999e-06
jitter = 9.999999999999999e-05
jitter = 0.001
jitter = 0.01
jitter = 0.1
jitter = 1.0
jitter = 10.0
jitter is too large, output random predictions
jitter = 1e-07
jitter = 1e-06
jitter = 9.999999999999999e-06
jitter = 9.999999999999999e-05
jitter = 0.001
jitter = 0.01
jitter = 0.1
jitter = 1.0
jitter = 10.0
jitter is too large, output random predictions
jitter = 1e-07
jitter = 1e-06
jitter = 9.999999999999999e-06
jitter = 9.999999999999999e-05
jitter = 0.001
jitter = 0.01
jitter = 0.1
jitter = 1.0
jitter = 10.0
jitter is too large, output random predictions
jitter = 1e-07
jitter = 1e-06
jitter = 9.999999999999999e-06
jitter = 9.999999999999999e-05
jitter = 0.001
jitter = 0.01
jitter = 0.1
jitter = 1.0
jitter = 10.0
jitter is too large, output random predictions
jitter = 1e-07
jitter = 1e-06
jitter = 9.999999999999999e-06
jitter = 9.999999999999999e-05
jitter = 0.001
jitter = 0.01
jitter = 0.1
jitter = 1.0
jitter = 10.0
jitter is too large, output random predictions
jitter = 1e-07
jitter = 1e-06
jitter = 9.999999999999999e-06
jitter = 9.999999999999999e-05
jitter = 0.001
jitter = 0.01
jitter = 0.1
jitter = 1.0
jitter = 10.0
jitter is too large, output random predictions
jitter = 1e-07
jitter = 1e-06
jitter = 9.999999999999999e-06
jitter = 9.999999999999999e-05
jitter = 0.001
jitter = 0.01
jitter = 0.1
jitter = 1.0
jitter = 10.0
jitter is too large, output random predictions
jitter = 1e-07
jitter = 1e-06
jitter = 9.999999999999999e-06
jitter = 9.999999999999999e-05
jitter = 0.001
jitter = 0.01
jitter = 0.1
jitter = 1.0
jitter = 10.0
jitter is too large, output random predictions
jitter = 1e-07
jitter = 1e-06
jitter = 9.999999999999999e-06
jitter = 9.999999999999999e-05
jitter = 0.001
jitter = 0.01
jitter = 0.1
jitter = 1.0
jitter = 10.0
jitter is too large, output random predictions
jitter = 1e-07
jitter = 1e-06
jitter = 9.999999999999999e-06
jitter = 9.999999999999999e-05
jitter = 0.001
jitter = 0.01
jitter = 0.1
jitter = 1.0
jitter = 10.0
jitter is too large, output random predictions
jitter = 1e-07
jitter = 1e-06
jitter = 9.999999999999999e-06
jitter = 9.999999999999999e-05
jitter = 0.001
jitter = 0.01
jitter = 0.1
jitter = 1.0
jitter = 10.0
jitter is too large, output random predictions
jitter = 1e-07
jitter = 1e-06
jitter = 9.999999999999999e-06
jitter = 9.999999999999999e-05
jitter = 0.001
jitter = 0.01
jitter = 0.1
jitter = 1.0
jitter = 10.0
jitter is too large, output random predictions
jitter = 1e-07
jitter = 1e-06
jitter = 9.999999999999999e-06
jitter = 9.999999999999999e-05
jitter = 0.001
jitter = 0.01
jitter = 0.1
jitter = 1.0
jitter = 10.0
jitter is too large, output random predictions
jitter = 1e-07
jitter = 1e-06
jitter = 9.999999999999999e-06
jitter = 9.999999999999999e-05
jitter = 0.001
jitter = 0.01
jitter = 0.1
jitter = 1.0
jitter = 10.0
jitter is too large, output random predictions
jitter = 1e-07
jitter = 1e-06
jitter = 9.999999999999999e-06
jitter = 9.999999999999999e-05
jitter = 0.001
jitter = 0.01
jitter = 0.1
jitter = 1.0
jitter = 10.0
jitter is too large, output random predictions
jitter = 1e-07
jitter = 1e-06
jitter = 9.999999999999999e-06
jitter = 9.999999999999999e-05
jitter = 0.001
jitter = 0.01
jitter = 0.1
jitter = 1.0
jitter = 10.0
jitter is too large, output random predictions
jitter = 1e-07
jitter = 1e-06
jitter = 9.999999999999999e-06
jitter = 9.999999999999999e-05
jitter = 0.001
jitter = 0.01
jitter = 0.1
jitter = 1.0
jitter = 10.0
jitter is too large, output random predictions
jitter = 1e-07
jitter = 1e-06
jitter = 9.999999999999999e-06
jitter = 9.999999999999999e-05
jitter = 0.001
jitter = 0.01
jitter = 0.1
jitter = 1.0
jitter = 10.0
jitter is too large, output random predictions
jitter = 1e-07
jitter = 1e-06
jitter = 9.999999999999999e-06
jitter = 9.999999999999999e-05
jitter = 0.001
jitter = 0.01
jitter = 0.1
jitter = 1.0
jitter = 10.0
jitter is too large, output random predictions
jitter = 1e-07
jitter = 1e-06
jitter = 9.999999999999999e-06
jitter = 9.999999999999999e-05
jitter = 0.001
jitter = 0.01
jitter = 0.1
jitter = 1.0
jitter = 10.0
jitter is too large, output random predictions
jitter = 1e-07
jitter = 1e-06
jitter = 9.999999999999999e-06
jitter = 9.999999999999999e-05
jitter = 0.001
jitter = 0.01
jitter = 0.1
jitter = 1.0
jitter = 10.0
jitter is too large, output random predictions
jitter = 1e-07
jitter = 1e-06
jitter = 9.999999999999999e-06
jitter = 9.999999999999999e-05
jitter = 0.001
jitter = 0.01
jitter = 0.1
jitter = 1.0
jitter = 10.0
jitter is too large, output random predictions
jitter = 1e-07
jitter = 1e-06
jitter = 9.999999999999999e-06
jitter = 9.999999999999999e-05
jitter = 0.001
jitter = 0.01
jitter = 0.1
jitter = 1.0
jitter = 10.0
jitter is too large, output random predictions
jitter = 1e-07
jitter = 1e-06
jitter = 9.999999999999999e-06
jitter = 9.999999999999999e-05
jitter = 0.001
jitter = 0.01
jitter = 0.1
jitter = 1.0
jitter = 10.0
jitter is too large, output random predictions
jitter = 1e-07
jitter = 1e-06
jitter = 9.999999999999999e-06
jitter = 9.999999999999999e-05
jitter = 0.001
jitter = 0.01
jitter = 0.1
jitter = 1.0
jitter = 10.0
jitter is too large, output random predictions
jitter = 1e-07
jitter = 1e-06
jitter = 9.999999999999999e-06
jitter = 9.999999999999999e-05
jitter = 0.001
jitter = 0.01
jitter = 0.1
jitter = 1.0
jitter = 10.0
jitter is too large, output random predictions
jitter = 1e-07
jitter = 1e-06
jitter = 9.999999999999999e-06
jitter = 9.999999999999999e-05
jitter = 0.001
jitter = 0.01
jitter = 0.1
jitter = 1.0
jitter = 10.0
jitter is too large, output random predictions
jitter = 1e-07
jitter = 1e-06
jitter = 9.999999999999999e-06
jitter = 9.999999999999999e-05
jitter = 0.001
jitter = 0.01
jitter = 0.1
jitter = 1.0
jitter = 10.0
jitter is too large, output random predictions
jitter = 1e-07
jitter = 1e-06
jitter = 9.999999999999999e-06
jitter = 9.999999999999999e-05
jitter = 0.001
jitter = 0.01
jitter = 0.1
jitter = 1.0
jitter = 10.0
jitter is too large, output random predictions
jitter = 1e-07
jitter = 1e-06
jitter = 9.999999999999999e-06
jitter = 9.999999999999999e-05
jitter = 0.001
jitter = 0.01
jitter = 0.1
jitter = 1.0
jitter = 10.0
jitter is too large, output random predictions
jitter = 1e-07
jitter = 1e-06
jitter = 9.999999999999999e-06
jitter = 9.999999999999999e-05
jitter = 0.001
jitter = 0.01
jitter = 0.1
jitter = 1.0
jitter = 10.0
jitter is too large, output random predictions
jitter = 1e-07
jitter = 1e-06
jitter = 9.999999999999999e-06
jitter = 9.999999999999999e-05
jitter = 0.001
jitter = 0.01
jitter = 0.1
jitter = 1.0
jitter = 10.0
jitter is too large, output random predictions
jitter = 1e-07
jitter = 1e-06
jitter = 9.999999999999999e-06
jitter = 9.999999999999999e-05
jitter = 0.001
jitter = 0.01
jitter = 0.1
jitter = 1.0
jitter = 10.0
jitter is too large, output random predictions
jitter = 1e-07
jitter = 1e-06
jitter = 9.999999999999999e-06
jitter = 9.999999999999999e-05
jitter = 0.001
jitter = 0.01
jitter = 0.1
jitter = 1.0
jitter = 10.0
jitter is too large, output random predictions
jitter = 1e-07
jitter = 1e-06
jitter = 9.999999999999999e-06
jitter = 9.999999999999999e-05
jitter = 0.001
jitter = 0.01
jitter = 0.1
jitter = 1.0
jitter = 10.0
jitter is too large, output random predictions
jitter = 1e-07
jitter = 1e-06
jitter = 9.999999999999999e-06
jitter = 9.999999999999999e-05
jitter = 0.001
jitter = 0.01
jitter = 0.1
jitter = 1.0
jitter = 10.0
jitter is too large, output random predictions
jitter = 1e-07
jitter = 1e-06
jitter = 9.999999999999999e-06
jitter = 9.999999999999999e-05
jitter = 0.001
jitter = 0.01
jitter = 0.1
jitter = 1.0
jitter = 10.0
jitter is too large, output random predictions
jitter = 1e-07
jitter = 1e-06
jitter = 9.999999999999999e-06
jitter = 9.999999999999999e-05
jitter = 0.001
jitter = 0.01
jitter = 0.1
jitter = 1.0
jitter = 10.0
jitter is too large, output random predictions
jitter = 1e-07
jitter = 1e-06
jitter = 9.999999999999999e-06
jitter = 9.999999999999999e-05
jitter = 0.001
jitter = 0.01
jitter = 0.1
jitter = 1.0
jitter = 10.0
jitter is too large, output random predictions
jitter = 1e-07
jitter = 1e-06
jitter = 9.999999999999999e-06
jitter = 9.999999999999999e-05
jitter = 0.001
jitter = 0.01
jitter = 0.1
jitter = 1.0
jitter = 10.0
jitter is too large, output random predictions
jitter = 1e-07
jitter = 1e-06
jitter = 9.999999999999999e-06
jitter = 9.999999999999999e-05
jitter = 0.001
jitter = 0.01
jitter = 0.1
jitter = 1.0
jitter = 10.0
jitter is too large, output random predictions
jitter = 1e-07
jitter = 1e-06
jitter = 9.999999999999999e-06
jitter = 9.999999999999999e-05
jitter = 0.001
jitter = 0.01
jitter = 0.1
jitter = 1.0
jitter = 10.0
jitter is too large, output random predictions
jitter = 1e-07
jitter = 1e-06
jitter = 9.999999999999999e-06
jitter = 9.999999999999999e-05
jitter = 0.001
jitter = 0.01
jitter = 0.1
jitter = 1.0
jitter = 10.0
jitter is too large, output random predictions
jitter = 1e-07
jitter = 1e-06
jitter = 9.999999999999999e-06
jitter = 9.999999999999999e-05
jitter = 0.001
jitter = 0.01
jitter = 0.1
jitter = 1.0
jitter = 10.0
jitter is too large, output random predictions
jitter = 1e-07
jitter = 1e-06
jitter = 9.999999999999999e-06
jitter = 9.999999999999999e-05
jitter = 0.001
jitter = 0.01
jitter = 0.1
jitter = 1.0
jitter = 10.0
jitter is too large, output random predictions
jitter = 1e-07
jitter = 1e-06
jitter = 9.999999999999999e-06
jitter = 9.999999999999999e-05
jitter = 0.001
jitter = 0.01
jitter = 0.1
jitter = 1.0
jitter = 10.0
jitter is too large, output random predictions
jitter = 1e-07
jitter = 1e-06
jitter = 9.999999999999999e-06
jitter = 9.999999999999999e-05
jitter = 0.001
jitter = 0.01
jitter = 0.1
jitter = 1.0
jitter = 10.0
jitter is too large, output random predictions
jitter = 1e-07
jitter = 1e-06
jitter = 9.999999999999999e-06
jitter = 9.999999999999999e-05
jitter = 0.001
jitter = 0.01
jitter = 0.1
jitter = 1.0
jitter = 10.0
jitter is too large, output random predictions
jitter = 1e-07
jitter = 1e-06
jitter = 9.999999999999999e-06
jitter = 9.999999999999999e-05
jitter = 0.001
jitter = 0.01
jitter = 0.1
jitter = 1.0
jitter = 10.0
jitter is too large, output random predictions
jitter = 1e-07
jitter = 1e-06
jitter = 9.999999999999999e-06
jitter = 9.999999999999999e-05
jitter = 0.001
jitter = 0.01
jitter = 0.1
jitter = 1.0
jitter = 10.0
jitter is too large, output random predictions
jitter = 1e-07
jitter = 1e-06
jitter = 9.999999999999999e-06
jitter = 9.999999999999999e-05
jitter = 0.001
jitter = 0.01
jitter = 0.1
jitter = 1.0
jitter = 10.0
jitter is too large, output random predictions
jitter = 1e-07
jitter = 1e-06
jitter = 9.999999999999999e-06
jitter = 9.999999999999999e-05
jitter = 0.001
jitter = 0.01
jitter = 0.1
jitter = 1.0
jitter = 10.0
jitter is too large, output random predictions
jitter = 1e-07
jitter = 1e-06
jitter = 9.999999999999999e-06
jitter = 9.999999999999999e-05
jitter = 0.001
jitter = 0.01
jitter = 0.1
jitter = 1.0
jitter = 10.0
jitter is too large, output random predictions
jitter = 1e-07
jitter = 1e-06
jitter = 9.999999999999999e-06
jitter = 9.999999999999999e-05
jitter = 0.001
jitter = 0.01
jitter = 0.1
jitter = 1.0
jitter = 10.0
jitter is too large, output random predictions
jitter = 1e-07
jitter = 1e-06
jitter = 9.999999999999999e-06
jitter = 9.999999999999999e-05
jitter = 0.001
jitter = 0.01
jitter = 0.1
jitter = 1.0
jitter = 10.0
jitter is too large, output random predictions
jitter = 1e-07
jitter = 1e-06
jitter = 9.999999999999999e-06
jitter = 9.999999999999999e-05
jitter = 0.001
jitter = 0.01
jitter = 0.1
jitter = 1.0
jitter = 10.0
jitter is too large, output random predictions
jitter = 1e-07
jitter = 1e-06
jitter = 9.999999999999999e-06
jitter = 9.999999999999999e-05
jitter = 0.001
jitter = 0.01
jitter = 0.1
jitter = 1.0
jitter = 10.0
jitter is too large, output random predictions
jitter = 1e-07
jitter = 1e-06
jitter = 9.999999999999999e-06
jitter = 9.999999999999999e-05
jitter = 0.001
jitter = 0.01
jitter = 0.1
jitter = 1.0
jitter = 10.0
jitter is too large, output random predictions
jitter = 1e-07
jitter = 1e-06
jitter = 9.999999999999999e-06
jitter = 9.999999999999999e-05
jitter = 0.001
jitter = 0.01
jitter = 0.1
jitter = 1.0
jitter = 10.0
jitter is too large, output random predictions
jitter = 1e-07
jitter = 1e-06
jitter = 9.999999999999999e-06
jitter = 9.999999999999999e-05
jitter = 0.001
jitter = 0.01
jitter = 0.1
jitter = 1.0
jitter = 10.0
jitter is too large, output random predictions
jitter = 1e-07
jitter = 1e-06
jitter = 9.999999999999999e-06
jitter = 9.999999999999999e-05
jitter = 0.001
jitter = 0.01
jitter = 0.1
jitter = 1.0
jitter = 10.0
jitter is too large, output random predictions
jitter = 1e-07
jitter = 1e-06
jitter = 9.999999999999999e-06
jitter = 9.999999999999999e-05
jitter = 0.001
jitter = 0.01
jitter = 0.1
jitter = 1.0
jitter = 10.0
jitter is too large, output random predictions
jitter = 1e-07
jitter = 1e-06
jitter = 9.999999999999999e-06
jitter = 9.999999999999999e-05
jitter = 0.001
jitter = 0.01
jitter = 0.1
jitter = 1.0
jitter = 10.0
jitter is too large, output random predictions
jitter = 1e-07
jitter = 1e-06
jitter = 9.999999999999999e-06
jitter = 9.999999999999999e-05
jitter = 0.001
jitter = 0.01
jitter = 0.1
jitter = 1.0
jitter = 10.0
  tpe_penult_mo    caco2_random outer003  48 trials   396.7s
  hebo_penult_mo   caco2_random outer002  48 trials   726.1s
  tpe_hess_mo      caco2_random outer003  48 trials   237.1s
  hebo_fg_mo       caco2_random outer003  48 trials   624.2s
  tpe_val          caco2_random outer004  48 trials   245.4s
  hebo_penult_mo   caco2_random outer003  48 trials   608.8s
  random_val       caco2_random outer004  48 trials   272.4s
  tpe_fg_mo        caco2_random outer004  48 trials   342.0s
  hebo_val         caco2_random outer004  48 trials   408.4s
  hebo_hess_mo     caco2_random outer003  48 trials   522.2s
  tpe_hess_mo      caco2_random outer004  48 trials   324.7s
  tpe_penult_mo    caco2_random outer004  48 trials   396.0s
  random_val       caco2_random outer005  48 trials   275.6s
  hebo_fg_mo       caco2_random outer004  48 trials   594.9s
  tpe_val          caco2_random outer005  48 trials   238.4s
  hebo_hess_mo     caco2_random outer004  48 trials   587.4s
  tpe_hess_mo      caco2_random outer005  48 trials   214.1s
  hebo_val         caco2_random outer005  48 trials   443.6s
  hebo_penult_mo   caco2_random outer004  48 trials   694.7s
  tpe_fg_mo        caco2_random outer005  48 trials   364.6s
  tpe_penult_mo    caco2_random outer005  48 trials   446.1s
  random_val       caco2_random outer006  48 trials   271.2s
  tpe_val          caco2_random outer006  48 trials   317.3s
  hebo_fg_mo       caco2_random outer005  48 trials   640.7s
  hebo_penult_mo   caco2_random outer005  48 trials   678.5s
  tpe_fg_mo        caco2_random outer006  48 trials   427.7s
  hebo_val         caco2_random outer006  48 trials   463.3s
  hebo_hess_mo     caco2_random outer005  48 trials   602.1s
  tpe_hess_mo      caco2_random outer006  48 trials   262.4s
  tpe_penult_mo    caco2_random outer006  48 trials   414.1s
  tpe_val          caco2_random outer007  48 trials   232.8s
  random_val       caco2_random outer007  48 trials   293.2s
  hebo_fg_mo       caco2_random outer006  48 trials   594.8s
  hebo_val         caco2_random outer007  48 trials   416.8s
  tpe_fg_mo        caco2_random outer007  48 trials   340.0s
  hebo_hess_mo     caco2_random outer006  48 trials   569.3s
  hebo_penult_mo   caco2_random outer006  48 trials   713.9s
  tpe_hess_mo      caco2_random outer007  48 trials   269.7s
  tpe_penult_mo    caco2_random outer007  48 trials   369.0s
  random_val       caco2_random outer008  48 trials   271.7s
  hebo_fg_mo       caco2_random outer007  48 trials   595.8s
  hebo_penult_mo   caco2_random outer007  48 trials   589.3s
  hebo_val         caco2_random outer008  48 trials   320.6s
  tpe_val          caco2_random outer008  48 trials   415.3s
  tpe_fg_mo        caco2_random outer008  48 trials   383.1s
  hebo_hess_mo     caco2_random outer007  48 trials   537.8s
  tpe_penult_mo    caco2_random outer008  48 trials   415.0s
  hebo_fg_mo       caco2_random outer008  48 trials   606.5s
  random_val       caco2_random outer009  48 trials   326.5s
  tpe_hess_mo      caco2_random outer008  48 trials   426.7s
  tpe_val          caco2_random outer009  48 trials   357.8s
  hebo_penult_mo   caco2_random outer008  48 trials   683.4s
  hebo_val         caco2_random outer009  48 trials   483.2s
  hebo_hess_mo     caco2_random outer008  48 trials   622.5s
  tpe_fg_mo        caco2_random outer009  48 trials   402.4s
  tpe_hess_mo      caco2_random outer009  48 trials   262.2s
  tpe_penult_mo    caco2_random outer009  48 trials   410.4s
  random_val       caco2_random outer010  48 trials   314.6s
  tpe_val          caco2_random outer010  48 trials   353.7s
  tpe_fg_mo        caco2_random outer010  48 trials   303.0s
  hebo_fg_mo       caco2_random outer009  48 trials   723.1s
  hebo_penult_mo   caco2_random outer009  48 trials   709.6s
  hebo_val         caco2_random outer010  48 trials   439.6s
  hebo_hess_mo     caco2_random outer009  48 trials   592.4s
  tpe_hess_mo      caco2_random outer010  48 trials   226.3s
  tpe_penult_mo    caco2_random outer010  48 trials   318.4s
  hebo_fg_mo       caco2_random outer010  48 trials   564.9s
  hebo_penult_mo   caco2_random outer010  48 trials   475.2s
  hebo_hess_mo     caco2_random outer010  48 trials   389.6s

Compiled modules for significant speedup can not be used!
https://pymoo.org/installation.html#installation

To disable this warning:
from pymoo.config import Config
Config.warnings['not_compiled'] = False

jitter = 1e-07
jitter = 1e-06
jitter = 9.999999999999999e-06
jitter = 9.999999999999999e-05
jitter = 1e-07
jitter = 1e-06
jitter = 1e-07
jitter = 1e-06
jitter = 9.999999999999999e-06
jitter = 1e-07
jitter = 1e-06
jitter = 9.999999999999999e-06
jitter = 9.999999999999999e-05
jitter = 1e-07
jitter = 1e-06
jitter = 9.999999999999999e-06
jitter = 9.999999999999999e-05
jitter = 1e-07
jitter = 1e-06
jitter = 9.999999999999999e-06
jitter = 9.999999999999999e-05
jitter = 1e-07
jitter = 1e-06
jitter = 9.999999999999999e-06
jitter = 9.999999999999999e-05
jitter = 1e-07
jitter = 1e-06
jitter = 9.999999999999999e-06
jitter = 9.999999999999999e-05
jitter = 0.001

Compiled modules for significant speedup can not be used!
https://pymoo.org/installation.html#installation

To disable this warning:
from pymoo.config import Config
Config.warnings['not_compiled'] = False


Compiled modules for significant speedup can not be used!
https://pymoo.org/installation.html#installation

To disable this warning:
from pymoo.config import Config
Config.warnings['not_compiled'] = False

jitter = 1e-07
jitter = 1e-06

Compiled modules for significant speedup can not be used!
https://pymoo.org/installation.html#installation

To disable this warning:
from pymoo.config import Config
Config.warnings['not_compiled'] = False

jitter = 1e-07
jitter = 1e-06
jitter = 9.999999999999999e-06

Compiled modules for significant speedup can not be used!
https://pymoo.org/installation.html#installation

To disable this warning:
from pymoo.config import Config
Config.warnings['not_compiled'] = False

jitter = 1e-07
jitter = 1e-06
jitter = 1e-07
jitter = 1e-06
jitter = 1e-07
jitter = 1e-06
jitter = 9.999999999999999e-06
jitter = 1e-07
jitter = 1e-06
jitter = 9.999999999999999e-06
jitter = 1e-07
jitter = 1e-06
jitter = 1e-07
jitter = 1e-06
jitter = 1e-07
jitter = 1e-06
jitter = 9.999999999999999e-06
jitter = 1e-07
jitter = 1e-06
jitter = 9.999999999999999e-06
jitter = 1e-07
jitter = 1e-06
jitter = 9.999999999999999e-06
jitter = 1e-07
jitter = 1e-06
jitter = 9.999999999999999e-06
jitter = 1e-07
jitter = 1e-06
jitter = 9.999999999999999e-06
jitter = 1e-07
jitter = 1e-06
jitter = 9.999999999999999e-06
jitter = 1e-07
jitter = 1e-06
jitter = 9.999999999999999e-06
jitter = 1e-07
jitter = 1e-06
jitter = 1e-07
jitter = 1e-06
jitter = 9.999999999999999e-06
jitter = 1e-07
jitter = 1e-06
jitter = 9.999999999999999e-06
jitter = 1e-07
jitter = 1e-06
jitter = 9.999999999999999e-06

Compiled modules for significant speedup can not be used!
https://pymoo.org/installation.html#installation

To disable this warning:
from pymoo.config import Config
Config.warnings['not_compiled'] = False

jitter = 1e-07
jitter = 1e-06
jitter = 9.999999999999999e-06
jitter is too large, output random predictions
jitter = 1e-07
jitter = 1e-06
jitter = 9.999999999999999e-06
jitter = 9.999999999999999e-05
jitter = 0.001
jitter = 0.01
jitter = 0.1
jitter = 1.0
jitter = 10.0
jitter is too large, output random predictions
jitter = 1e-07
jitter = 1e-06
jitter = 9.999999999999999e-06
jitter = 9.999999999999999e-05
jitter = 0.001
jitter = 0.01
jitter = 0.1
jitter = 1.0
jitter = 10.0
jitter is too large, output random predictions
jitter = 1e-07
jitter = 1e-06
jitter = 9.999999999999999e-06
jitter = 9.999999999999999e-05
jitter = 0.001
jitter = 0.01
jitter = 0.1
jitter = 1.0
jitter = 10.0
jitter is too large, output random predictions
jitter = 1e-07
jitter = 1e-06
jitter = 9.999999999999999e-06
jitter = 9.999999999999999e-05
jitter = 0.001
jitter = 0.01
jitter = 0.1
jitter = 1.0
jitter = 10.0
jitter is too large, output random predictions
jitter = 1e-07
jitter = 1e-06
jitter = 9.999999999999999e-06
jitter = 9.999999999999999e-05
jitter = 0.001
jitter = 0.01
jitter = 0.1
jitter = 1.0
jitter = 10.0
jitter is too large, output random predictions
jitter = 1e-07
jitter = 1e-06
jitter = 9.999999999999999e-06
jitter = 9.999999999999999e-05
jitter = 0.001
jitter = 0.01
jitter = 0.1
jitter = 1.0
jitter = 10.0
jitter is too large, output random predictions
jitter = 1e-07
jitter = 1e-06
jitter = 9.999999999999999e-06
jitter = 9.999999999999999e-05
jitter = 0.001
jitter = 0.01
jitter = 0.1
jitter = 1.0
jitter = 10.0
jitter is too large, output random predictions
jitter = 1e-07
jitter = 1e-06
jitter = 9.999999999999999e-06
jitter = 9.999999999999999e-05
jitter = 0.001
jitter = 0.01
jitter = 0.1
jitter = 1.0
jitter = 10.0
jitter is too large, output random predictions
jitter = 1e-07
jitter = 1e-06
jitter = 9.999999999999999e-06
jitter = 9.999999999999999e-05
jitter = 0.001
jitter = 0.01
jitter = 0.1
jitter = 1.0
jitter = 10.0
jitter is too large, output random predictions
jitter = 1e-07
jitter = 1e-06
jitter = 9.999999999999999e-06
jitter = 9.999999999999999e-05
jitter = 0.001
jitter = 0.01
jitter = 0.1
jitter = 1.0
jitter = 10.0
jitter is too large, output random predictions
jitter = 1e-07
jitter = 1e-06
jitter = 9.999999999999999e-06
jitter = 9.999999999999999e-05
jitter = 0.001
jitter = 0.01
jitter = 0.1
jitter = 1.0
jitter = 10.0
jitter is too large, output random predictions
jitter = 1e-07
jitter = 1e-06
jitter = 9.999999999999999e-06
jitter = 9.999999999999999e-05
jitter = 0.001
jitter = 0.01
jitter = 0.1
jitter = 1.0
jitter = 10.0
jitter is too large, output random predictions
jitter = 1e-07
jitter = 1e-06
jitter = 9.999999999999999e-06
jitter = 9.999999999999999e-05
jitter = 0.001
jitter = 0.01
jitter = 0.1
jitter = 1.0
jitter = 10.0
jitter is too large, output random predictions
jitter = 1e-07
jitter = 1e-06
jitter = 9.999999999999999e-06
jitter = 9.999999999999999e-05
jitter = 0.001
jitter = 0.01
jitter = 0.1
jitter = 1.0
jitter = 10.0
jitter is too large, output random predictions
jitter = 1e-07
jitter = 1e-06
jitter = 9.999999999999999e-06
jitter = 9.999999999999999e-05
jitter = 0.001
jitter = 0.01
jitter = 0.1
jitter = 1.0
jitter = 10.0
jitter is too large, output random predictions
jitter = 1e-07
jitter = 1e-06
jitter = 9.999999999999999e-06
jitter = 9.999999999999999e-05
jitter = 0.001
jitter = 0.01
jitter = 0.1
jitter = 1.0
jitter = 10.0
jitter is too large, output random predictions
jitter = 1e-07
jitter = 1e-06
jitter = 9.999999999999999e-06
jitter = 9.999999999999999e-05
jitter = 0.001
jitter = 0.01
jitter = 0.1
jitter = 1.0
jitter = 10.0
jitter is too large, output random predictions
jitter = 1e-07
jitter = 1e-06
jitter = 9.999999999999999e-06
jitter = 9.999999999999999e-05
jitter = 0.001
jitter = 0.01
jitter = 0.1
jitter = 1.0
jitter = 10.0
jitter is too large, output random predictions
jitter = 1e-07
jitter = 1e-06
jitter = 9.999999999999999e-06
jitter = 9.999999999999999e-05
jitter = 0.001
jitter = 0.01
jitter = 0.1
jitter = 1.0
jitter = 10.0
jitter is too large, output random predictions
jitter = 1e-07
jitter = 1e-06
jitter = 9.999999999999999e-06
jitter = 9.999999999999999e-05
jitter = 0.001
jitter = 0.01
jitter = 0.1
jitter = 1.0
jitter = 10.0
jitter is too large, output random predictions
jitter = 1e-07
jitter = 1e-06
jitter = 9.999999999999999e-06
jitter = 9.999999999999999e-05
jitter = 0.001
jitter = 0.01
jitter = 0.1
jitter = 1.0
jitter = 10.0
jitter is too large, output random predictions
jitter = 1e-07
jitter = 1e-06
jitter = 9.999999999999999e-06
jitter = 9.999999999999999e-05
jitter = 0.001
jitter = 0.01
jitter = 0.1
jitter = 1.0
jitter = 10.0
jitter is too large, output random predictions
jitter = 1e-07
jitter = 1e-06
jitter = 9.999999999999999e-06
jitter = 9.999999999999999e-05
jitter = 0.001
jitter = 0.01
jitter = 0.1
jitter = 1.0
jitter = 10.0
jitter is too large, output random predictions
jitter = 1e-07
jitter = 1e-06
jitter = 9.999999999999999e-06
jitter = 9.999999999999999e-05
jitter = 0.001
jitter = 0.01
jitter = 0.1
jitter = 1.0
jitter = 10.0
jitter is too large, output random predictions
jitter = 1e-07
jitter = 1e-06
jitter = 9.999999999999999e-06
jitter = 9.999999999999999e-05
jitter = 0.001
jitter = 0.01
jitter = 0.1
jitter = 1.0
jitter = 10.0
jitter is too large, output random predictions
jitter = 1e-07
jitter = 1e-06
jitter = 9.999999999999999e-06
jitter = 9.999999999999999e-05
jitter = 0.001
jitter = 0.01
jitter = 0.1
jitter = 1.0
jitter = 10.0
jitter is too large, output random predictions
jitter = 1e-07
jitter = 1e-06
jitter = 9.999999999999999e-06
jitter = 9.999999999999999e-05
jitter = 0.001
jitter = 0.01
jitter = 0.1
jitter = 1.0
jitter = 10.0
jitter is too large, output random predictions
jitter = 1e-07
jitter = 1e-06
jitter = 9.999999999999999e-06
jitter = 9.999999999999999e-05
jitter = 0.001
jitter = 0.01
jitter = 0.1
jitter = 1.0
jitter = 10.0
jitter is too large, output random predictions
jitter = 1e-07
jitter = 1e-06
jitter = 9.999999999999999e-06
jitter = 9.999999999999999e-05
jitter = 0.001
jitter = 0.01
jitter = 0.1
jitter = 1.0
jitter = 10.0
jitter is too large, output random predictions
jitter = 1e-07
jitter = 1e-06
jitter = 9.999999999999999e-06
jitter = 9.999999999999999e-05
jitter = 0.001
jitter = 0.01
jitter = 0.1
jitter = 1.0
jitter = 10.0
jitter is too large, output random predictions
jitter = 1e-07
jitter = 1e-06
jitter = 9.999999999999999e-06
jitter = 9.999999999999999e-05
jitter = 0.001
jitter = 0.01
jitter = 0.1
jitter = 1.0
jitter = 10.0
jitter is too large, output random predictions
jitter = 1e-07
jitter = 1e-06
jitter = 9.999999999999999e-06
jitter = 9.999999999999999e-05
jitter = 0.001
jitter = 0.01
jitter = 0.1
jitter = 1.0
jitter = 10.0
jitter is too large, output random predictions
jitter = 1e-07
jitter = 1e-06
jitter = 9.999999999999999e-06
jitter = 9.999999999999999e-05
jitter = 0.001
jitter = 0.01
jitter = 0.1
jitter = 1.0
jitter = 10.0
jitter is too large, output random predictions
jitter = 1e-07
jitter = 1e-06
jitter = 9.999999999999999e-06
jitter = 9.999999999999999e-05
jitter = 0.001
jitter = 0.01
jitter = 0.1
jitter = 1.0
jitter = 10.0
jitter is too large, output random predictions
jitter = 1e-07
jitter = 1e-06
jitter = 9.999999999999999e-06
jitter = 9.999999999999999e-05
jitter = 0.001
jitter = 0.01
jitter = 0.1
jitter = 1.0
jitter = 10.0
jitter is too large, output random predictions
jitter = 1e-07
jitter = 1e-06
jitter = 9.999999999999999e-06
jitter = 9.999999999999999e-05
jitter = 0.001
jitter = 0.01
jitter = 0.1
jitter = 1.0
jitter = 10.0
jitter is too large, output random predictions
jitter = 1e-07
jitter = 1e-06
jitter = 9.999999999999999e-06
jitter = 9.999999999999999e-05
jitter = 0.001
jitter = 0.01
jitter = 0.1
jitter = 1.0
jitter = 10.0
jitter is too large, output random predictions
jitter = 1e-07
jitter = 1e-06
jitter = 9.999999999999999e-06
jitter = 9.999999999999999e-05
jitter = 0.001
jitter = 0.01
jitter = 0.1
jitter = 1.0
jitter = 10.0
jitter is too large, output random predictions
jitter = 1e-07
jitter = 1e-06
jitter = 9.999999999999999e-06
jitter = 9.999999999999999e-05
jitter = 0.001
jitter = 0.01
jitter = 0.1
jitter = 1.0
jitter = 10.0
jitter is too large, output random predictions
jitter = 1e-07
jitter = 1e-06
jitter = 9.999999999999999e-06
jitter = 9.999999999999999e-05
jitter = 0.001
jitter = 0.01
jitter = 0.1
jitter = 1.0
jitter = 10.0
jitter is too large, output random predictions
jitter = 1e-07
jitter = 1e-06
jitter = 9.999999999999999e-06
jitter = 9.999999999999999e-05
jitter = 0.001
jitter = 0.01
jitter = 0.1
jitter = 1.0
jitter = 10.0
jitter is too large, output random predictions
jitter = 1e-07
jitter = 1e-06
jitter = 9.999999999999999e-06
jitter = 9.999999999999999e-05
jitter = 0.001
jitter = 0.01
jitter = 0.1
jitter = 1.0
jitter = 10.0
jitter is too large, output random predictions
jitter = 1e-07
jitter = 1e-06
jitter = 9.999999999999999e-06
jitter = 9.999999999999999e-05
jitter = 0.001
jitter = 0.01
jitter = 0.1
jitter = 1.0
jitter = 10.0
jitter is too large, output random predictions
jitter = 1e-07
jitter = 1e-06
jitter = 9.999999999999999e-06
jitter = 9.999999999999999e-05
jitter = 0.001
jitter = 0.01
jitter = 0.1
jitter = 1.0
jitter = 10.0
jitter is too large, output random predictions
jitter = 1e-07
jitter = 1e-06
jitter = 9.999999999999999e-06
jitter = 9.999999999999999e-05
jitter = 0.001
jitter = 0.01
jitter = 0.1
jitter = 1.0
jitter = 10.0
jitter is too large, output random predictions
jitter = 1e-07
jitter = 1e-06
jitter = 9.999999999999999e-06
jitter = 9.999999999999999e-05
jitter = 0.001
jitter = 0.01
jitter = 0.1
jitter = 1.0
jitter = 10.0
jitter is too large, output random predictions
jitter = 1e-07
jitter = 1e-06
jitter = 9.999999999999999e-06
jitter = 9.999999999999999e-05
jitter = 0.001
jitter = 0.01
jitter = 0.1
jitter = 1.0
jitter = 10.0
jitter is too large, output random predictions
jitter = 1e-07
jitter = 1e-06
jitter = 9.999999999999999e-06
jitter = 9.999999999999999e-05
jitter = 0.001
jitter = 0.01
jitter = 0.1
jitter = 1.0
jitter = 10.0
jitter is too large, output random predictions
jitter = 1e-07
jitter = 1e-06
jitter = 9.999999999999999e-06
jitter = 9.999999999999999e-05
jitter = 0.001
jitter = 0.01
jitter = 0.1
jitter = 1.0
jitter = 10.0
jitter is too large, output random predictions
jitter = 1e-07
jitter = 1e-06
jitter = 9.999999999999999e-06
jitter = 9.999999999999999e-05
jitter = 0.001
jitter = 0.01
jitter = 0.1
jitter = 1.0
jitter = 10.0
jitter is too large, output random predictions
jitter = 1e-07
jitter = 1e-06
jitter = 9.999999999999999e-06
jitter = 9.999999999999999e-05
jitter = 0.001
jitter = 0.01
jitter = 0.1
jitter = 1.0
jitter = 10.0
jitter is too large, output random predictions
jitter = 1e-07
jitter = 1e-06
jitter = 9.999999999999999e-06
jitter = 9.999999999999999e-05
jitter = 0.001
jitter = 0.01
jitter = 0.1
jitter = 1.0
jitter = 10.0
jitter is too large, output random predictions
jitter = 1e-07
jitter = 1e-06
jitter = 9.999999999999999e-06
jitter = 9.999999999999999e-05
jitter = 0.001
jitter = 0.01
jitter = 0.1
jitter = 1.0
jitter = 10.0
jitter is too large, output random predictions
jitter = 1e-07
jitter = 1e-06
jitter = 9.999999999999999e-06
jitter = 9.999999999999999e-05
jitter = 0.001
jitter = 0.01
jitter = 0.1
jitter = 1.0
jitter = 10.0
jitter is too large, output random predictions
jitter = 1e-07
jitter = 1e-06
jitter = 9.999999999999999e-06
jitter = 9.999999999999999e-05
jitter = 0.001
jitter = 0.01
jitter = 0.1
jitter = 1.0
jitter = 10.0
jitter is too large, output random predictions
jitter = 1e-07
jitter = 1e-06
jitter = 9.999999999999999e-06
jitter = 9.999999999999999e-05
jitter = 0.001
jitter = 0.01
jitter = 0.1
jitter = 1.0
jitter = 10.0
jitter is too large, output random predictions
jitter = 1e-07
jitter = 1e-06
jitter = 9.999999999999999e-06
jitter = 9.999999999999999e-05
jitter = 0.001
jitter = 0.01
jitter = 0.1
jitter = 1.0
jitter = 10.0
jitter is too large, output random predictions
jitter = 1e-07
jitter = 1e-06
jitter = 9.999999999999999e-06
jitter = 9.999999999999999e-05
jitter = 0.001
jitter = 0.01
jitter = 0.1
jitter = 1.0
jitter = 10.0
jitter is too large, output random predictions
jitter = 1e-07
jitter = 1e-06
jitter = 9.999999999999999e-06
jitter = 9.999999999999999e-05
jitter = 0.001
jitter = 0.01
jitter = 0.1
jitter = 1.0
jitter = 10.0
jitter is too large, output random predictions
jitter = 1e-07
jitter = 1e-06
jitter = 9.999999999999999e-06
jitter = 1e-07
jitter = 1e-06
jitter = 9.999999999999999e-06
jitter = 1e-07
jitter = 1e-06
jitter = 9.999999999999999e-06
jitter = 1e-07
jitter = 1e-06
jitter = 9.999999999999999e-06
jitter = 1e-07
jitter = 1e-06
jitter = 9.999999999999999e-06
jitter = 1e-07
jitter = 1e-06
jitter = 1e-07
jitter = 1e-06
jitter = 9.999999999999999e-06
jitter = 1e-07
jitter = 1e-06
jitter = 1e-07
jitter = 1e-06
jitter = 9.999999999999999e-06
jitter = 1e-07
jitter = 1e-06
jitter = 1e-07
jitter = 1e-06
jitter = 1e-07
jitter = 1e-06
jitter = 1e-07
jitter = 1e-06
jitter = 1e-07
jitter = 1e-06
jitter = 9.999999999999999e-06
jitter = 1e-07
jitter = 1e-06
jitter = 1e-07
jitter = 1e-06
jitter = 9.999999999999999e-06
jitter = 1e-07
jitter = 1e-06
jitter = 9.999999999999999e-06
jitter = 1e-07
jitter = 1e-06
jitter = 9.999999999999999e-06
jitter = 1e-07
jitter = 1e-06
jitter = 1e-07
jitter = 1e-06
jitter = 1e-07
jitter = 1e-06
jitter = 9.999999999999999e-06
jitter = 1e-07
jitter = 1e-06
jitter = 9.999999999999999e-06

Compiled modules for significant speedup can not be used!
https://pymoo.org/installation.html#installation

To disable this warning:
from pymoo.config import Config
Config.warnings['not_compiled'] = False

jitter = 1e-07
jitter = 1e-06
done in 84.3 min
--- caco2_random done (18:50:18) ---
wrote results_icbinb/summaries/RESULTS_MASTER.md

==============================================================
POST-HOC 1B: caco2_scaffold   (2026-08-22 18:50:25)
==============================================================
Phase 1B: 90 jobs (90 to run) x 48 trials, workers=8
jitter = 1e-07
jitter = 1e-06
jitter = 9.999999999999999e-06
jitter = 9.999999999999999e-05
jitter = 0.001
jitter = 0.01
jitter = 0.1
jitter = 1.0
jitter = 10.0
jitter is too large, give up fitting GP
jitter = 1e-07
jitter = 1e-06
jitter = 9.999999999999999e-06
jitter = 9.999999999999999e-05
jitter = 0.001
jitter = 0.01
jitter = 0.1
jitter = 1.0
jitter = 10.0
jitter is too large, give up fitting GP
jitter = 1e-07
jitter = 1e-06
jitter = 9.999999999999999e-06
jitter = 9.999999999999999e-05
jitter = 0.001
jitter = 0.01
jitter = 0.1
jitter = 1.0
jitter = 10.0
jitter is too large, give up fitting GP
jitter = 1e-07
jitter = 1e-06
jitter = 9.999999999999999e-06
jitter = 9.999999999999999e-05
jitter = 0.001
jitter = 0.01
jitter = 0.1
jitter = 1.0
jitter = 10.0
jitter is too large, give up fitting GP
jitter = 1e-07
jitter = 1e-06
jitter = 9.999999999999999e-06
jitter = 9.999999999999999e-05
jitter = 0.001
jitter = 0.01
jitter = 0.1
jitter = 1.0
jitter = 10.0
jitter is too large, give up fitting GP
jitter = 1e-07
jitter = 1e-06
jitter = 9.999999999999999e-06
jitter = 9.999999999999999e-05
jitter = 0.001
jitter = 0.01
jitter = 0.1
jitter = 1.0
jitter = 10.0
jitter is too large, give up fitting GP
jitter = 1e-07
jitter = 1e-06
jitter = 9.999999999999999e-06
jitter = 9.999999999999999e-05
jitter = 0.001
jitter = 0.01
jitter = 0.1
jitter = 1.0
jitter = 10.0
jitter is too large, give up fitting GP
jitter = 1e-07
jitter = 1e-06
jitter = 9.999999999999999e-06
jitter = 9.999999999999999e-05
jitter = 0.001
jitter = 0.01
jitter = 0.1
jitter = 1.0
jitter = 10.0
jitter is too large, give up fitting GP
jitter = 1e-07
jitter = 1e-06
jitter = 9.999999999999999e-06
jitter = 9.999999999999999e-05
jitter = 0.001
jitter = 0.01
jitter = 0.1
jitter = 1.0
jitter = 10.0
jitter is too large, give up fitting GP
jitter = 1e-07
jitter = 1e-06
jitter = 9.999999999999999e-06
jitter = 9.999999999999999e-05
jitter = 0.001
jitter = 0.01
jitter = 0.1
jitter = 1.0
jitter = 10.0
jitter is too large, give up fitting GP
jitter = 1e-07
jitter = 1e-06
jitter = 9.999999999999999e-06
jitter = 9.999999999999999e-05
jitter = 0.001
jitter = 0.01
jitter = 0.1
jitter = 1.0
jitter = 10.0
jitter is too large, give up fitting GP
jitter = 1e-07
jitter = 1e-06
jitter = 9.999999999999999e-06
jitter = 9.999999999999999e-05
jitter = 0.001
jitter = 0.01
jitter = 0.1
jitter = 1.0
jitter = 10.0
jitter is too large, give up fitting GP
jitter = 1e-07
jitter = 1e-06
jitter = 9.999999999999999e-06
jitter = 9.999999999999999e-05
jitter = 0.001
jitter = 0.01
jitter = 0.1
jitter = 1.0
jitter = 10.0
jitter is too large, give up fitting GP
jitter = 1e-07
jitter = 1e-06
jitter = 9.999999999999999e-06
jitter = 9.999999999999999e-05
jitter = 0.001
jitter = 0.01
jitter = 0.1
jitter = 1.0
jitter = 10.0
jitter is too large, give up fitting GP
jitter = 1e-07
jitter = 1e-06
jitter = 9.999999999999999e-06
jitter = 9.999999999999999e-05
jitter = 0.001
jitter = 0.01
jitter = 0.1
jitter = 1.0
jitter = 10.0
jitter is too large, give up fitting GP
jitter = 1e-07
jitter = 1e-06
jitter = 9.999999999999999e-06
jitter = 9.999999999999999e-05
jitter = 0.001
jitter = 0.01
jitter = 0.1
jitter = 1.0
jitter = 10.0
jitter is too large, give up fitting GP
jitter = 1e-07
jitter = 1e-06
jitter = 9.999999999999999e-06
jitter = 9.999999999999999e-05
jitter = 0.001
jitter = 0.01
jitter = 0.1
jitter = 1.0
jitter = 10.0
jitter is too large, give up fitting GP
jitter = 1e-07
jitter = 1e-06
jitter = 9.999999999999999e-06
jitter = 9.999999999999999e-05
jitter = 0.001
jitter = 0.01
jitter = 0.1
jitter = 1.0
jitter = 10.0
jitter is too large, give up fitting GP
jitter = 1e-07
jitter = 1e-06
jitter = 9.999999999999999e-06
jitter = 9.999999999999999e-05
jitter = 0.001
jitter = 0.01
jitter = 0.1
jitter = 1.0
jitter = 10.0
jitter is too large, give up fitting GP
jitter = 1e-07
jitter = 1e-06
jitter = 9.999999999999999e-06
jitter = 9.999999999999999e-05
jitter = 0.001
jitter = 0.01
jitter = 0.1
jitter = 1.0
jitter = 10.0
jitter is too large, give up fitting GP
jitter = 1e-07
jitter = 1e-06
jitter = 9.999999999999999e-06
jitter = 9.999999999999999e-05
jitter = 0.001
jitter = 0.01
jitter = 0.1
jitter = 1.0
jitter = 10.0
jitter is too large, give up fitting GP
jitter = 1e-07
jitter = 1e-06
jitter = 9.999999999999999e-06
jitter = 9.999999999999999e-05
jitter = 0.001
jitter = 0.01
jitter = 0.1
jitter = 1.0
jitter = 10.0
jitter is too large, give up fitting GP
jitter = 1e-07
jitter = 1e-06
jitter = 9.999999999999999e-06
jitter = 9.999999999999999e-05
jitter = 0.001
jitter = 0.01
jitter = 0.1
jitter = 1.0
jitter = 10.0
jitter is too large, give up fitting GP
jitter = 1e-07
jitter = 1e-06
jitter = 9.999999999999999e-06
jitter = 9.999999999999999e-05
jitter = 0.001
jitter = 0.01
jitter = 0.1
jitter = 1.0
jitter = 10.0
jitter is too large, give up fitting GP
jitter = 1e-07
jitter = 1e-06
jitter = 9.999999999999999e-06
jitter = 9.999999999999999e-05
jitter = 0.001
jitter = 0.01
jitter = 0.1
jitter = 1.0
jitter = 10.0
jitter is too large, give up fitting GP
jitter = 1e-07
jitter = 1e-06
jitter = 9.999999999999999e-06
jitter = 9.999999999999999e-05
jitter = 0.001
jitter = 0.01
jitter = 0.1
jitter = 1.0
jitter = 10.0
jitter is too large, give up fitting GP

Compiled modules for significant speedup can not be used!
https://pymoo.org/installation.html#installation

To disable this warning:
from pymoo.config import Config
Config.warnings['not_compiled'] = False

jitter = 1e-07
jitter = 1e-06
jitter = 9.999999999999999e-06
jitter = 9.999999999999999e-05
jitter = 0.001
jitter = 0.01
jitter = 0.1
jitter = 1.0
jitter = 10.0
jitter is too large, output random predictions
jitter = 1e-07
jitter = 1e-06
jitter = 9.999999999999999e-06
jitter = 9.999999999999999e-05
jitter = 0.001
jitter = 0.01
jitter = 0.1
jitter = 1.0
jitter = 10.0
jitter is too large, output random predictions
jitter = 1e-07
jitter = 1e-06
jitter = 9.999999999999999e-06
jitter = 9.999999999999999e-05
jitter = 0.001
jitter = 0.01
jitter = 0.1
jitter = 1.0
jitter = 10.0
jitter is too large, output random predictions
jitter = 1e-07
jitter = 1e-06
jitter = 9.999999999999999e-06
jitter = 9.999999999999999e-05
jitter = 0.001
jitter = 0.01
jitter = 0.1
jitter = 1.0
jitter = 10.0
jitter is too large, output random predictions
jitter = 1e-07
jitter = 1e-06
jitter = 9.999999999999999e-06
jitter = 9.999999999999999e-05
jitter = 0.001
jitter = 0.01
jitter = 0.1
jitter = 1.0
jitter = 10.0
jitter is too large, output random predictions
jitter = 1e-07
jitter = 1e-06
jitter = 9.999999999999999e-06
jitter = 9.999999999999999e-05
jitter = 0.001
jitter = 0.01
jitter = 0.1
jitter = 1.0
jitter = 10.0
jitter is too large, output random predictions
jitter = 1e-07
jitter = 1e-06
jitter = 9.999999999999999e-06
jitter = 9.999999999999999e-05
jitter = 0.001
jitter = 0.01
jitter = 0.1
jitter = 1.0
jitter = 10.0
jitter is too large, output random predictions
jitter = 1e-07
jitter = 1e-06
jitter = 9.999999999999999e-06
jitter = 9.999999999999999e-05
jitter = 0.001
jitter = 0.01
jitter = 0.1
jitter = 1.0
jitter = 10.0
jitter is too large, output random predictions
jitter = 1e-07
jitter = 1e-06
jitter = 9.999999999999999e-06
jitter = 9.999999999999999e-05
jitter = 0.001
jitter = 0.01
jitter = 0.1
jitter = 1.0
jitter = 10.0
jitter is too large, output random predictions
jitter = 1e-07
jitter = 1e-06
jitter = 9.999999999999999e-06
jitter = 9.999999999999999e-05
jitter = 0.001
jitter = 0.01
jitter = 0.1
jitter = 1.0
jitter = 10.0
jitter is too large, output random predictions
jitter = 1e-07
jitter = 1e-06
jitter = 9.999999999999999e-06
jitter = 9.999999999999999e-05
jitter = 0.001
jitter = 0.01
jitter = 0.1
jitter = 1.0
jitter = 10.0
jitter is too large, output random predictions
jitter = 1e-07
jitter = 1e-06
jitter = 9.999999999999999e-06
jitter = 9.999999999999999e-05
jitter = 0.001
jitter = 0.01
jitter = 0.1
jitter = 1.0
jitter = 10.0
jitter is too large, output random predictions
jitter = 1e-07
jitter = 1e-06
jitter = 9.999999999999999e-06
jitter = 9.999999999999999e-05
jitter = 0.001
jitter = 0.01
jitter = 0.1
jitter = 1.0
jitter = 10.0
jitter is too large, output random predictions
jitter = 1e-07
jitter = 1e-06
jitter = 9.999999999999999e-06
jitter = 9.999999999999999e-05
jitter = 0.001
jitter = 0.01
jitter = 0.1
jitter = 1.0
jitter = 10.0
jitter is too large, output random predictions
jitter = 1e-07
jitter = 1e-06
jitter = 9.999999999999999e-06
jitter = 9.999999999999999e-05
jitter = 0.001
jitter = 0.01
jitter = 0.1
jitter = 1.0
jitter = 10.0
jitter is too large, output random predictions
jitter = 1e-07
jitter = 1e-06
jitter = 9.999999999999999e-06
jitter = 9.999999999999999e-05
jitter = 0.001
jitter = 0.01
jitter = 0.1
jitter = 1.0
jitter = 10.0
jitter is too large, output random predictions
jitter = 1e-07
jitter = 1e-06
jitter = 9.999999999999999e-06
jitter = 9.999999999999999e-05
jitter = 0.001
jitter = 0.01
jitter = 0.1
jitter = 1.0
jitter = 10.0
jitter is too large, output random predictions
jitter = 1e-07
jitter = 1e-06
jitter = 9.999999999999999e-06
jitter = 9.999999999999999e-05
jitter = 0.001
jitter = 0.01
jitter = 0.1
jitter = 1.0
jitter = 10.0
jitter is too large, output random predictions
jitter = 1e-07
jitter = 1e-06
jitter = 9.999999999999999e-06
jitter = 9.999999999999999e-05
jitter = 0.001
jitter = 0.01
jitter = 0.1
jitter = 1.0
jitter = 10.0
jitter is too large, output random predictions
jitter = 1e-07
jitter = 1e-06
jitter = 9.999999999999999e-06
jitter = 9.999999999999999e-05
jitter = 0.001
jitter = 0.01
jitter = 0.1
jitter = 1.0
jitter = 10.0
jitter is too large, output random predictions
jitter = 1e-07
jitter = 1e-06
jitter = 9.999999999999999e-06
jitter = 9.999999999999999e-05
jitter = 0.001
jitter = 0.01
jitter = 0.1
jitter = 1.0
jitter = 10.0
jitter is too large, output random predictions
jitter = 1e-07
jitter = 1e-06
jitter = 9.999999999999999e-06
jitter = 9.999999999999999e-05
jitter = 0.001
jitter = 0.01
jitter = 0.1
jitter = 1.0
jitter = 10.0
jitter is too large, output random predictions
jitter = 1e-07
jitter = 1e-06
jitter = 9.999999999999999e-06
jitter = 9.999999999999999e-05
jitter = 0.001
jitter = 0.01
jitter = 0.1
jitter = 1.0
jitter = 10.0
jitter is too large, output random predictions
jitter = 1e-07
jitter = 1e-06
jitter = 9.999999999999999e-06
jitter = 9.999999999999999e-05
jitter = 0.001
jitter = 0.01
jitter = 0.1
jitter = 1.0
jitter = 10.0
jitter is too large, output random predictions
jitter = 1e-07
jitter = 1e-06
jitter = 9.999999999999999e-06
jitter = 9.999999999999999e-05
jitter = 0.001
jitter = 0.01
jitter = 0.1
jitter = 1.0
jitter = 10.0
jitter is too large, output random predictions
jitter = 1e-07
jitter = 1e-06
jitter = 9.999999999999999e-06
jitter = 9.999999999999999e-05
jitter = 0.001
jitter = 0.01
jitter = 0.1
jitter = 1.0
jitter = 10.0
jitter is too large, output random predictions
jitter = 1e-07
jitter = 1e-06
jitter = 9.999999999999999e-06
jitter = 9.999999999999999e-05
jitter = 0.001
jitter = 0.01
jitter = 0.1
jitter = 1.0
jitter = 10.0
jitter is too large, output random predictions
jitter = 1e-07
jitter = 1e-06
jitter = 9.999999999999999e-06
jitter = 9.999999999999999e-05
jitter = 0.001
jitter = 0.01
jitter = 0.1
jitter = 1.0
jitter = 10.0
jitter is too large, output random predictions
jitter = 1e-07
jitter = 1e-06
jitter = 9.999999999999999e-06
jitter = 9.999999999999999e-05
jitter = 0.001
jitter = 0.01
jitter = 0.1
jitter = 1.0
jitter = 10.0
jitter is too large, output random predictions
jitter = 1e-07
jitter = 1e-06
jitter = 9.999999999999999e-06
jitter = 9.999999999999999e-05
jitter = 0.001
jitter = 0.01
jitter = 0.1
jitter = 1.0
jitter = 10.0
jitter is too large, output random predictions
jitter = 1e-07
jitter = 1e-06
jitter = 9.999999999999999e-06
jitter = 9.999999999999999e-05
jitter = 0.001
jitter = 0.01
jitter = 0.1
jitter = 1.0
jitter = 10.0
jitter is too large, output random predictions
jitter = 1e-07
jitter = 1e-06
jitter = 9.999999999999999e-06
jitter = 9.999999999999999e-05
jitter = 0.001
jitter = 0.01
jitter = 0.1
jitter = 1.0
jitter = 10.0
jitter is too large, output random predictions
jitter = 1e-07
jitter = 1e-06
jitter = 9.999999999999999e-06
jitter = 9.999999999999999e-05
jitter = 0.001
jitter = 0.01
jitter = 0.1
jitter = 1.0
jitter = 10.0
jitter is too large, output random predictions
jitter = 1e-07
jitter = 1e-06
jitter = 9.999999999999999e-06
jitter = 9.999999999999999e-05
jitter = 0.001
jitter = 0.01
jitter = 0.1
jitter = 1.0
jitter = 10.0
jitter is too large, output random predictions
jitter = 1e-07
jitter = 1e-06
jitter = 9.999999999999999e-06
jitter = 9.999999999999999e-05
jitter = 0.001
jitter = 0.01
jitter = 0.1
jitter = 1.0
jitter = 10.0
jitter is too large, output random predictions
jitter = 1e-07
jitter = 1e-06
jitter = 9.999999999999999e-06
jitter = 9.999999999999999e-05
jitter = 0.001
jitter = 0.01
jitter = 0.1
jitter = 1.0
jitter = 10.0
jitter is too large, output random predictions
jitter = 1e-07
jitter = 1e-06
jitter = 9.999999999999999e-06
jitter = 9.999999999999999e-05
jitter = 0.001
jitter = 0.01
jitter = 0.1
jitter = 1.0
jitter = 10.0
jitter is too large, output random predictions
jitter = 1e-07
jitter = 1e-06
jitter = 9.999999999999999e-06
jitter = 9.999999999999999e-05
jitter = 0.001
jitter = 0.01
jitter = 0.1
jitter = 1.0
jitter = 10.0
jitter is too large, output random predictions
jitter = 1e-07
jitter = 1e-06
jitter = 9.999999999999999e-06
jitter = 9.999999999999999e-05
jitter = 0.001
jitter = 0.01
jitter = 0.1
jitter = 1.0
jitter = 10.0
jitter is too large, output random predictions
jitter = 1e-07
jitter = 1e-06
jitter = 9.999999999999999e-06
jitter = 9.999999999999999e-05
jitter = 0.001
jitter = 0.01
jitter = 0.1
jitter = 1.0
jitter = 10.0
jitter is too large, output random predictions
jitter = 1e-07
jitter = 1e-06
jitter = 9.999999999999999e-06
jitter = 9.999999999999999e-05
jitter = 0.001
jitter = 0.01
jitter = 0.1
jitter = 1.0
jitter = 10.0
jitter is too large, output random predictions
jitter = 1e-07
jitter = 1e-06
jitter = 9.999999999999999e-06
jitter = 9.999999999999999e-05
jitter = 0.001
jitter = 0.01
jitter = 0.1
jitter = 1.0
jitter = 10.0
jitter is too large, output random predictions
jitter = 1e-07
jitter = 1e-06
jitter = 9.999999999999999e-06
jitter = 9.999999999999999e-05
jitter = 0.001
jitter = 0.01
jitter = 0.1
jitter = 1.0
jitter = 10.0
jitter is too large, output random predictions
jitter = 1e-07
jitter = 1e-06
jitter = 9.999999999999999e-06
jitter = 9.999999999999999e-05
jitter = 0.001
jitter = 0.01
jitter = 0.1
jitter = 1.0
jitter = 10.0
jitter is too large, output random predictions
jitter = 1e-07
jitter = 1e-06
jitter = 9.999999999999999e-06
jitter = 9.999999999999999e-05
jitter = 0.001
jitter = 0.01
jitter = 0.1
jitter = 1.0
jitter = 10.0
jitter is too large, output random predictions
jitter = 1e-07
jitter = 1e-06
jitter = 9.999999999999999e-06
jitter = 9.999999999999999e-05
jitter = 0.001
jitter = 0.01
jitter = 0.1
jitter = 1.0
jitter = 10.0
jitter is too large, output random predictions
jitter = 1e-07
jitter = 1e-06
jitter = 9.999999999999999e-06
jitter = 9.999999999999999e-05
jitter = 0.001
jitter = 0.01
jitter = 0.1
jitter = 1.0
jitter = 10.0
jitter is too large, output random predictions
jitter = 1e-07
jitter = 1e-06
jitter = 9.999999999999999e-06
jitter = 9.999999999999999e-05
jitter = 0.001
jitter = 0.01
jitter = 0.1
jitter = 1.0
jitter = 10.0
jitter is too large, output random predictions
jitter = 1e-07
jitter = 1e-06
jitter = 9.999999999999999e-06
jitter = 9.999999999999999e-05
jitter = 0.001
jitter = 0.01
jitter = 0.1
jitter = 1.0
jitter = 10.0
jitter is too large, output random predictions
jitter = 1e-07
jitter = 1e-06
jitter = 9.999999999999999e-06
jitter = 9.999999999999999e-05
jitter = 0.001
jitter = 0.01
jitter = 0.1
jitter = 1.0
jitter = 10.0
jitter is too large, output random predictions
jitter = 1e-07
jitter = 1e-06
jitter = 9.999999999999999e-06
jitter = 9.999999999999999e-05
jitter = 0.001
jitter = 0.01
jitter = 0.1
jitter = 1.0
jitter = 10.0
jitter is too large, output random predictions
jitter = 1e-07
jitter = 1e-06
jitter = 9.999999999999999e-06
jitter = 9.999999999999999e-05
jitter = 0.001
jitter = 0.01
jitter = 0.1
jitter = 1.0
jitter = 10.0
jitter is too large, output random predictions
jitter = 1e-07
jitter = 1e-06
jitter = 9.999999999999999e-06
jitter = 9.999999999999999e-05
jitter = 0.001
jitter = 0.01
jitter = 0.1
jitter = 1.0
jitter = 10.0
jitter is too large, output random predictions
jitter = 1e-07
jitter = 1e-06
jitter = 9.999999999999999e-06
jitter = 9.999999999999999e-05
jitter = 0.001
jitter = 0.01
jitter = 0.1
jitter = 1.0
jitter = 10.0
jitter is too large, output random predictions
jitter = 1e-07
jitter = 1e-06
jitter = 9.999999999999999e-06
jitter = 9.999999999999999e-05
jitter = 0.001
jitter = 0.01
jitter = 0.1
jitter = 1.0
jitter = 10.0
jitter is too large, output random predictions
jitter = 1e-07
jitter = 1e-06
jitter = 9.999999999999999e-06
jitter = 9.999999999999999e-05
jitter = 0.001
jitter = 0.01
jitter = 0.1
jitter = 1.0
jitter = 10.0
jitter is too large, output random predictions
jitter = 1e-07
jitter = 1e-06
jitter = 9.999999999999999e-06
jitter = 9.999999999999999e-05
jitter = 0.001
jitter = 0.01
jitter = 0.1
jitter = 1.0
jitter = 10.0
jitter is too large, output random predictions
jitter = 1e-07
jitter = 1e-06
jitter = 9.999999999999999e-06
jitter = 9.999999999999999e-05
jitter = 0.001
jitter = 0.01
jitter = 0.1
jitter = 1.0
jitter = 10.0
jitter is too large, output random predictions
jitter = 1e-07
jitter = 1e-06
jitter = 9.999999999999999e-06
jitter = 9.999999999999999e-05
jitter = 0.001
jitter = 0.01
jitter = 0.1
jitter = 1.0
jitter = 10.0
jitter is too large, output random predictions
jitter = 1e-07
jitter = 1e-06
jitter = 9.999999999999999e-06
jitter = 9.999999999999999e-05
jitter = 0.001
jitter = 0.01
jitter = 0.1
jitter = 1.0
jitter = 10.0
jitter is too large, output random predictions
jitter = 1e-07
jitter = 1e-06
jitter = 9.999999999999999e-06
jitter = 9.999999999999999e-05
jitter = 0.001
jitter = 0.01
jitter = 0.1
jitter = 1.0
jitter = 10.0
jitter is too large, output random predictions
jitter = 1e-07
jitter = 1e-06
jitter = 9.999999999999999e-06
jitter = 9.999999999999999e-05
jitter = 0.001
jitter = 0.01
jitter = 0.1
jitter = 1.0
jitter = 10.0
jitter is too large, output random predictions
jitter = 1e-07
jitter = 1e-06
jitter = 9.999999999999999e-06
jitter = 9.999999999999999e-05
jitter = 0.001
jitter = 0.01
jitter = 0.1
jitter = 1.0
jitter = 10.0
jitter is too large, output random predictions
jitter = 1e-07
jitter = 1e-06
jitter = 9.999999999999999e-06
jitter = 9.999999999999999e-05
jitter = 0.001
jitter = 0.01
jitter = 0.1
jitter = 1.0
jitter = 10.0
jitter is too large, output random predictions
jitter = 1e-07
jitter = 1e-06
jitter = 9.999999999999999e-06
jitter = 9.999999999999999e-05
jitter = 0.001
jitter = 0.01
jitter = 0.1
jitter = 1.0
jitter = 10.0
jitter is too large, output random predictions
jitter = 1e-07
jitter = 1e-06
jitter = 9.999999999999999e-06
jitter = 9.999999999999999e-05
jitter = 0.001
jitter = 0.01
jitter = 0.1
jitter = 1.0
jitter = 10.0
jitter is too large, output random predictions
jitter = 1e-07
jitter = 1e-06
jitter = 9.999999999999999e-06
jitter = 9.999999999999999e-05
jitter = 0.001
jitter = 0.01
jitter = 0.1
jitter = 1.0
jitter = 10.0
jitter is too large, output random predictions
jitter = 1e-07
jitter = 1e-06
jitter = 9.999999999999999e-06
jitter = 9.999999999999999e-05
jitter = 0.001
jitter = 0.01
jitter = 0.1
jitter = 1.0
jitter = 10.0
jitter is too large, output random predictions
jitter = 1e-07
jitter = 1e-06
jitter = 9.999999999999999e-06
jitter = 9.999999999999999e-05
jitter = 0.001
jitter = 0.01
jitter = 0.1
jitter = 1.0
jitter = 10.0
jitter is too large, output random predictions
jitter = 1e-07
jitter = 1e-06
jitter = 9.999999999999999e-06
jitter = 9.999999999999999e-05
jitter = 0.001
jitter = 0.01
jitter = 0.1
jitter = 1.0
jitter = 10.0
jitter is too large, output random predictions
jitter = 1e-07
jitter = 1e-06
jitter = 9.999999999999999e-06
jitter = 9.999999999999999e-05
jitter = 0.001
jitter = 0.01
jitter = 0.1
jitter = 1.0
jitter = 10.0
jitter is too large, output random predictions
jitter = 1e-07
jitter = 1e-06
jitter = 9.999999999999999e-06
jitter = 9.999999999999999e-05
jitter = 0.001
jitter = 0.01
jitter = 0.1
jitter = 1.0
jitter = 10.0
jitter is too large, output random predictions
jitter = 1e-07
jitter = 1e-06
jitter = 9.999999999999999e-06
jitter = 9.999999999999999e-05
jitter = 0.001
jitter = 0.01
jitter = 0.1
jitter = 1.0
jitter = 10.0
jitter is too large, output random predictions
jitter = 1e-07
jitter = 1e-06
jitter = 9.999999999999999e-06
jitter = 9.999999999999999e-05
jitter = 0.001
jitter = 0.01
jitter = 0.1
jitter = 1.0
jitter = 10.0
jitter is too large, output random predictions
jitter = 1e-07
jitter = 1e-06
jitter = 9.999999999999999e-06
jitter = 9.999999999999999e-05
jitter = 0.001
jitter = 0.01
jitter = 0.1
jitter = 1.0
jitter = 10.0
jitter is too large, output random predictions
jitter = 1e-07
jitter = 1e-06
jitter = 9.999999999999999e-06
jitter = 9.999999999999999e-05
jitter = 0.001
jitter = 0.01
jitter = 0.1
jitter = 1.0
jitter = 10.0
jitter is too large, output random predictions
jitter = 1e-07
jitter = 1e-06
jitter = 9.999999999999999e-06
jitter = 9.999999999999999e-05
jitter = 0.001
jitter = 0.01
jitter = 0.1
jitter = 1.0
jitter = 10.0
jitter is too large, output random predictions
jitter = 1e-07
jitter = 1e-06
jitter = 9.999999999999999e-06
jitter = 9.999999999999999e-05
jitter = 0.001
jitter = 0.01
jitter = 0.1
jitter = 1.0
jitter = 10.0
jitter is too large, output random predictions
jitter = 1e-07
jitter = 1e-06
jitter = 9.999999999999999e-06
jitter = 9.999999999999999e-05
jitter = 0.001
jitter = 0.01
jitter = 0.1
jitter = 1.0
jitter = 10.0
jitter is too large, output random predictions
jitter = 1e-07
jitter = 1e-06
jitter = 9.999999999999999e-06
jitter = 9.999999999999999e-05
jitter = 0.001
jitter = 0.01
jitter = 0.1
jitter = 1.0
jitter = 10.0
jitter is too large, output random predictions
jitter = 1e-07
jitter = 1e-06
jitter = 9.999999999999999e-06
jitter = 9.999999999999999e-05
jitter = 0.001
jitter = 0.01
jitter = 0.1
jitter = 1.0
jitter = 10.0
jitter is too large, output random predictions
jitter = 1e-07
jitter = 1e-06
jitter = 9.999999999999999e-06
jitter = 9.999999999999999e-05
jitter = 0.001
jitter = 0.01
jitter = 0.1
jitter = 1.0
jitter = 10.0
jitter is too large, output random predictions
jitter = 1e-07
jitter = 1e-06
jitter = 9.999999999999999e-06
jitter = 9.999999999999999e-05
jitter = 0.001
jitter = 0.01
jitter = 0.1
jitter = 1.0
jitter = 10.0
jitter is too large, output random predictions
jitter = 1e-07
jitter = 1e-06
jitter = 9.999999999999999e-06
jitter = 9.999999999999999e-05
jitter = 0.001
jitter = 0.01
jitter = 0.1
jitter = 1.0
jitter = 10.0
jitter is too large, output random predictions
jitter = 1e-07
jitter = 1e-06
jitter = 9.999999999999999e-06
jitter = 9.999999999999999e-05
jitter = 0.001
jitter = 0.01
jitter = 0.1
jitter = 1.0
jitter = 10.0
jitter is too large, output random predictions
jitter = 1e-07
jitter = 1e-06
jitter = 9.999999999999999e-06
jitter = 9.999999999999999e-05
jitter = 0.001
jitter = 0.01
jitter = 0.1
jitter = 1.0
jitter = 10.0
jitter is too large, output random predictions
jitter = 1e-07
jitter = 1e-06
jitter = 9.999999999999999e-06
jitter = 9.999999999999999e-05
jitter = 0.001
jitter = 0.01
jitter = 0.1
jitter = 1.0
jitter = 10.0
jitter is too large, output random predictions
jitter = 1e-07
jitter = 1e-06
jitter = 9.999999999999999e-06
jitter = 9.999999999999999e-05
jitter = 0.001
jitter = 0.01
jitter = 0.1
jitter = 1.0
jitter = 10.0
jitter is too large, output random predictions
jitter = 1e-07
jitter = 1e-06
jitter = 9.999999999999999e-06
jitter = 9.999999999999999e-05
jitter = 0.001
jitter = 0.01
jitter = 0.1
jitter = 1.0
jitter = 10.0
jitter is too large, output random predictions
jitter = 1e-07
jitter = 1e-06
jitter = 9.999999999999999e-06
jitter = 9.999999999999999e-05
jitter = 0.001
jitter = 0.01
jitter = 0.1
jitter = 1.0
jitter = 10.0
jitter is too large, output random predictions
jitter = 1e-07
jitter = 1e-06
jitter = 9.999999999999999e-06
jitter = 9.999999999999999e-05
jitter = 0.001
jitter = 0.01
jitter = 0.1
jitter = 1.0
jitter = 10.0
jitter is too large, output random predictions
jitter = 1e-07
jitter = 1e-06
jitter = 9.999999999999999e-06
jitter = 9.999999999999999e-05
jitter = 0.001
jitter = 0.01
jitter = 0.1
jitter = 1.0
jitter = 10.0
jitter is too large, output random predictions
jitter = 1e-07
jitter = 1e-06
jitter = 9.999999999999999e-06
jitter = 9.999999999999999e-05
jitter = 0.001
jitter = 0.01
jitter = 0.1
jitter = 1.0
jitter = 10.0
jitter is too large, output random predictions
jitter = 1e-07
jitter = 1e-06
jitter = 9.999999999999999e-06
jitter = 9.999999999999999e-05
jitter = 0.001
jitter = 0.01
jitter = 0.1
jitter = 1.0
jitter = 10.0
jitter is too large, output random predictions
jitter = 1e-07
jitter = 1e-06
jitter = 9.999999999999999e-06
jitter = 9.999999999999999e-05
jitter = 0.001
jitter = 0.01
jitter = 0.1
jitter = 1.0
jitter = 10.0
jitter is too large, output random predictions
jitter = 1e-07
jitter = 1e-06
jitter = 9.999999999999999e-06
jitter = 9.999999999999999e-05
jitter = 0.001
jitter = 0.01
jitter = 0.1
jitter = 1.0
jitter = 10.0
jitter is too large, output random predictions
jitter = 1e-07
jitter = 1e-06
jitter = 9.999999999999999e-06
jitter = 9.999999999999999e-05
jitter = 0.001
jitter = 0.01
jitter = 0.1
jitter = 1.0
jitter = 10.0
jitter is too large, output random predictions
jitter = 1e-07
jitter = 1e-06
jitter = 9.999999999999999e-06
jitter = 9.999999999999999e-05
jitter = 0.001
jitter = 0.01
jitter = 0.1
jitter = 1.0
jitter = 10.0
jitter is too large, output random predictions
jitter = 1e-07
jitter = 1e-06
jitter = 9.999999999999999e-06
jitter = 9.999999999999999e-05
jitter = 0.001
jitter = 0.01
jitter = 0.1
jitter = 1.0
jitter = 10.0
jitter is too large, output random predictions
jitter = 1e-07
jitter = 1e-06
jitter = 9.999999999999999e-06
jitter = 9.999999999999999e-05
jitter = 0.001
jitter = 0.01
jitter = 0.1
jitter = 1.0
jitter = 10.0
jitter is too large, output random predictions
jitter = 1e-07
jitter = 1e-06
jitter = 9.999999999999999e-06
jitter = 9.999999999999999e-05
jitter = 0.001
jitter = 0.01
jitter = 0.1
jitter = 1.0
jitter = 10.0
jitter is too large, output random predictions
jitter = 1e-07
jitter = 1e-06
jitter = 9.999999999999999e-06
jitter = 9.999999999999999e-05
jitter = 0.001
jitter = 0.01
jitter = 0.1
jitter = 1.0
jitter = 10.0
jitter is too large, output random predictions
jitter = 1e-07
jitter = 1e-06
jitter = 9.999999999999999e-06
jitter = 9.999999999999999e-05
jitter = 0.001
jitter = 0.01
jitter = 0.1
jitter = 1.0
jitter = 10.0
jitter is too large, output random predictions
jitter = 1e-07
jitter = 1e-06
jitter = 9.999999999999999e-06
jitter = 9.999999999999999e-05
jitter = 0.001
jitter = 0.01
jitter = 0.1
jitter = 1.0
jitter = 10.0
jitter is too large, output random predictions
jitter = 1e-07
jitter = 1e-06
jitter = 9.999999999999999e-06
jitter = 9.999999999999999e-05
jitter = 0.001
jitter = 0.01
jitter = 0.1
jitter = 1.0
jitter = 10.0
jitter is too large, output random predictions
jitter = 1e-07
jitter = 1e-06
jitter = 9.999999999999999e-06
jitter = 9.999999999999999e-05
jitter = 0.001
jitter = 0.01
jitter = 0.1
jitter = 1.0
jitter = 10.0
jitter is too large, output random predictions
jitter = 1e-07
jitter = 1e-06
jitter = 9.999999999999999e-06
jitter = 9.999999999999999e-05
jitter = 0.001
jitter = 0.01
jitter = 0.1
jitter = 1.0
jitter = 10.0
jitter is too large, output random predictions
jitter = 1e-07
jitter = 1e-06
jitter = 9.999999999999999e-06
jitter = 9.999999999999999e-05
jitter = 0.001
jitter = 0.01
jitter = 0.1
jitter = 1.0
jitter = 10.0
jitter is too large, output random predictions
jitter = 1e-07
jitter = 1e-06
jitter = 9.999999999999999e-06
jitter = 9.999999999999999e-05
jitter = 0.001
jitter = 0.01
jitter = 0.1
jitter = 1.0
jitter = 10.0
jitter is too large, output random predictions
jitter = 1e-07
jitter = 1e-06
jitter = 9.999999999999999e-06
jitter = 9.999999999999999e-05
jitter = 0.001
jitter = 0.01
jitter = 0.1
jitter = 1.0
jitter = 10.0
jitter is too large, output random predictions
jitter = 1e-07
jitter = 1e-06
jitter = 9.999999999999999e-06
jitter = 9.999999999999999e-05
jitter = 0.001
jitter = 0.01
jitter = 0.1
jitter = 1.0
jitter = 10.0
jitter is too large, output random predictions
jitter = 1e-07
jitter = 1e-06
jitter = 9.999999999999999e-06
jitter = 9.999999999999999e-05
jitter = 0.001
jitter = 0.01
jitter = 0.1
jitter = 1.0
jitter = 10.0
jitter is too large, output random predictions
jitter = 1e-07
jitter = 1e-06
jitter = 9.999999999999999e-06
jitter = 9.999999999999999e-05
jitter = 0.001
jitter = 0.01
jitter = 0.1
jitter = 1.0
jitter = 10.0
jitter is too large, output random predictions
jitter = 1e-07
jitter = 1e-06
jitter = 9.999999999999999e-06
jitter = 9.999999999999999e-05
jitter = 0.001
jitter = 0.01
jitter = 0.1
jitter = 1.0
jitter = 10.0
jitter is too large, output random predictions
jitter = 1e-07
jitter = 1e-06
jitter = 9.999999999999999e-06
jitter = 9.999999999999999e-05
jitter = 0.001
jitter = 0.01
jitter = 0.1
jitter = 1.0
jitter = 10.0
jitter is too large, output random predictions
jitter = 1e-07
jitter = 1e-06
jitter = 9.999999999999999e-06
jitter = 9.999999999999999e-05
jitter = 0.001
jitter = 0.01
jitter = 0.1
jitter = 1.0
jitter = 10.0
jitter is too large, output random predictions
jitter = 1e-07
jitter = 1e-06
jitter = 9.999999999999999e-06
jitter = 9.999999999999999e-05
jitter = 0.001
jitter = 0.01
jitter = 0.1
jitter = 1.0
jitter = 10.0
jitter is too large, output random predictions
jitter = 1e-07
jitter = 1e-06
jitter = 9.999999999999999e-06
jitter = 9.999999999999999e-05
jitter = 0.001
jitter = 0.01
jitter = 0.1
jitter = 1.0
jitter = 10.0
jitter is too large, output random predictions
jitter = 1e-07
jitter = 1e-06
jitter = 9.999999999999999e-06
jitter = 9.999999999999999e-05
jitter = 0.001
jitter = 0.01
jitter = 0.1
jitter = 1.0
jitter = 10.0
jitter is too large, output random predictions
jitter = 1e-07
jitter = 1e-06
jitter = 9.999999999999999e-06
jitter = 9.999999999999999e-05
jitter = 0.001
jitter = 0.01
jitter = 0.1
jitter = 1.0
jitter = 10.0
jitter is too large, output random predictions
jitter = 1e-07
jitter = 1e-06
jitter = 9.999999999999999e-06
jitter = 9.999999999999999e-05
jitter = 0.001
jitter = 0.01
jitter = 0.1
jitter = 1.0
jitter = 10.0
jitter is too large, output random predictions
jitter = 1e-07
jitter = 1e-06
jitter = 9.999999999999999e-06
jitter = 9.999999999999999e-05
jitter = 0.001
jitter = 0.01
jitter = 0.1
jitter = 1.0
jitter = 10.0
jitter is too large, output random predictions
jitter = 1e-07
jitter = 1e-06
jitter = 9.999999999999999e-06
jitter = 9.999999999999999e-05
jitter = 0.001
jitter = 0.01
jitter = 0.1
jitter = 1.0
jitter = 10.0
jitter is too large, output random predictions
jitter = 1e-07
jitter = 1e-06
jitter = 9.999999999999999e-06
jitter = 9.999999999999999e-05
jitter = 0.001
jitter = 0.01
jitter = 0.1
jitter = 1.0
jitter = 10.0
jitter is too large, output random predictions
jitter = 1e-07
jitter = 1e-06
jitter = 9.999999999999999e-06
jitter = 9.999999999999999e-05
jitter = 0.001
jitter = 0.01
jitter = 0.1
jitter = 1.0
jitter = 10.0
jitter is too large, output random predictions
jitter = 1e-07
jitter = 1e-06
jitter = 9.999999999999999e-06
jitter = 9.999999999999999e-05
jitter = 0.001
jitter = 0.01
jitter = 0.1
jitter = 1.0
jitter = 10.0
jitter is too large, output random predictions
jitter = 1e-07
jitter = 1e-06
jitter = 9.999999999999999e-06
jitter = 9.999999999999999e-05
jitter = 0.001
jitter = 0.01
jitter = 0.1
jitter = 1.0
jitter = 10.0
jitter is too large, output random predictions
jitter = 1e-07
jitter = 1e-06
jitter = 9.999999999999999e-06
jitter = 9.999999999999999e-05
jitter = 0.001
jitter = 0.01
jitter = 0.1
jitter = 1.0
jitter = 10.0
jitter is too large, output random predictions
jitter = 1e-07
jitter = 1e-06
jitter = 9.999999999999999e-06
jitter = 9.999999999999999e-05
jitter = 0.001
jitter = 0.01
jitter = 0.1
jitter = 1.0
jitter = 10.0
jitter is too large, output random predictions
jitter = 1e-07
jitter = 1e-06
jitter = 9.999999999999999e-06
jitter = 9.999999999999999e-05
jitter = 0.001
jitter = 0.01
jitter = 0.1
jitter = 1.0
jitter = 10.0
jitter is too large, output random predictions
jitter = 1e-07
jitter = 1e-06
jitter = 9.999999999999999e-06
jitter = 9.999999999999999e-05
jitter = 0.001
jitter = 0.01
jitter = 0.1
jitter = 1.0
jitter = 10.0
jitter is too large, output random predictions
jitter = 1e-07
jitter = 1e-06
  random_val       caco2_scaffold outer001  48 trials   285.7s
  tpe_hess_mo      caco2_scaffold outer001  48 trials   292.8s
  tpe_val          caco2_scaffold outer001  48 trials   319.6s
  tpe_penult_mo    caco2_scaffold outer001  48 trials   343.1s
  tpe_fg_mo        caco2_scaffold outer001  48 trials   379.6s
  hebo_val         caco2_scaffold outer001  48 trials   379.9s

Compiled modules for significant speedup can not be used!
https://pymoo.org/installation.html#installation

To disable this warning:
from pymoo.config import Config
Config.warnings['not_compiled'] = False

  random_val       caco2_scaffold outer002  48 trials   238.6s
  tpe_val          caco2_scaffold outer002  48 trials   333.1s
  hebo_val         caco2_scaffold outer002  48 trials   353.2s

Compiled modules for significant speedup can not be used!
https://pymoo.org/installation.html#installation

To disable this warning:
from pymoo.config import Config
Config.warnings['not_compiled'] = False

jitter = 1e-07
jitter = 1e-06
jitter = 9.999999999999999e-06
jitter = 1e-07
jitter = 1e-06
jitter = 9.999999999999999e-06
jitter = 9.999999999999999e-05
jitter = 1e-07
jitter = 1e-06
jitter = 9.999999999999999e-06
jitter = 1e-07
jitter = 1e-06
jitter = 9.999999999999999e-06
jitter = 9.999999999999999e-05
jitter = 1e-07
jitter = 1e-06
jitter = 9.999999999999999e-06
jitter = 9.999999999999999e-05
jitter = 1e-07
jitter = 1e-06
jitter = 9.999999999999999e-06
jitter = 1e-07
jitter = 1e-06
jitter = 1e-07
jitter = 1e-06
jitter = 9.999999999999999e-06
jitter = 1e-07
jitter = 1e-06
jitter = 9.999999999999999e-06
jitter = 9.999999999999999e-05
jitter = 1e-07
jitter = 1e-06
jitter = 9.999999999999999e-06
jitter = 1e-07
jitter = 1e-06
jitter = 9.999999999999999e-06
jitter = 1e-07
jitter = 1e-06
jitter = 9.999999999999999e-06
jitter = 9.999999999999999e-05
jitter = 1e-07
jitter = 1e-06
jitter = 9.999999999999999e-06
jitter = 9.999999999999999e-05
jitter = 1e-07
jitter = 1e-06
jitter = 9.999999999999999e-06
jitter = 1e-07
jitter = 1e-06
jitter = 9.999999999999999e-06
jitter = 9.999999999999999e-05
jitter = 1e-07
jitter = 1e-06
jitter = 9.999999999999999e-06
jitter = 9.999999999999999e-05
jitter = 1e-07
jitter = 1e-06
jitter = 9.999999999999999e-06
jitter = 1e-07
jitter = 1e-06
jitter = 9.999999999999999e-06
jitter = 9.999999999999999e-05
jitter = 1e-07
jitter = 1e-06
jitter = 9.999999999999999e-06
jitter = 1e-07
jitter = 1e-06
jitter = 9.999999999999999e-06
  hebo_penult_mo   caco2_scaffold outer001  48 trials   711.5s
jitter = 9.999999999999999e-06
jitter = 9.999999999999999e-05
jitter = 0.001
jitter = 0.01
jitter = 0.1
jitter = 1.0
jitter = 10.0
jitter is too large, output random predictions
jitter = 1e-07
jitter = 1e-06
jitter = 9.999999999999999e-06
jitter = 9.999999999999999e-05
jitter = 0.001
jitter = 0.01
jitter = 0.1
jitter = 1.0
jitter = 10.0
jitter is too large, output random predictions
jitter = 1e-07
jitter = 1e-06
jitter = 9.999999999999999e-06
jitter = 9.999999999999999e-05
jitter = 0.001
jitter = 0.01
jitter = 0.1
jitter = 1.0
jitter = 10.0
jitter is too large, output random predictions
jitter = 1e-07
jitter = 1e-06
jitter = 9.999999999999999e-06
jitter = 9.999999999999999e-05
jitter = 0.001
jitter = 0.01
jitter = 0.1
jitter = 1.0
jitter = 10.0
jitter is too large, output random predictions
jitter = 1e-07
jitter = 1e-06
jitter = 9.999999999999999e-06
jitter = 9.999999999999999e-05
jitter = 0.001
jitter = 0.01
jitter = 0.1
jitter = 1.0
jitter = 10.0
jitter is too large, output random predictions
jitter = 1e-07
jitter = 1e-06
jitter = 9.999999999999999e-06
jitter = 9.999999999999999e-05
jitter = 0.001
jitter = 0.01
jitter = 0.1
jitter = 1.0
jitter = 10.0
jitter is too large, output random predictions
jitter = 1e-07
jitter = 1e-06
jitter = 9.999999999999999e-06
jitter = 9.999999999999999e-05
jitter = 0.001
jitter = 0.01
jitter = 0.1
jitter = 1.0
jitter = 10.0
jitter is too large, output random predictions
jitter = 1e-07
jitter = 1e-06
jitter = 9.999999999999999e-06
jitter = 9.999999999999999e-05
jitter = 0.001
jitter = 0.01
jitter = 0.1
jitter = 1.0
jitter = 10.0
jitter is too large, output random predictions
jitter = 1e-07
jitter = 1e-06
jitter = 9.999999999999999e-06
jitter = 9.999999999999999e-05
jitter = 0.001
jitter = 0.01
jitter = 0.1
jitter = 1.0
jitter = 10.0
jitter is too large, output random predictions
jitter = 1e-07
jitter = 1e-06
jitter = 9.999999999999999e-06
jitter = 9.999999999999999e-05
jitter = 0.001
jitter = 0.01
jitter = 0.1
jitter = 1.0
jitter = 10.0
jitter is too large, output random predictions
jitter = 1e-07
jitter = 1e-06
jitter = 9.999999999999999e-06
jitter = 9.999999999999999e-05
jitter = 0.001
jitter = 0.01
jitter = 0.1
jitter = 1.0
jitter = 10.0
jitter is too large, output random predictions
jitter = 1e-07
jitter = 1e-06
jitter = 9.999999999999999e-06
jitter = 9.999999999999999e-05
jitter = 0.001
jitter = 0.01
jitter = 0.1
jitter = 1.0
jitter = 10.0
jitter is too large, output random predictions
jitter = 1e-07
jitter = 1e-06
jitter = 9.999999999999999e-06
jitter = 9.999999999999999e-05
jitter = 0.001
jitter = 0.01
jitter = 0.1
jitter = 1.0
jitter = 10.0
jitter is too large, output random predictions
jitter = 1e-07
jitter = 1e-06
jitter = 9.999999999999999e-06
jitter = 9.999999999999999e-05
jitter = 0.001
jitter = 0.01
jitter = 0.1
jitter = 1.0
jitter = 10.0
jitter is too large, output random predictions
jitter = 1e-07
jitter = 1e-06
jitter = 9.999999999999999e-06
jitter = 9.999999999999999e-05
jitter = 0.001
jitter = 0.01
jitter = 0.1
jitter = 1.0
jitter = 10.0
jitter is too large, output random predictions
jitter = 1e-07
jitter = 1e-06
jitter = 9.999999999999999e-06
jitter = 9.999999999999999e-05
jitter = 0.001
jitter = 0.01
jitter = 0.1
jitter = 1.0
jitter = 10.0
jitter is too large, output random predictions
jitter = 1e-07
jitter = 1e-06
jitter = 9.999999999999999e-06
jitter = 9.999999999999999e-05
jitter = 0.001
jitter = 0.01
jitter = 0.1
jitter = 1.0
jitter = 10.0
jitter is too large, output random predictions
jitter = 1e-07
jitter = 1e-06
jitter = 9.999999999999999e-06
jitter = 9.999999999999999e-05
jitter = 0.001
jitter = 0.01
jitter = 0.1
jitter = 1.0
jitter = 10.0
jitter is too large, output random predictions
jitter = 1e-07
jitter = 1e-06
jitter = 9.999999999999999e-06
jitter = 9.999999999999999e-05
jitter = 0.001
jitter = 0.01
jitter = 0.1
jitter = 1.0
jitter = 10.0
jitter is too large, output random predictions
jitter = 1e-07
jitter = 1e-06
jitter = 9.999999999999999e-06
jitter = 9.999999999999999e-05
jitter = 0.001
jitter = 0.01
jitter = 0.1
jitter = 1.0
jitter = 10.0
jitter is too large, output random predictions
jitter = 1e-07
jitter = 1e-06
jitter = 9.999999999999999e-06
jitter = 9.999999999999999e-05
jitter = 0.001
jitter = 0.01
jitter = 0.1
jitter = 1.0
jitter = 10.0
jitter is too large, output random predictions
jitter = 1e-07
jitter = 1e-06
jitter = 9.999999999999999e-06
jitter = 9.999999999999999e-05
jitter = 0.001
jitter = 0.01
jitter = 0.1
jitter = 1.0
jitter = 10.0
jitter is too large, output random predictions
jitter = 1e-07
jitter = 1e-06
jitter = 9.999999999999999e-06
jitter = 9.999999999999999e-05
jitter = 0.001
jitter = 0.01
jitter = 0.1
jitter = 1.0
jitter = 10.0
jitter is too large, output random predictions
jitter = 1e-07
jitter = 1e-06
jitter = 9.999999999999999e-06
jitter = 9.999999999999999e-05
jitter = 0.001
jitter = 0.01
jitter = 0.1
jitter = 1.0
jitter = 10.0
jitter is too large, output random predictions
jitter = 1e-07
jitter = 1e-06
jitter = 9.999999999999999e-06
jitter = 9.999999999999999e-05
jitter = 0.001
jitter = 0.01
jitter = 0.1
jitter = 1.0
jitter = 10.0
jitter is too large, output random predictions
jitter = 1e-07
jitter = 1e-06
jitter = 9.999999999999999e-06
jitter = 9.999999999999999e-05
jitter = 0.001
jitter = 0.01
jitter = 0.1
jitter = 1.0
jitter = 10.0
jitter is too large, output random predictions
jitter = 1e-07
jitter = 1e-06
jitter = 9.999999999999999e-06
jitter = 9.999999999999999e-05
jitter = 0.001
jitter = 0.01
jitter = 0.1
jitter = 1.0
jitter = 10.0
jitter is too large, output random predictions
jitter = 1e-07
jitter = 1e-06
jitter = 9.999999999999999e-06
jitter = 9.999999999999999e-05
jitter = 0.001
jitter = 0.01
jitter = 0.1
jitter = 1.0
jitter = 10.0
jitter is too large, output random predictions
jitter = 1e-07
jitter = 1e-06
jitter = 9.999999999999999e-06
jitter = 9.999999999999999e-05
jitter = 0.001
jitter = 0.01
jitter = 0.1
jitter = 1.0
jitter = 10.0
jitter is too large, output random predictions
jitter = 1e-07
jitter = 1e-06
jitter = 9.999999999999999e-06
jitter = 9.999999999999999e-05
jitter = 0.001
jitter = 0.01
jitter = 0.1
jitter = 1.0
jitter = 10.0
jitter is too large, output random predictions
jitter = 1e-07
jitter = 1e-06
jitter = 9.999999999999999e-06
jitter = 9.999999999999999e-05
jitter = 0.001
jitter = 0.01
jitter = 0.1
jitter = 1.0
jitter = 10.0
jitter is too large, output random predictions
jitter = 1e-07
jitter = 1e-06
jitter = 9.999999999999999e-06
jitter = 9.999999999999999e-05
jitter = 0.001
jitter = 0.01
jitter = 0.1
jitter = 1.0
jitter = 10.0
jitter is too large, output random predictions
jitter = 1e-07
jitter = 1e-06
jitter = 9.999999999999999e-06
jitter = 9.999999999999999e-05
jitter = 0.001
jitter = 0.01
jitter = 0.1
jitter = 1.0
jitter = 10.0
jitter is too large, output random predictions
jitter = 1e-07
jitter = 1e-06
jitter = 9.999999999999999e-06
jitter = 9.999999999999999e-05
jitter = 0.001
jitter = 0.01
jitter = 0.1
jitter = 1.0
jitter = 10.0
jitter is too large, output random predictions
jitter = 1e-07
jitter = 1e-06
jitter = 9.999999999999999e-06
jitter = 9.999999999999999e-05
jitter = 0.001
jitter = 0.01
jitter = 0.1
jitter = 1.0
jitter = 10.0
jitter is too large, output random predictions
jitter = 1e-07
jitter = 1e-06
jitter = 9.999999999999999e-06
jitter = 9.999999999999999e-05
jitter = 0.001
jitter = 0.01
jitter = 0.1
jitter = 1.0
jitter = 10.0
jitter is too large, output random predictions
jitter = 1e-07
jitter = 1e-06
jitter = 9.999999999999999e-06
jitter = 9.999999999999999e-05
jitter = 0.001
jitter = 0.01
jitter = 0.1
jitter = 1.0
jitter = 10.0
jitter is too large, output random predictions
jitter = 1e-07
jitter = 1e-06
jitter = 9.999999999999999e-06
jitter = 9.999999999999999e-05
jitter = 0.001
jitter = 0.01
jitter = 0.1
jitter = 1.0
jitter = 10.0
jitter is too large, output random predictions
jitter = 1e-07
jitter = 1e-06
jitter = 9.999999999999999e-06
jitter = 9.999999999999999e-05
jitter = 0.001
jitter = 0.01
jitter = 0.1
jitter = 1.0
jitter = 10.0
jitter is too large, output random predictions
jitter = 1e-07
jitter = 1e-06
jitter = 9.999999999999999e-06
jitter = 9.999999999999999e-05
jitter = 0.001
jitter = 0.01
jitter = 0.1
jitter = 1.0
jitter = 10.0
jitter is too large, output random predictions
jitter = 1e-07
jitter = 1e-06
jitter = 9.999999999999999e-06
jitter = 9.999999999999999e-05
jitter = 0.001
jitter = 0.01
jitter = 0.1
jitter = 1.0
jitter = 10.0
jitter is too large, output random predictions
jitter = 1e-07
jitter = 1e-06
jitter = 9.999999999999999e-06
jitter = 9.999999999999999e-05
jitter = 0.001
jitter = 0.01
jitter = 0.1
jitter = 1.0
jitter = 10.0
jitter is too large, output random predictions
jitter = 1e-07
jitter = 1e-06
jitter = 9.999999999999999e-06
jitter = 9.999999999999999e-05
jitter = 0.001
jitter = 0.01
jitter = 0.1
jitter = 1.0
jitter = 10.0
jitter is too large, output random predictions
jitter = 1e-07
jitter = 1e-06
jitter = 9.999999999999999e-06
jitter = 9.999999999999999e-05
jitter = 0.001
jitter = 0.01
jitter = 0.1
jitter = 1.0
jitter = 10.0
jitter is too large, output random predictions
jitter = 1e-07
jitter = 1e-06
jitter = 9.999999999999999e-06
jitter = 9.999999999999999e-05
jitter = 0.001
jitter = 0.01
jitter = 0.1
jitter = 1.0
jitter = 10.0
jitter is too large, output random predictions
jitter = 1e-07
jitter = 1e-06
jitter = 9.999999999999999e-06
jitter = 9.999999999999999e-05
jitter = 0.001
jitter = 0.01
jitter = 0.1
jitter = 1.0
jitter = 10.0
jitter is too large, output random predictions
jitter = 1e-07
jitter = 1e-06
jitter = 9.999999999999999e-06
jitter = 9.999999999999999e-05
jitter = 0.001
jitter = 0.01
jitter = 0.1
jitter = 1.0
jitter = 10.0
jitter is too large, output random predictions
jitter = 1e-07
jitter = 1e-06
jitter = 9.999999999999999e-06
jitter = 9.999999999999999e-05
jitter = 0.001
jitter = 0.01
jitter = 0.1
jitter = 1.0
jitter = 10.0
jitter is too large, output random predictions
jitter = 1e-07
jitter = 1e-06
jitter = 9.999999999999999e-06
jitter = 9.999999999999999e-05
jitter = 0.001
jitter = 0.01
jitter = 0.1
jitter = 1.0
jitter = 10.0
jitter is too large, output random predictions
jitter = 1e-07
jitter = 1e-06
jitter = 9.999999999999999e-06
jitter = 9.999999999999999e-05
jitter = 0.001
jitter = 0.01
jitter = 0.1
jitter = 1.0
jitter = 10.0
jitter is too large, output random predictions
jitter = 1e-07
jitter = 1e-06
jitter = 9.999999999999999e-06
jitter = 9.999999999999999e-05
jitter = 0.001
jitter = 0.01
jitter = 0.1
jitter = 1.0
jitter = 10.0
jitter is too large, output random predictions
jitter = 1e-07
jitter = 1e-06
jitter = 9.999999999999999e-06
jitter = 9.999999999999999e-05
jitter = 0.001
jitter = 0.01
jitter = 0.1
jitter = 1.0
jitter = 10.0
jitter is too large, output random predictions
jitter = 1e-07
jitter = 1e-06
jitter = 9.999999999999999e-06
jitter = 9.999999999999999e-05
jitter = 0.001
jitter = 0.01
jitter = 0.1
jitter = 1.0
jitter = 10.0
jitter is too large, output random predictions
jitter = 1e-07
jitter = 1e-06
jitter = 9.999999999999999e-06
jitter = 9.999999999999999e-05
jitter = 0.001
jitter = 0.01
jitter = 0.1
jitter = 1.0
jitter = 10.0
jitter is too large, output random predictions
jitter = 1e-07
jitter = 1e-06
jitter = 9.999999999999999e-06
jitter = 9.999999999999999e-05
jitter = 0.001
jitter = 0.01
jitter = 0.1
jitter = 1.0
jitter = 10.0
jitter is too large, output random predictions
jitter = 1e-07
jitter = 1e-06
jitter = 9.999999999999999e-06
jitter = 9.999999999999999e-05
jitter = 0.001
jitter = 0.01
jitter = 0.1
jitter = 1.0
jitter = 10.0
jitter is too large, output random predictions
jitter = 1e-07
jitter = 1e-06
jitter = 9.999999999999999e-06
jitter = 9.999999999999999e-05
jitter = 0.001
jitter = 0.01
jitter = 0.1
jitter = 1.0
jitter = 10.0
jitter is too large, output random predictions
jitter = 1e-07
jitter = 1e-06
jitter = 9.999999999999999e-06
jitter = 9.999999999999999e-05
jitter = 0.001
jitter = 0.01
jitter = 0.1
jitter = 1.0
jitter = 10.0
jitter is too large, output random predictions
jitter = 1e-07
jitter = 1e-06
jitter = 9.999999999999999e-06
jitter = 9.999999999999999e-05
jitter = 0.001
jitter = 0.01
jitter = 0.1
jitter = 1.0
jitter = 10.0
jitter is too large, output random predictions
jitter = 1e-07
jitter = 1e-06
jitter = 9.999999999999999e-06
jitter = 9.999999999999999e-05
jitter = 0.001
jitter = 0.01
jitter = 0.1
jitter = 1.0
jitter = 10.0
jitter is too large, output random predictions
jitter = 1e-07
jitter = 1e-06
jitter = 9.999999999999999e-06
jitter = 9.999999999999999e-05
jitter = 0.001
jitter = 0.01
jitter = 0.1
jitter = 1.0
jitter = 10.0
jitter is too large, output random predictions
jitter = 1e-07
jitter = 1e-06
jitter = 9.999999999999999e-06
jitter = 9.999999999999999e-05
jitter = 0.001
jitter = 0.01
jitter = 0.1
jitter = 1.0
jitter = 10.0
jitter is too large, output random predictions
jitter = 1e-07
jitter = 1e-06
jitter = 9.999999999999999e-06
jitter = 9.999999999999999e-05
jitter = 0.001
jitter = 0.01
jitter = 0.1
jitter = 1.0
jitter = 10.0
jitter is too large, output random predictions
jitter = 1e-07
jitter = 1e-06
jitter = 9.999999999999999e-06
jitter = 9.999999999999999e-05
jitter = 0.001
jitter = 0.01
jitter = 0.1
jitter = 1.0
jitter = 10.0
jitter is too large, output random predictions
jitter = 1e-07
jitter = 1e-06
jitter = 9.999999999999999e-06
jitter = 9.999999999999999e-05
jitter = 0.001
jitter = 0.01
jitter = 0.1
jitter = 1.0
jitter = 10.0
jitter is too large, output random predictions
jitter = 1e-07
jitter = 1e-06
jitter = 9.999999999999999e-06
jitter = 9.999999999999999e-05
jitter = 0.001
jitter = 0.01
jitter = 0.1
jitter = 1.0
jitter = 10.0
jitter is too large, output random predictions
jitter = 1e-07
jitter = 1e-06
jitter = 9.999999999999999e-06
jitter = 9.999999999999999e-05
jitter = 0.001
jitter = 0.01
jitter = 0.1
jitter = 1.0
jitter = 10.0
jitter is too large, output random predictions
jitter = 1e-07
jitter = 1e-06
jitter = 9.999999999999999e-06
jitter = 9.999999999999999e-05
jitter = 0.001
jitter = 0.01
jitter = 0.1
jitter = 1.0
jitter = 10.0
jitter is too large, output random predictions
jitter = 1e-07
jitter = 1e-06
jitter = 9.999999999999999e-06
jitter = 9.999999999999999e-05
jitter = 0.001
jitter = 0.01
jitter = 0.1
jitter = 1.0
jitter = 10.0
jitter is too large, output random predictions
jitter = 1e-07
jitter = 1e-06
jitter = 9.999999999999999e-06
jitter = 9.999999999999999e-05
jitter = 0.001
jitter = 0.01
jitter = 0.1
jitter = 1.0
jitter = 10.0
jitter is too large, output random predictions
  tpe_fg_mo        caco2_scaffold outer002  48 trials   345.5s
  hebo_fg_mo       caco2_scaffold outer001  48 trials   807.2s

Compiled modules for significant speedup can not be used!
https://pymoo.org/installation.html#installation

To disable this warning:
from pymoo.config import Config
Config.warnings['not_compiled'] = False

  hebo_hess_mo     caco2_scaffold outer001  48 trials   540.8s

Compiled modules for significant speedup can not be used!
https://pymoo.org/installation.html#installation

To disable this warning:
from pymoo.config import Config
Config.warnings['not_compiled'] = False

  tpe_penult_mo    caco2_scaffold outer002  48 trials   404.5s
  tpe_hess_mo      caco2_scaffold outer002  48 trials   256.4s
  random_val       caco2_scaffold outer003  48 trials   264.1s
  hebo_fg_mo       caco2_scaffold outer002  48 trials   631.4s
  tpe_val          caco2_scaffold outer003  48 trials   321.3s
  hebo_val         caco2_scaffold outer003  48 trials   403.7s
  hebo_hess_mo     caco2_scaffold outer002  48 trials   604.6s
  hebo_penult_mo   caco2_scaffold outer002  48 trials   713.3s

Compiled modules for significant speedup can not be used!
https://pymoo.org/installation.html#installation

To disable this warning:
from pymoo.config import Config
Config.warnings['not_compiled'] = False

  tpe_penult_mo    caco2_scaffold outer003  48 trials   383.3s
  tpe_fg_mo        caco2_scaffold outer003  48 trials   469.0s
  tpe_hess_mo      caco2_scaffold outer003  48 trials   315.4s
  random_val       caco2_scaffold outer004  48 trials   285.4s
  tpe_val          caco2_scaffold outer004  48 trials   310.6s
  hebo_fg_mo       caco2_scaffold outer003  48 trials   743.1s
jitter = 1e-07
jitter = 1e-06
jitter = 9.999999999999999e-06
jitter = 1e-07
jitter = 1e-06
  hebo_penult_mo   caco2_scaffold outer003  48 trials   751.2s
  tpe_fg_mo        caco2_scaffold outer004  48 trials   386.4s
  hebo_hess_mo     caco2_scaffold outer003  48 trials   594.0s
  hebo_val         caco2_scaffold outer004  48 trials   497.5s

Compiled modules for significant speedup can not be used!
https://pymoo.org/installation.html#installation

To disable this warning:
from pymoo.config import Config
Config.warnings['not_compiled'] = False

  tpe_penult_mo    caco2_scaffold outer004  48 trials   341.6s
  tpe_hess_mo      caco2_scaffold outer004  48 trials   253.9s
  random_val       caco2_scaffold outer005  48 trials   271.6s
  hebo_fg_mo       caco2_scaffold outer004  48 trials   660.6s
  tpe_val          caco2_scaffold outer005  48 trials   322.1s
  tpe_fg_mo        caco2_scaffold outer005  48 trials   422.0s
  hebo_val         caco2_scaffold outer005  48 trials   515.7s
  tpe_penult_mo    caco2_scaffold outer005  48 trials   332.4s
  hebo_penult_mo   caco2_scaffold outer004  48 trials   746.2s
  tpe_hess_mo      caco2_scaffold outer005  48 trials   277.2s
  hebo_hess_mo     caco2_scaffold outer004  48 trials   678.2s
  random_val       caco2_scaffold outer006  48 trials   284.3s
  hebo_fg_mo       caco2_scaffold outer005  48 trials   787.3s
  tpe_val          caco2_scaffold outer006  48 trials   364.4s
  hebo_val         caco2_scaffold outer006  48 trials   440.7s
  tpe_fg_mo        caco2_scaffold outer006  48 trials   442.2s
  hebo_penult_mo   caco2_scaffold outer005  48 trials   766.9s
jitter = 1e-07
jitter = 1e-06
jitter = 9.999999999999999e-06
jitter = 1e-07
jitter = 1e-06
jitter = 9.999999999999999e-06
jitter = 1e-07
jitter = 1e-06
jitter = 9.999999999999999e-06
jitter = 1e-07
jitter = 1e-06
jitter = 9.999999999999999e-06
jitter = 9.999999999999999e-05
jitter = 1e-07
jitter = 1e-06
jitter = 9.999999999999999e-06
  tpe_hess_mo      caco2_scaffold outer006  48 trials   298.1s
  hebo_hess_mo     caco2_scaffold outer005  48 trials   719.9s
  hebo_fg_mo       caco2_scaffold outer006  48 trials   679.6s
  tpe_penult_mo    caco2_scaffold outer006  48 trials   471.4s
  random_val       caco2_scaffold outer007  48 trials   306.0s
  tpe_val          caco2_scaffold outer007  48 trials   318.5s
  tpe_hess_mo      caco2_scaffold outer007  48 trials   237.0s
  hebo_hess_mo     caco2_scaffold outer006  48 trials   586.8s
  hebo_penult_mo   caco2_scaffold outer006  48 trials   717.9s
  hebo_val         caco2_scaffold outer007  48 trials   423.7s

Compiled modules for significant speedup can not be used!
https://pymoo.org/installation.html#installation

To disable this warning:
from pymoo.config import Config
Config.warnings['not_compiled'] = False

jitter = 1e-07
jitter = 1e-06
jitter = 9.999999999999999e-06
jitter = 1e-07
jitter = 1e-06
jitter = 9.999999999999999e-06
jitter = 1e-07
jitter = 1e-06
jitter = 9.999999999999999e-06
jitter = 1e-07
jitter = 1e-06
jitter = 9.999999999999999e-06
jitter = 1e-07
jitter = 1e-06
jitter = 9.999999999999999e-06
  tpe_fg_mo        caco2_scaffold outer007  48 trials   447.1s
  tpe_penult_mo    caco2_scaffold outer007  48 trials   430.4s
  hebo_fg_mo       caco2_scaffold outer007  48 trials   602.8s
  random_val       caco2_scaffold outer008  48 trials   299.7s
  tpe_val          caco2_scaffold outer008  48 trials   401.8s
  hebo_penult_mo   caco2_scaffold outer007  48 trials   717.6s
  tpe_fg_mo        caco2_scaffold outer008  48 trials   467.6s
  hebo_val         caco2_scaffold outer008  48 trials   548.0s
  hebo_hess_mo     caco2_scaffold outer007  48 trials   609.4s
  tpe_penult_mo    caco2_scaffold outer008  48 trials   366.6s
  tpe_hess_mo      caco2_scaffold outer008  48 trials   348.7s
  hebo_fg_mo       caco2_scaffold outer008  48 trials   655.0s
  tpe_val          caco2_scaffold outer009  48 trials   259.9s
  random_val       caco2_scaffold outer009  48 trials   320.1s
  hebo_penult_mo   caco2_scaffold outer008  48 trials   627.4s
  hebo_hess_mo     caco2_scaffold outer008  48 trials   558.5s
  tpe_fg_mo        caco2_scaffold outer009  48 trials   369.5s
  hebo_val         caco2_scaffold outer009  48 trials   490.0s
  tpe_hess_mo      caco2_scaffold outer009  48 trials   255.7s
  tpe_penult_mo    caco2_scaffold outer009  48 trials   442.0s
  random_val       caco2_scaffold outer010  48 trials   307.3s
  tpe_val          caco2_scaffold outer010  48 trials   356.9s
  hebo_val         caco2_scaffold outer010  48 trials   340.1s
  tpe_fg_mo        caco2_scaffold outer010  48 trials   342.3s
  hebo_hess_mo     caco2_scaffold outer009  48 trials   568.2s
  hebo_fg_mo       caco2_scaffold outer009  48 trials   777.4s
  tpe_penult_mo    caco2_scaffold outer010  48 trials   295.6s
  tpe_hess_mo      caco2_scaffold outer010  48 trials   241.6s
  hebo_penult_mo   caco2_scaffold outer009  48 trials   833.1s
  hebo_fg_mo       caco2_scaffold outer010  48 trials   552.4s
  hebo_penult_mo   caco2_scaffold outer010  48 trials   452.7s
  hebo_hess_mo     caco2_scaffold outer010  48 trials   367.9s
done in 88.2 min
--- caco2_scaffold done (20:18:40) ---
wrote results_icbinb/summaries/RESULTS_MASTER.md

==============================================================
POST-HOC 1B: lipo_scaffold   (2026-08-22 20:18:47)
==============================================================
Phase 1B: 90 jobs (90 to run) x 48 trials, workers=8
  tpe_hess_mo      lipo_scaffold outer001  48 trials  1095.5s
  random_val       lipo_scaffold outer001  48 trials  1316.5s
  hebo_val         lipo_scaffold outer001  48 trials  1334.2s

Compiled modules for significant speedup can not be used!
https://pymoo.org/installation.html#installation

To disable this warning:
from pymoo.config import Config
Config.warnings['not_compiled'] = False

jitter = 1e-07
jitter = 1e-06
jitter = 9.999999999999999e-06
jitter = 1e-07
jitter = 1e-06
jitter = 9.999999999999999e-06
jitter = 1e-07
jitter = 1e-06
  tpe_val          lipo_scaffold outer001  48 trials  1557.6s
  tpe_fg_mo        lipo_scaffold outer001  48 trials  1601.5s
  tpe_penult_mo    lipo_scaffold outer001  48 trials  1639.3s
  hebo_penult_mo   lipo_scaffold outer001  48 trials  1737.9s

Compiled modules for significant speedup can not be used!
https://pymoo.org/installation.html#installation

To disable this warning:
from pymoo.config import Config
Config.warnings['not_compiled'] = False

jitter = 1e-07
jitter = 1e-06
jitter = 9.999999999999999e-06
  hebo_fg_mo       lipo_scaffold outer001  48 trials  1789.5s

Compiled modules for significant speedup can not be used!
https://pymoo.org/installation.html#installation

To disable this warning:
from pymoo.config import Config
Config.warnings['not_compiled'] = False

  random_val       lipo_scaffold outer002  48 trials  1216.6s
  hebo_hess_mo     lipo_scaffold outer001  48 trials  2194.7s

Compiled modules for significant speedup can not be used!
https://pymoo.org/installation.html#installation

To disable this warning:
from pymoo.config import Config
Config.warnings['not_compiled'] = False

  tpe_val          lipo_scaffold outer002  48 trials  2052.3s
  tpe_penult_mo    lipo_scaffold outer002  48 trials  1693.6s
  tpe_fg_mo        lipo_scaffold outer002  48 trials  1913.2s
  hebo_fg_mo       lipo_scaffold outer002  48 trials  2063.2s

Compiled modules for significant speedup can not be used!
https://pymoo.org/installation.html#installation

To disable this warning:
from pymoo.config import Config
Config.warnings['not_compiled'] = False

  hebo_penult_mo   lipo_scaffold outer002  48 trials  2072.6s
jitter = 1e-07
jitter = 1e-06
jitter = 1e-07
jitter = 1e-06
jitter = 9.999999999999999e-06
jitter = 9.999999999999999e-05
jitter = 1e-07
jitter = 1e-06
jitter = 9.999999999999999e-06
jitter = 1e-07
jitter = 1e-06
jitter = 9.999999999999999e-06
jitter = 9.999999999999999e-05
jitter = 1e-07
jitter = 1e-06
jitter = 9.999999999999999e-06
  tpe_hess_mo      lipo_scaffold outer002  48 trials  1362.9s
  hebo_val         lipo_scaffold outer002  48 trials  2495.6s

Compiled modules for significant speedup can not be used!
https://pymoo.org/installation.html#installation

To disable this warning:
from pymoo.config import Config
Config.warnings['not_compiled'] = False

jitter = 1e-07
jitter = 1e-06
jitter = 9.999999999999999e-06
jitter = 1e-07
jitter = 1e-06
jitter = 9.999999999999999e-06
jitter = 1e-07
jitter = 1e-06
jitter = 9.999999999999999e-06
jitter = 1e-07
jitter = 1e-06
jitter = 9.999999999999999e-06
jitter = 1e-07
jitter = 1e-06
jitter = 9.999999999999999e-06
jitter = 9.999999999999999e-05
jitter = 1e-07
jitter = 1e-06
jitter = 9.999999999999999e-06
jitter = 9.999999999999999e-05
jitter = 1e-07
jitter = 1e-06
jitter = 9.999999999999999e-06
jitter = 9.999999999999999e-05
jitter = 1e-07
jitter = 1e-06
jitter = 9.999999999999999e-06
jitter = 9.999999999999999e-05
jitter = 1e-07
jitter = 1e-06
jitter = 9.999999999999999e-06
jitter = 9.999999999999999e-05
jitter = 1e-07
jitter = 1e-06
jitter = 9.999999999999999e-06
jitter = 9.999999999999999e-05
jitter = 1e-07
jitter = 1e-06
jitter = 9.999999999999999e-06
jitter = 9.999999999999999e-05
jitter = 1e-07
jitter = 1e-06
jitter = 9.999999999999999e-06
jitter = 9.999999999999999e-05
jitter = 1e-07
jitter = 1e-06
jitter = 9.999999999999999e-06
jitter = 9.999999999999999e-05
jitter = 1e-07
jitter = 1e-06
jitter = 9.999999999999999e-06
jitter = 1e-07
jitter = 1e-06
jitter = 9.999999999999999e-06
jitter = 9.999999999999999e-05
jitter = 1e-07
jitter = 1e-06
jitter = 9.999999999999999e-06
jitter = 9.999999999999999e-05
jitter = 1e-07
jitter = 1e-06
jitter = 9.999999999999999e-06
jitter = 9.999999999999999e-05
jitter = 1e-07
jitter = 1e-06
jitter = 9.999999999999999e-06
jitter = 9.999999999999999e-05
jitter = 1e-07
jitter = 1e-06
jitter = 9.999999999999999e-06
jitter = 1e-07
jitter = 1e-06
jitter = 9.999999999999999e-06
jitter = 9.999999999999999e-05
jitter = 1e-07
jitter = 1e-06
jitter = 9.999999999999999e-06
jitter = 9.999999999999999e-05
  random_val       lipo_scaffold outer003  48 trials  1300.6s
  tpe_val          lipo_scaffold outer003  48 trials  1493.3s
  tpe_fg_mo        lipo_scaffold outer003  48 trials  1489.3s
  hebo_val         lipo_scaffold outer003  48 trials  1697.0s

Compiled modules for significant speedup can not be used!
https://pymoo.org/installation.html#installation

To disable this warning:
from pymoo.config import Config
Config.warnings['not_compiled'] = False

  hebo_hess_mo     lipo_scaffold outer002  48 trials  1925.7s
  tpe_penult_mo    lipo_scaffold outer003  48 trials  1474.4s
  hebo_fg_mo       lipo_scaffold outer003  48 trials  1913.8s
  hebo_penult_mo   lipo_scaffold outer003  48 trials  1777.5s
  tpe_hess_mo      lipo_scaffold outer003  48 trials  1198.4s
  random_val       lipo_scaffold outer004  48 trials  1374.8s
  tpe_val          lipo_scaffold outer004  48 trials  1362.2s
  hebo_hess_mo     lipo_scaffold outer003  48 trials  1854.1s
  tpe_fg_mo        lipo_scaffold outer004  48 trials  1647.3s
  hebo_val         lipo_scaffold outer004  48 trials  1816.0s
  tpe_penult_mo    lipo_scaffold outer004  48 trials  1762.4s
  tpe_hess_mo      lipo_scaffold outer004  48 trials  1353.7s
  hebo_penult_mo   lipo_scaffold outer004  48 trials  2173.6s
  hebo_fg_mo       lipo_scaffold outer004  48 trials  2287.0s
  random_val       lipo_scaffold outer005  48 trials  1407.4s
  hebo_hess_mo     lipo_scaffold outer004  48 trials  1690.4s
  hebo_val         lipo_scaffold outer005  48 trials  1371.9s
jitter = 1e-07
jitter = 1e-06
jitter = 9.999999999999999e-06
jitter = 1e-07
jitter = 1e-06
jitter = 9.999999999999999e-06
jitter = 1e-07
jitter = 1e-06
  tpe_val          lipo_scaffold outer005  48 trials  1908.3s
  tpe_fg_mo        lipo_scaffold outer005  48 trials  1490.8s
  tpe_penult_mo    lipo_scaffold outer005  48 trials  1400.9s
  random_val       lipo_scaffold outer006  48 trials  1150.3s
  tpe_hess_mo      lipo_scaffold outer005  48 trials  1383.8s
  hebo_fg_mo       lipo_scaffold outer005  48 trials  1801.7s
  hebo_hess_mo     lipo_scaffold outer005  48 trials  1663.7s
  tpe_val          lipo_scaffold outer006  48 trials  1046.4s
  hebo_val         lipo_scaffold outer006  48 trials  1032.5s
  hebo_penult_mo   lipo_scaffold outer005  48 trials  2136.3s
jitter = 1e-07
jitter = 1e-06
  tpe_hess_mo      lipo_scaffold outer006  48 trials  1306.4s
  hebo_hess_mo     lipo_scaffold outer006  48 trials  1458.8s

Compiled modules for significant speedup can not be used!
https://pymoo.org/installation.html#installation

To disable this warning:
from pymoo.config import Config
Config.warnings['not_compiled'] = False

  hebo_penult_mo   lipo_scaffold outer006  48 trials  1728.9s
  tpe_fg_mo        lipo_scaffold outer006  48 trials  2072.2s
  tpe_penult_mo    lipo_scaffold outer006  48 trials  2008.6s
  hebo_fg_mo       lipo_scaffold outer006  48 trials  2056.2s
  random_val       lipo_scaffold outer007  48 trials  1522.2s
  tpe_val          lipo_scaffold outer007  48 trials  1577.6s
  tpe_hess_mo      lipo_scaffold outer007  48 trials  1478.8s
  random_val       lipo_scaffold outer008  48 trials  1718.9s
  hebo_val         lipo_scaffold outer007  48 trials  2281.8s
  hebo_hess_mo     lipo_scaffold outer007  48 trials  1965.0s
  tpe_penult_mo    lipo_scaffold outer007  48 trials  2119.4s
  hebo_fg_mo       lipo_scaffold outer007  48 trials  2243.7s
  tpe_fg_mo        lipo_scaffold outer007  48 trials  2279.5s
  hebo_penult_mo   lipo_scaffold outer007  48 trials  2582.5s
  tpe_val          lipo_scaffold outer008  48 trials  1681.0s
  tpe_hess_mo      lipo_scaffold outer008  48 trials  1536.0s
  tpe_fg_mo        lipo_scaffold outer008  48 trials  1864.3s
  hebo_penult_mo   lipo_scaffold outer008  48 trials  1818.6s
  hebo_val         lipo_scaffold outer008  48 trials  2062.2s
  hebo_fg_mo       lipo_scaffold outer008  48 trials  1980.6s
  tpe_penult_mo    lipo_scaffold outer008  48 trials  1968.2s
  hebo_hess_mo     lipo_scaffold outer008  48 trials  1846.5s
  random_val       lipo_scaffold outer009  48 trials  1556.2s
  tpe_val          lipo_scaffold outer009  48 trials  1868.1s
  tpe_penult_mo    lipo_scaffold outer009  48 trials  1732.3s
  tpe_fg_mo        lipo_scaffold outer009  48 trials  1898.5s
  hebo_fg_mo       lipo_scaffold outer009  48 trials  1863.4s
  hebo_penult_mo   lipo_scaffold outer009  48 trials  1897.8s
  tpe_hess_mo      lipo_scaffold outer009  48 trials  1737.7s
  hebo_val         lipo_scaffold outer009  48 trials  2506.8s
  hebo_hess_mo     lipo_scaffold outer009  48 trials  1756.9s
  random_val       lipo_scaffold outer010  48 trials  1495.9s
  tpe_val          lipo_scaffold outer010  48 trials  1623.4s
  hebo_val         lipo_scaffold outer010  48 trials  1535.5s
  tpe_fg_mo        lipo_scaffold outer010  48 trials  1730.5s
  tpe_penult_mo    lipo_scaffold outer010  48 trials  1514.5s
  hebo_fg_mo       lipo_scaffold outer010  48 trials  1799.7s
  tpe_hess_mo      lipo_scaffold outer010  48 trials  1282.9s
  hebo_penult_mo   lipo_scaffold outer010  48 trials  1649.8s
  hebo_hess_mo     lipo_scaffold outer010  48 trials  1055.2s
done in 328.2 min
--- lipo_scaffold done (01:46:59) ---
wrote results_icbinb/summaries/RESULTS_MASTER.md

==============================================================
POST-HOC 1B: lipo_random   (2026-08-23 01:47:06)
==============================================================
Phase 1B: 90 jobs (90 to run) x 48 trials, workers=8
  hebo_val         lipo_random outer001  48 trials   997.5s
  tpe_val          lipo_random outer001  48 trials  1071.6s
  tpe_hess_mo      lipo_random outer001  48 trials  1188.4s
  random_val       lipo_random outer001  48 trials  1298.1s
  tpe_fg_mo        lipo_random outer001  48 trials  1542.9s
  tpe_penult_mo    lipo_random outer001  48 trials  1592.6s
  hebo_penult_mo   lipo_random outer001  48 trials  1932.0s
  hebo_fg_mo       lipo_random outer001  48 trials  1949.0s
  random_val       lipo_random outer002  48 trials  1213.2s
  hebo_hess_mo     lipo_random outer001  48 trials  1897.8s
  tpe_val          lipo_random outer002  48 trials  1752.4s
  tpe_fg_mo        lipo_random outer002  48 trials  1716.4s
  hebo_fg_mo       lipo_random outer002  48 trials  1982.1s
  hebo_val         lipo_random outer002  48 trials  2316.3s
  tpe_penult_mo    lipo_random outer002  48 trials  1858.2s
  tpe_hess_mo      lipo_random outer002  48 trials  1510.8s
  hebo_penult_mo   lipo_random outer002  48 trials  1916.0s
  random_val       lipo_random outer003  48 trials  1293.7s
  hebo_hess_mo     lipo_random outer002  48 trials  1945.9s
  tpe_val          lipo_random outer003  48 trials  1591.1s
  hebo_val         lipo_random outer003  48 trials  1581.0s
  tpe_fg_mo        lipo_random outer003  48 trials  1797.4s
  tpe_hess_mo      lipo_random outer003  48 trials  1312.3s
  tpe_penult_mo    lipo_random outer003  48 trials  1782.8s
  hebo_fg_mo       lipo_random outer003  48 trials  1961.0s
  hebo_penult_mo   lipo_random outer003  48 trials  1934.9s
  random_val       lipo_random outer004  48 trials  1382.3s
  hebo_hess_mo     lipo_random outer003  48 trials  1649.2s
  tpe_val          lipo_random outer004  48 trials  1735.0s
  hebo_val         lipo_random outer004  48 trials  1717.4s
  tpe_fg_mo        lipo_random outer004  48 trials  1820.1s
  tpe_penult_mo    lipo_random outer004  48 trials  1635.8s
  hebo_fg_mo       lipo_random outer004  48 trials  1980.6s
  hebo_penult_mo   lipo_random outer004  48 trials  1799.9s
  tpe_hess_mo      lipo_random outer004  48 trials  1381.7s
  hebo_hess_mo     lipo_random outer004  48 trials  1644.5s
  random_val       lipo_random outer005  48 trials  1429.8s
  tpe_val          lipo_random outer005  48 trials  1775.8s
  tpe_fg_mo        lipo_random outer005  48 trials  1520.5s
  hebo_val         lipo_random outer005  48 trials  1592.0s
  tpe_penult_mo    lipo_random outer005  48 trials  1674.8s
  tpe_hess_mo      lipo_random outer005  48 trials  1257.1s
  hebo_fg_mo       lipo_random outer005  48 trials  1852.1s
  hebo_penult_mo   lipo_random outer005  48 trials  2083.8s
  hebo_hess_mo     lipo_random outer005  48 trials  1753.4s
  random_val       lipo_random outer006  48 trials  1354.4s
  hebo_val         lipo_random outer006  48 trials  1611.4s
  tpe_val          lipo_random outer006  48 trials  1788.8s
  tpe_penult_mo    lipo_random outer006  48 trials  1511.2s
  hebo_fg_mo       lipo_random outer006  48 trials  1709.6s
  tpe_hess_mo      lipo_random outer006  48 trials  1153.1s
  tpe_fg_mo        lipo_random outer006  48 trials  2067.5s
  hebo_penult_mo   lipo_random outer006  48 trials  1977.6s
  hebo_hess_mo     lipo_random outer006  48 trials  1744.1s
  random_val       lipo_random outer007  48 trials  1468.9s
  hebo_val         lipo_random outer007  48 trials  1429.4s
  tpe_val          lipo_random outer007  48 trials  1681.7s
  tpe_fg_mo        lipo_random outer007  48 trials  1808.6s
  tpe_penult_mo    lipo_random outer007  48 trials  1785.3s
  hebo_fg_mo       lipo_random outer007  48 trials  2019.0s
  tpe_hess_mo      lipo_random outer007  48 trials  1356.2s
  hebo_hess_mo     lipo_random outer007  48 trials  1754.8s
  random_val       lipo_random outer008  48 trials  1518.4s
  hebo_penult_mo   lipo_random outer007  48 trials  2277.5s
  tpe_val          lipo_random outer008  48 trials  1820.1s
  hebo_val         lipo_random outer008  48 trials  1886.4s
  tpe_fg_mo        lipo_random outer008  48 trials  1783.5s
  hebo_fg_mo       lipo_random outer008  48 trials  1916.8s
  tpe_penult_mo    lipo_random outer008  48 trials  2115.4s
  hebo_hess_mo     lipo_random outer008  48 trials  1705.1s
  random_val       lipo_random outer009  48 trials  1595.5s
  tpe_hess_mo      lipo_random outer008  48 trials  2012.3s
  hebo_penult_mo   lipo_random outer008  48 trials  2191.6s
  tpe_val          lipo_random outer009  48 trials  1740.2s
  hebo_val         lipo_random outer009  48 trials  2095.7s
  tpe_fg_mo        lipo_random outer009  48 trials  2120.2s
  tpe_hess_mo      lipo_random outer009  48 trials  1501.8s
  hebo_fg_mo       lipo_random outer009  48 trials  1930.6s
  tpe_penult_mo    lipo_random outer009  48 trials  1792.2s
  hebo_hess_mo     lipo_random outer009  48 trials  1817.1s
  random_val       lipo_random outer010  48 trials  1494.9s
  hebo_penult_mo   lipo_random outer009  48 trials  2526.4s
  tpe_val          lipo_random outer010  48 trials  1543.9s
  tpe_fg_mo        lipo_random outer010  48 trials  1646.2s
  tpe_penult_mo    lipo_random outer010  48 trials  1666.3s
  hebo_val         lipo_random outer010  48 trials  1962.8s
  hebo_fg_mo       lipo_random outer010  48 trials  1857.2s
  tpe_hess_mo      lipo_random outer010  48 trials  1295.9s
  hebo_penult_mo   lipo_random outer010  48 trials  1554.8s
  hebo_hess_mo     lipo_random outer010  48 trials  1202.6s

Compiled modules for significant speedup can not be used!
https://pymoo.org/installation.html#installation

To disable this warning:
from pymoo.config import Config
Config.warnings['not_compiled'] = False


Compiled modules for significant speedup can not be used!
https://pymoo.org/installation.html#installation

To disable this warning:
from pymoo.config import Config
Config.warnings['not_compiled'] = False


Compiled modules for significant speedup can not be used!
https://pymoo.org/installation.html#installation

To disable this warning:
from pymoo.config import Config
Config.warnings['not_compiled'] = False

jitter = 1e-07
jitter = 1e-07
jitter = 1e-07
jitter = 1e-06
jitter = 9.999999999999999e-06
jitter = 1e-07
jitter = 1e-06
jitter = 1e-07
jitter = 1e-06
jitter = 9.999999999999999e-06
jitter = 1e-07
jitter = 1e-06
jitter = 1e-07
jitter = 1e-06
jitter = 9.999999999999999e-06

Compiled modules for significant speedup can not be used!
https://pymoo.org/installation.html#installation

To disable this warning:
from pymoo.config import Config
Config.warnings['not_compiled'] = False


Compiled modules for significant speedup can not be used!
https://pymoo.org/installation.html#installation

To disable this warning:
from pymoo.config import Config
Config.warnings['not_compiled'] = False

jitter = 1e-07
jitter = 1e-06
jitter = 9.999999999999999e-06

Compiled modules for significant speedup can not be used!
https://pymoo.org/installation.html#installation

To disable this warning:
from pymoo.config import Config
Config.warnings['not_compiled'] = False


Compiled modules for significant speedup can not be used!
https://pymoo.org/installation.html#installation

To disable this warning:
from pymoo.config import Config
Config.warnings['not_compiled'] = False

jitter = 1e-07
jitter = 1e-06
jitter = 9.999999999999999e-06
jitter = 1e-07
jitter = 1e-06
jitter = 9.999999999999999e-06
jitter = 9.999999999999999e-05
jitter = 1e-07
jitter = 1e-06
jitter = 9.999999999999999e-06
jitter = 9.999999999999999e-05
jitter = 1e-07
jitter = 1e-06
jitter = 9.999999999999999e-06
jitter = 1e-07
jitter = 1e-06
jitter = 9.999999999999999e-06
jitter = 9.999999999999999e-05
jitter = 1e-07
jitter = 1e-06
jitter = 9.999999999999999e-06
jitter = 9.999999999999999e-05
jitter = 1e-07
jitter = 1e-06
jitter = 9.999999999999999e-06
jitter = 1e-07
jitter = 1e-06
jitter = 9.999999999999999e-06
jitter = 9.999999999999999e-05
jitter = 1e-07
jitter = 1e-06
jitter = 9.999999999999999e-06
jitter = 9.999999999999999e-05
jitter = 1e-07
jitter = 1e-06
jitter = 9.999999999999999e-06
jitter = 9.999999999999999e-05

Compiled modules for significant speedup can not be used!
https://pymoo.org/installation.html#installation

To disable this warning:
from pymoo.config import Config
Config.warnings['not_compiled'] = False

jitter = 1e-07
jitter = 1e-06
jitter = 9.999999999999999e-06
jitter = 1e-07
jitter = 1e-06
jitter = 1e-07
jitter = 1e-06
jitter = 9.999999999999999e-06
jitter = 9.999999999999999e-05
jitter = 1e-07
jitter = 1e-06
jitter = 9.999999999999999e-06
jitter = 1e-07
jitter = 1e-06
jitter = 9.999999999999999e-06
jitter = 1e-07
jitter = 1e-06
jitter = 9.999999999999999e-06
jitter = 1e-07
jitter = 1e-06
jitter = 9.999999999999999e-06
jitter = 9.999999999999999e-05
done in 325.5 min
--- lipo_random done (07:12:34) ---
wrote results_icbinb/summaries/RESULTS_MASTER.md

==============================================================
POST-HOC 1B: amylase   (2026-08-23 07:12:41)
==============================================================
Phase 1B: 90 jobs (90 to run) x 48 trials, workers=8
/opt/anaconda3/envs/tf-ml-gpu/lib/python3.10/site-packages/optuna/_experimental.py:33: ExperimentalWarning: Argument ``multivariate`` is an experimental feature. The interface can change in the future.
  optuna_warn(
/opt/anaconda3/envs/tf-ml-gpu/lib/python3.10/site-packages/optuna/_experimental.py:33: ExperimentalWarning: Argument ``multivariate`` is an experimental feature. The interface can change in the future.
  optuna_warn(
/opt/anaconda3/envs/tf-ml-gpu/lib/python3.10/site-packages/optuna/_experimental.py:33: ExperimentalWarning: Argument ``multivariate`` is an experimental feature. The interface can change in the future.
  optuna_warn(
/opt/anaconda3/envs/tf-ml-gpu/lib/python3.10/site-packages/optuna/_experimental.py:33: ExperimentalWarning: Argument ``multivariate`` is an experimental feature. The interface can change in the future.
  optuna_warn(
/Users/adityanagarsekar/Downloads/Courses/LOP_Snehanshu/FGBO/icbinb/train.py:37: ConstantInputWarning: An input array is constant; the correlation coefficient is not defined.
  rho = float(spearmanr(p, t).statistic) if len(t) > 2 and np.std(p) > 0 else float("nan")
/Users/adityanagarsekar/Downloads/Courses/LOP_Snehanshu/FGBO/icbinb/train.py:37: ConstantInputWarning: An input array is constant; the correlation coefficient is not defined.
  rho = float(spearmanr(p, t).statistic) if len(t) > 2 and np.std(p) > 0 else float("nan")
/Users/adityanagarsekar/Downloads/Courses/LOP_Snehanshu/FGBO/icbinb/train.py:37: ConstantInputWarning: An input array is constant; the correlation coefficient is not defined.
  rho = float(spearmanr(p, t).statistic) if len(t) > 2 and np.std(p) > 0 else float("nan")
/Users/adityanagarsekar/Downloads/Courses/LOP_Snehanshu/FGBO/icbinb/train.py:37: ConstantInputWarning: An input array is constant; the correlation coefficient is not defined.
  rho = float(spearmanr(p, t).statistic) if len(t) > 2 and np.std(p) > 0 else float("nan")
/Users/adityanagarsekar/Downloads/Courses/LOP_Snehanshu/FGBO/icbinb/train.py:37: ConstantInputWarning: An input array is constant; the correlation coefficient is not defined.
  rho = float(spearmanr(p, t).statistic) if len(t) > 2 and np.std(p) > 0 else float("nan")
  tpe_hess_mo      amylase outer001  48 trials  1963.8s
  tpe_penult_mo    amylase outer001  48 trials  2040.6s
/Users/adityanagarsekar/Downloads/Courses/LOP_Snehanshu/FGBO/icbinb/train.py:37: ConstantInputWarning: An input array is constant; the correlation coefficient is not defined.
  rho = float(spearmanr(p, t).statistic) if len(t) > 2 and np.std(p) > 0 else float("nan")
  tpe_fg_mo        amylase outer001  48 trials  2172.5s
/opt/anaconda3/envs/tf-ml-gpu/lib/python3.10/site-packages/optuna/_experimental.py:33: ExperimentalWarning: Argument ``multivariate`` is an experimental feature. The interface can change in the future.
  optuna_warn(
  random_val       amylase outer001  48 trials  2215.0s
/Users/adityanagarsekar/Downloads/Courses/LOP_Snehanshu/FGBO/icbinb/train.py:37: ConstantInputWarning: An input array is constant; the correlation coefficient is not defined.
  rho = float(spearmanr(p, t).statistic) if len(t) > 2 and np.std(p) > 0 else float("nan")
  tpe_val          amylase outer001  48 trials  2527.4s
/opt/anaconda3/envs/tf-ml-gpu/lib/python3.10/site-packages/optuna/_experimental.py:33: ExperimentalWarning: Argument ``multivariate`` is an experimental feature. The interface can change in the future.
  optuna_warn(
  hebo_val         amylase outer001  48 trials  2540.0s
/Users/adityanagarsekar/Downloads/Courses/LOP_Snehanshu/FGBO/icbinb/train.py:37: ConstantInputWarning: An input array is constant; the correlation coefficient is not defined.
  rho = float(spearmanr(p, t).statistic) if len(t) > 2 and np.std(p) > 0 else float("nan")
  hebo_penult_mo   amylase outer001  48 trials  2772.5s
  hebo_fg_mo       amylase outer001  48 trials  2938.3s
  random_val       amylase outer002  48 trials  2033.7s
/opt/anaconda3/envs/tf-ml-gpu/lib/python3.10/site-packages/optuna/_experimental.py:33: ExperimentalWarning: Argument ``multivariate`` is an experimental feature. The interface can change in the future.
  optuna_warn(
/Users/adityanagarsekar/Downloads/Courses/LOP_Snehanshu/FGBO/icbinb/train.py:37: ConstantInputWarning: An input array is constant; the correlation coefficient is not defined.
  rho = float(spearmanr(p, t).statistic) if len(t) > 2 and np.std(p) > 0 else float("nan")
  tpe_val          amylase outer002  48 trials  2545.4s
  tpe_penult_mo    amylase outer002  48 trials  2100.9s
  hebo_hess_mo     amylase outer001  48 trials  2956.6s
  tpe_fg_mo        amylase outer002  48 trials  2704.6s
  hebo_fg_mo       amylase outer002  48 trials  2855.8s
  hebo_penult_mo   amylase outer002  48 trials  2704.0s
  tpe_hess_mo      amylase outer002  48 trials  2275.8s
/opt/anaconda3/envs/tf-ml-gpu/lib/python3.10/site-packages/optuna/_experimental.py:33: ExperimentalWarning: Argument ``multivariate`` is an experimental feature. The interface can change in the future.
  optuna_warn(
  hebo_val         amylase outer002  48 trials  4210.3s
/Users/adityanagarsekar/Downloads/Courses/LOP_Snehanshu/FGBO/icbinb/train.py:37: ConstantInputWarning: An input array is constant; the correlation coefficient is not defined.
  rho = float(spearmanr(p, t).statistic) if len(t) > 2 and np.std(p) > 0 else float("nan")
  random_val       amylase outer003  48 trials  2119.8s
  tpe_val          amylase outer003  48 trials  2187.5s
  hebo_hess_mo     amylase outer002  48 trials  2591.0s
  hebo_val         amylase outer003  48 trials  2086.5s
  tpe_fg_mo        amylase outer003  48 trials  2807.5s
  hebo_fg_mo       amylase outer003  48 trials  2871.2s
  tpe_penult_mo    amylase outer003  48 trials  2413.9s
  tpe_hess_mo      amylase outer003  48 trials  2226.7s
  hebo_penult_mo   amylase outer003  48 trials  2916.2s
  random_val       amylase outer004  48 trials  2218.1s
  hebo_hess_mo     amylase outer003  48 trials  2873.1s
  hebo_val         amylase outer004  48 trials  1892.2s
  tpe_val          amylase outer004  48 trials  3212.9s
  tpe_fg_mo        amylase outer004  48 trials  2418.7s
  hebo_fg_mo       amylase outer004  48 trials  2650.9s
  tpe_hess_mo      amylase outer004  48 trials  2056.2s
  tpe_penult_mo    amylase outer004  48 trials  2830.1s
  hebo_penult_mo   amylase outer004  48 trials  2981.8s
  random_val       amylase outer005  48 trials  2296.7s
  tpe_val          amylase outer005  48 trials  2234.4s
  hebo_hess_mo     amylase outer004  48 trials  2990.2s
  hebo_val         amylase outer005  48 trials  2063.4s
  hebo_fg_mo       amylase outer005  48 trials  2370.1s
  tpe_fg_mo        amylase outer005  48 trials  2920.6s
  tpe_hess_mo      amylase outer005  48 trials  2141.3s
  tpe_penult_mo    amylase outer005  48 trials  2868.3s
  hebo_hess_mo     amylase outer005  48 trials  2156.8s
  tpe_val          amylase outer006  48 trials  1930.4s
  hebo_penult_mo   amylase outer005  48 trials  2646.8s
  random_val       amylase outer006  48 trials  2047.7s
  hebo_val         amylase outer006  48 trials  2882.8s
  tpe_fg_mo        amylase outer006  48 trials  2766.4s
  random_val       amylase outer007  48 trials  2296.0s
  tpe_hess_mo      amylase outer006  48 trials  2455.1s
  hebo_fg_mo       amylase outer006  48 trials  2970.8s
  tpe_penult_mo    amylase outer006  48 trials  2771.9s
  hebo_hess_mo     amylase outer006  48 trials  2911.5s
  hebo_penult_mo   amylase outer006  48 trials  3054.3s
  tpe_val          amylase outer007  48 trials  1628.2s
  hebo_val         amylase outer007  48 trials  1901.6s
  tpe_fg_mo        amylase outer007  48 trials  2599.8s
  tpe_penult_mo    amylase outer007  48 trials  2414.4s
  hebo_fg_mo       amylase outer007  48 trials  2690.1s
  hebo_penult_mo   amylase outer007  48 trials  2768.6s
  tpe_hess_mo      amylase outer007  48 trials  2579.8s
  hebo_hess_mo     amylase outer007  48 trials  2774.8s
  random_val       amylase outer008  48 trials  2565.1s
  tpe_val          amylase outer008  48 trials  2189.4s
  tpe_fg_mo        amylase outer008  48 trials  2716.9s
  hebo_fg_mo       amylase outer008  48 trials  2807.2s
  hebo_val         amylase outer008  48 trials  2984.4s
  hebo_penult_mo   amylase outer008  48 trials  2640.2s
  tpe_penult_mo    amylase outer008  48 trials  3070.0s
  hebo_hess_mo     amylase outer008  48 trials  2585.1s
  random_val       amylase outer009  48 trials  2453.8s
  tpe_hess_mo      amylase outer008  48 trials  3062.6s
  tpe_val          amylase outer009  48 trials  2302.0s
  hebo_val         amylase outer009  48 trials  2518.5s
  tpe_fg_mo        amylase outer009  48 trials  2789.1s
  tpe_hess_mo      amylase outer009  48 trials  2135.2s
  tpe_penult_mo    amylase outer009  48 trials  2307.6s
  hebo_penult_mo   amylase outer009  48 trials  2232.8s
  hebo_fg_mo       amylase outer009  48 trials  2924.8s
  hebo_hess_mo     amylase outer009  48 trials  2464.8s
  random_val       amylase outer010  48 trials  2263.0s
