ICBINB-BIO full run — started Thu Aug 20 22:31:30 IST 2026
protocol_hash=42554d911431f9de011072ee387d0a957c5e161f379e08ed650c8179463b42f1

==================================================================
STAGE: phase1a_pool   (2026-08-20 22:31:30)
==================================================================
protocol_hash=42554d911431f9de...  workers=8

=== caco2_random (20 outer runs x 48 candidates) ===

=== caco2_scaffold (20 outer runs x 48 candidates) ===

=== lipo_random (30 outer runs x 48 candidates) ===

=== lipo_scaffold (30 outer runs x 48 candidates) ===

=== cond7 (20 outer runs x 48 candidates) ===

=== amylase (20 outer runs x 48 candidates) ===

=== hydro (30 outer runs x 48 candidates) ===

done: 0 trainings in 0.0 min
--- phase1a_pool finished (22:31:30) ---
8,160 models trained · 0 training failures · 0 proxy failures.
wrote /Users/adityanagarsekar/Downloads/Courses/LOP_Snehanshu/FGBO/results_icbinb/summaries/RESULTS.md  (7 complete conditions)
On branch icbinb
nothing to commit, working tree clean

==================================================================
STAGE: phase1b_sequential   (2026-08-20 22:31:35)
==================================================================
Phase 1B: 180 jobs (90 to run) x 48 trials, workers=8
/opt/anaconda3/envs/tf-ml-gpu/lib/python3.10/site-packages/optuna/_experimental.py:33: ExperimentalWarning: Argument ``multivariate`` is an experimental feature. The interface can change in the future.
  optuna_warn(
/opt/anaconda3/envs/tf-ml-gpu/lib/python3.10/site-packages/optuna/_experimental.py:33: ExperimentalWarning: Argument ``multivariate`` is an experimental feature. The interface can change in the future.
  optuna_warn(
/opt/anaconda3/envs/tf-ml-gpu/lib/python3.10/site-packages/optuna/_experimental.py:33: ExperimentalWarning: Argument ``multivariate`` is an experimental feature. The interface can change in the future.
  optuna_warn(
/opt/anaconda3/envs/tf-ml-gpu/lib/python3.10/site-packages/optuna/_experimental.py:33: ExperimentalWarning: Argument ``multivariate`` is an experimental feature. The interface can change in the future.
  optuna_warn(
  tpe_val          hydro   outer001  48 trials  1973.3s
  tpe_hess_mo      hydro   outer001  48 trials  2358.8s
  hebo_val         hydro   outer001  48 trials  2856.8s
  random_val       hydro   outer001  48 trials  3007.3s
  hebo_fg_mo       hydro   outer001  48 trials  3494.7s
  hebo_penult_mo   hydro   outer001  48 trials  3692.8s
  tpe_penult_mo    hydro   outer001  48 trials  3792.6s
/opt/anaconda3/envs/tf-ml-gpu/lib/python3.10/site-packages/optuna/_experimental.py:33: ExperimentalWarning: Argument ``multivariate`` is an experimental feature. The interface can change in the future.
  optuna_warn(
  tpe_fg_mo        hydro   outer001  48 trials  3968.2s
  tpe_val          hydro   outer002  48 trials  2279.9s
  random_val       hydro   outer002  48 trials  2897.2s
  hebo_hess_mo     hydro   outer001  48 trials  3911.1s
  hebo_val         hydro   outer002  48 trials  2953.5s
  hebo_fg_mo       hydro   outer002  48 trials  3507.8s
  tpe_fg_mo        hydro   outer002  48 trials  3988.6s
  tpe_penult_mo    hydro   outer002  48 trials  3890.6s
  hebo_penult_mo   hydro   outer002  48 trials  3718.5s
  tpe_val          hydro   outer003  48 trials  2084.9s
  hebo_hess_mo     hydro   outer002  48 trials  3319.5s
  tpe_hess_mo      hydro   outer002  48 trials  3481.7s
  random_val       hydro   outer003  48 trials  2903.7s
  hebo_val         hydro   outer003  48 trials  2543.5s
  tpe_hess_mo      hydro   outer003  48 trials  2645.7s
  hebo_fg_mo       hydro   outer003  48 trials  3598.3s
  tpe_fg_mo        hydro   outer003  48 trials  3831.5s
  hebo_penult_mo   hydro   outer003  48 trials  3744.5s
  tpe_penult_mo    hydro   outer003  48 trials  4204.5s
  random_val       hydro   outer004  48 trials  3108.7s
  hebo_hess_mo     hydro   outer003  48 trials  3343.8s
  tpe_val          hydro   outer004  48 trials  2574.0s
  hebo_val         hydro   outer004  48 trials  2886.5s
  hebo_fg_mo       hydro   outer004  48 trials  3269.2s
  hebo_penult_mo   hydro   outer004  48 trials  3232.3s
  tpe_hess_mo      hydro   outer004  48 trials  3450.2s
  random_val       hydro   outer005  48 trials  3059.3s
  hebo_hess_mo     hydro   outer004  48 trials  3845.3s
  tpe_penult_mo    hydro   outer004  48 trials  4161.8s
  tpe_fg_mo        hydro   outer004  48 trials  4961.2s
  tpe_val          hydro   outer005  48 trials  2145.9s
  hebo_val         hydro   outer005  48 trials  2963.8s
  tpe_hess_mo      hydro   outer005  48 trials  2451.3s
  tpe_penult_mo    hydro   outer005  48 trials  3307.2s
  hebo_penult_mo   hydro   outer005  48 trials  3293.8s
  tpe_fg_mo        hydro   outer005  48 trials  3995.4s
  random_val       hydro   outer006  48 trials  2872.6s
  hebo_fg_mo       hydro   outer005  48 trials  4056.7s
  hebo_hess_mo     hydro   outer005  48 trials  3228.3s
  tpe_val          hydro   outer006  48 trials  2039.6s
  hebo_val         hydro   outer006  48 trials  3366.3s
  tpe_hess_mo      hydro   outer006  48 trials  2572.5s
  hebo_fg_mo       hydro   outer006  48 trials  3186.7s
  hebo_penult_mo   hydro   outer006  48 trials  3410.5s
  random_val       hydro   outer007  48 trials  3284.0s
  hebo_hess_mo     hydro   outer006  48 trials  3768.1s
  tpe_penult_mo    hydro   outer006  48 trials  4177.0s
  tpe_fg_mo        hydro   outer006  48 trials  4677.7s
  tpe_val          hydro   outer007  48 trials  1999.1s
  hebo_val         hydro   outer007  48 trials  2133.6s
  hebo_fg_mo       hydro   outer007  48 trials  3528.6s
  tpe_hess_mo      hydro   outer007  48 trials  2785.3s
  tpe_penult_mo    hydro   outer007  48 trials  3396.4s
  tpe_val          hydro   outer008  48 trials  2333.7s
  tpe_fg_mo        hydro   outer007  48 trials  4270.5s

Compiled modules for significant speedup can not be used!
https://pymoo.org/installation.html#installation

To disable this warning:
from pymoo.config import Config
Config.warnings['not_compiled'] = False

jitter = 1e-07
jitter = 1e-06
jitter = 9.999999999999999e-06
jitter = 9.999999999999999e-05
jitter = 0.001
jitter = 0.01
jitter = 0.1
jitter = 1.0
jitter = 10.0
jitter is too large, give up fitting GP
jitter = 1e-07
jitter = 1e-06
jitter = 9.999999999999999e-06
jitter = 9.999999999999999e-05
jitter = 0.001
jitter = 0.01
jitter = 0.1
jitter = 1.0
jitter = 10.0
jitter is too large, give up fitting GP
jitter = 1e-07
jitter = 1e-06
jitter = 9.999999999999999e-06
jitter = 9.999999999999999e-05
jitter = 0.001
jitter = 0.01
jitter = 0.1
jitter = 1.0
jitter = 10.0
jitter is too large, give up fitting GP
jitter = 1e-07
jitter = 1e-06
jitter = 9.999999999999999e-06
jitter = 9.999999999999999e-05
jitter = 0.001
jitter = 0.01
jitter = 0.1
jitter = 1.0
jitter = 10.0
jitter is too large, give up fitting GP
jitter = 1e-07
jitter = 1e-06
jitter = 9.999999999999999e-06
jitter = 9.999999999999999e-05
jitter = 0.001
jitter = 0.01
jitter = 0.1
jitter = 1.0
jitter = 10.0
jitter is too large, give up fitting GP
jitter = 1e-07
jitter = 1e-06
jitter = 9.999999999999999e-06
jitter = 9.999999999999999e-05
jitter = 0.001
jitter = 0.01
jitter = 0.1
jitter = 1.0
jitter = 10.0
jitter is too large, give up fitting GP
jitter = 1e-07
jitter = 1e-06
jitter = 9.999999999999999e-06
jitter = 9.999999999999999e-05
jitter = 0.001
jitter = 0.01
jitter = 0.1
jitter = 1.0
jitter = 10.0
jitter is too large, give up fitting GP
jitter = 1e-07
jitter = 1e-06
jitter = 9.999999999999999e-06
jitter = 9.999999999999999e-05
jitter = 0.001
jitter = 0.01
jitter = 0.1
jitter = 1.0
jitter = 10.0
jitter is too large, give up fitting GP
jitter = 1e-07
jitter = 1e-06
jitter = 9.999999999999999e-06
jitter = 9.999999999999999e-05
jitter = 0.001
jitter = 0.01
jitter = 0.1
jitter = 1.0
jitter = 10.0
jitter is too large, give up fitting GP
jitter = 1e-07
jitter = 1e-06
jitter = 9.999999999999999e-06
jitter = 9.999999999999999e-05
jitter = 0.001
jitter = 0.01
jitter = 0.1
jitter = 1.0
jitter = 10.0
jitter is too large, give up fitting GP
jitter = 1e-07
jitter = 1e-06
jitter = 9.999999999999999e-06
jitter = 9.999999999999999e-05
jitter = 0.001
jitter = 0.01
jitter = 0.1
jitter = 1.0
jitter = 10.0
jitter is too large, give up fitting GP
jitter = 1e-07
jitter = 1e-06
jitter = 9.999999999999999e-06
jitter = 9.999999999999999e-05
jitter = 0.001
jitter = 0.01
jitter = 0.1
jitter = 1.0
jitter = 10.0
jitter is too large, give up fitting GP
jitter = 1e-07
jitter = 1e-06
jitter = 9.999999999999999e-06
jitter = 9.999999999999999e-05
jitter = 0.001
jitter = 0.01
jitter = 0.1
jitter = 1.0
jitter = 10.0
jitter is too large, give up fitting GP
jitter = 1e-07
jitter = 1e-06
jitter = 9.999999999999999e-06
jitter = 9.999999999999999e-05
jitter = 0.001
jitter = 0.01
jitter = 0.1
jitter = 1.0
jitter = 10.0
jitter is too large, give up fitting GP
jitter = 1e-07
jitter = 1e-06
jitter = 9.999999999999999e-06
jitter = 9.999999999999999e-05
jitter = 0.001
jitter = 0.01
jitter = 0.1
jitter = 1.0
jitter = 10.0
jitter is too large, give up fitting GP
jitter = 1e-07
jitter = 1e-06
jitter = 9.999999999999999e-06
jitter = 9.999999999999999e-05
jitter = 0.001
jitter = 0.01
jitter = 0.1
jitter = 1.0
jitter = 10.0
jitter is too large, give up fitting GP
jitter = 1e-07
jitter = 1e-06
jitter = 9.999999999999999e-06
jitter = 9.999999999999999e-05
jitter = 0.001
jitter = 0.01
jitter = 0.1
jitter = 1.0
jitter = 10.0
jitter is too large, give up fitting GP
jitter = 1e-07
jitter = 1e-06
jitter = 9.999999999999999e-06
jitter = 9.999999999999999e-05
jitter = 0.001
jitter = 0.01
jitter = 0.1
jitter = 1.0
jitter = 10.0
jitter is too large, give up fitting GP
jitter = 1e-07
jitter = 1e-06
jitter = 9.999999999999999e-06
jitter = 9.999999999999999e-05
jitter = 0.001
jitter = 0.01
jitter = 0.1
jitter = 1.0
jitter = 10.0
jitter is too large, give up fitting GP
jitter = 1e-07
jitter = 1e-06
jitter = 9.999999999999999e-06
jitter = 9.999999999999999e-05
jitter = 0.001
jitter = 0.01
jitter = 0.1
jitter = 1.0
jitter = 10.0
jitter is too large, give up fitting GP
jitter = 1e-07
jitter = 1e-06
jitter = 9.999999999999999e-06
jitter = 9.999999999999999e-05
jitter = 0.001
jitter = 0.01
jitter = 0.1
jitter = 1.0
jitter = 10.0
jitter is too large, give up fitting GP
jitter = 1e-07
jitter = 1e-06
jitter = 9.999999999999999e-06
jitter = 9.999999999999999e-05
jitter = 0.001
jitter = 0.01
jitter = 0.1
jitter = 1.0
jitter = 10.0
jitter is too large, give up fitting GP
jitter = 1e-07
jitter = 1e-06
jitter = 9.999999999999999e-06
jitter = 9.999999999999999e-05
jitter = 0.001
jitter = 0.01
jitter = 0.1
jitter = 1.0
jitter = 10.0
jitter is too large, give up fitting GP
jitter = 1e-07
jitter = 1e-06
jitter = 9.999999999999999e-06
jitter = 9.999999999999999e-05
jitter = 0.001
jitter = 0.01
jitter = 0.1
jitter = 1.0
jitter = 10.0
jitter is too large, give up fitting GP
jitter = 1e-07
jitter = 1e-06
jitter = 9.999999999999999e-06
jitter = 9.999999999999999e-05
jitter = 0.001
jitter = 0.01
jitter = 0.1
jitter = 1.0
jitter = 10.0
jitter is too large, give up fitting GP
jitter = 1e-07
jitter = 1e-06
jitter = 9.999999999999999e-06
jitter = 9.999999999999999e-05
jitter = 0.001
jitter = 0.01
jitter = 0.1
jitter = 1.0
jitter = 10.0
jitter is too large, give up fitting GP
jitter = 1e-07
jitter = 1e-06
jitter = 9.999999999999999e-06
jitter = 9.999999999999999e-05
jitter = 0.001
jitter = 0.01
jitter = 0.1
jitter = 1.0
jitter = 10.0
jitter is too large, give up fitting GP
jitter = 1e-07
jitter = 1e-06
jitter = 9.999999999999999e-06
jitter = 9.999999999999999e-05
jitter = 0.001
jitter = 0.01
jitter = 0.1
jitter = 1.0
jitter = 10.0
jitter is too large, give up fitting GP
jitter = 1e-07
jitter = 1e-06
jitter = 9.999999999999999e-06
jitter = 9.999999999999999e-05
jitter = 0.001
jitter = 0.01
jitter = 0.1
jitter = 1.0
jitter = 10.0
jitter is too large, give up fitting GP
jitter = 1e-07
jitter = 1e-06
jitter = 9.999999999999999e-06
jitter = 9.999999999999999e-05
jitter = 0.001
jitter = 0.01
jitter = 0.1
jitter = 1.0
jitter = 10.0
jitter is too large, give up fitting GP
jitter = 1e-07
jitter = 1e-06
jitter = 9.999999999999999e-06
jitter = 9.999999999999999e-05
jitter = 0.001
jitter = 0.01
jitter = 0.1
jitter = 1.0
jitter = 10.0
jitter is too large, give up fitting GP
jitter = 1e-07
jitter = 1e-06
jitter = 9.999999999999999e-06
jitter = 9.999999999999999e-05
jitter = 0.001
jitter = 0.01
jitter = 0.1
jitter = 1.0
jitter = 10.0
jitter is too large, give up fitting GP
jitter = 1e-07
jitter = 1e-06
jitter = 9.999999999999999e-06
jitter = 9.999999999999999e-05
jitter = 0.001
jitter = 0.01
jitter = 0.1
jitter = 1.0
jitter = 10.0
jitter is too large, give up fitting GP
jitter = 1e-07
jitter = 1e-06
jitter = 9.999999999999999e-06
jitter = 9.999999999999999e-05
jitter = 0.001
jitter = 0.01
jitter = 0.1
jitter = 1.0
jitter = 10.0
jitter is too large, give up fitting GP
jitter = 1e-07
jitter = 1e-06
jitter = 9.999999999999999e-06
jitter = 9.999999999999999e-05
jitter = 0.001
jitter = 0.01
jitter = 0.1
jitter = 1.0
jitter = 10.0
jitter is too large, give up fitting GP
jitter = 1e-07
jitter = 1e-06
jitter = 9.999999999999999e-06
jitter = 9.999999999999999e-05
jitter = 0.001
jitter = 0.01
jitter = 0.1
jitter = 1.0
jitter = 10.0
jitter is too large, give up fitting GP
jitter = 1e-07
jitter = 1e-06
jitter = 9.999999999999999e-06
jitter = 9.999999999999999e-05
jitter = 0.001
jitter = 0.01
jitter = 0.1
jitter = 1.0
jitter = 10.0
jitter is too large, give up fitting GP
jitter = 1e-07
jitter = 1e-06
jitter = 9.999999999999999e-06
jitter = 9.999999999999999e-05
jitter = 0.001
jitter = 0.01
jitter = 0.1
jitter = 1.0
jitter = 10.0
jitter is too large, give up fitting GP
jitter = 1e-07
jitter = 1e-06
jitter = 9.999999999999999e-06
jitter = 9.999999999999999e-05
jitter = 0.001
jitter = 0.01
jitter = 0.1
jitter = 1.0
jitter = 10.0
jitter is too large, give up fitting GP
jitter = 1e-07
jitter = 1e-06
jitter = 9.999999999999999e-06
jitter = 9.999999999999999e-05
jitter = 0.001
jitter = 0.01
jitter = 0.1
jitter = 1.0
jitter = 10.0
jitter is too large, give up fitting GP
jitter = 1e-07
jitter = 1e-06
jitter = 9.999999999999999e-06
jitter = 9.999999999999999e-05
jitter = 0.001
jitter = 0.01
jitter = 0.1
jitter = 1.0
jitter = 10.0
jitter is too large, give up fitting GP
jitter = 1e-07
jitter = 1e-06
jitter = 9.999999999999999e-06
jitter = 9.999999999999999e-05
jitter = 0.001
jitter = 0.01
jitter = 0.1
jitter = 1.0
jitter = 10.0
jitter is too large, give up fitting GP
jitter = 1e-07
jitter = 1e-06
jitter = 9.999999999999999e-06
jitter = 9.999999999999999e-05
jitter = 0.001
jitter = 0.01
jitter = 0.1
jitter = 1.0
jitter = 10.0
jitter is too large, give up fitting GP
jitter = 1e-07
jitter = 1e-06
jitter = 9.999999999999999e-06
jitter = 9.999999999999999e-05
jitter = 0.001
jitter = 0.01
jitter = 0.1
jitter = 1.0
jitter = 10.0
jitter is too large, give up fitting GP
jitter = 1e-07
jitter = 1e-06
jitter = 9.999999999999999e-06
jitter = 9.999999999999999e-05
jitter = 0.001
jitter = 0.01
jitter = 0.1
jitter = 1.0
jitter = 10.0
jitter is too large, give up fitting GP
jitter = 1e-07
jitter = 1e-06
jitter = 9.999999999999999e-06
jitter = 9.999999999999999e-05
jitter = 0.001
jitter = 0.01
jitter = 0.1
jitter = 1.0
jitter = 10.0
jitter is too large, give up fitting GP
jitter = 1e-07
jitter = 1e-06
jitter = 9.999999999999999e-06
jitter = 9.999999999999999e-05
jitter = 0.001
jitter = 0.01
jitter = 0.1
jitter = 1.0
jitter = 10.0
jitter is too large, give up fitting GP
jitter = 1e-07
jitter = 1e-06
jitter = 9.999999999999999e-06
jitter = 9.999999999999999e-05
jitter = 0.001
jitter = 0.01
jitter = 0.1
jitter = 1.0
jitter = 10.0
jitter is too large, give up fitting GP
jitter = 1e-07
jitter = 1e-06
jitter = 9.999999999999999e-06
jitter = 9.999999999999999e-05
jitter = 0.001
jitter = 0.01
jitter = 0.1
jitter = 1.0
jitter = 10.0
jitter is too large, give up fitting GP
jitter = 1e-07
jitter = 1e-06
jitter = 9.999999999999999e-06
jitter = 9.999999999999999e-05
jitter = 0.001
jitter = 0.01
jitter = 0.1
jitter = 1.0
jitter = 10.0
jitter is too large, give up fitting GP
jitter = 1e-07
jitter = 1e-06
jitter = 9.999999999999999e-06
jitter = 9.999999999999999e-05
jitter = 0.001
jitter = 0.01
jitter = 0.1
jitter = 1.0
jitter = 10.0
jitter is too large, give up fitting GP
jitter = 1e-07
jitter = 1e-06
jitter = 9.999999999999999e-06
jitter = 9.999999999999999e-05
jitter = 0.001
jitter = 0.01
jitter = 0.1
jitter = 1.0
jitter = 10.0
jitter is too large, give up fitting GP
jitter = 1e-07
jitter = 1e-06
jitter = 9.999999999999999e-06
jitter = 9.999999999999999e-05
jitter = 0.001
jitter = 0.01
jitter = 0.1
jitter = 1.0
jitter = 10.0
jitter is too large, give up fitting GP
jitter = 1e-07
jitter = 1e-06
jitter = 9.999999999999999e-06
jitter = 9.999999999999999e-05
jitter = 0.001
jitter = 0.01
jitter = 0.1
jitter = 1.0
jitter = 10.0
jitter is too large, give up fitting GP
jitter = 1e-07
jitter = 1e-06
jitter = 9.999999999999999e-06
jitter = 9.999999999999999e-05
jitter = 0.001
jitter = 0.01
jitter = 0.1
jitter = 1.0
jitter = 10.0
jitter is too large, give up fitting GP
jitter = 1e-07
jitter = 1e-06
jitter = 9.999999999999999e-06
jitter = 9.999999999999999e-05
jitter = 0.001
jitter = 0.01
jitter = 0.1
jitter = 1.0
jitter = 10.0
jitter is too large, give up fitting GP
jitter = 1e-07
jitter = 1e-06
jitter = 9.999999999999999e-06
jitter = 9.999999999999999e-05
jitter = 0.001
jitter = 0.01
jitter = 0.1
jitter = 1.0
jitter = 10.0
jitter is too large, give up fitting GP
jitter = 1e-07
jitter = 1e-06
jitter = 9.999999999999999e-06
jitter = 9.999999999999999e-05
jitter = 0.001
jitter = 0.01
jitter = 0.1
jitter = 1.0
jitter = 10.0
jitter is too large, give up fitting GP
jitter = 1e-07
jitter = 1e-06
jitter = 9.999999999999999e-06
jitter = 9.999999999999999e-05
jitter = 0.001
jitter = 0.01
jitter = 0.1
jitter = 1.0
jitter = 10.0
jitter is too large, give up fitting GP
jitter = 1e-07
jitter = 1e-06
jitter = 9.999999999999999e-06
jitter = 9.999999999999999e-05
jitter = 0.001
jitter = 0.01
jitter = 0.1
jitter = 1.0
jitter = 10.0
jitter is too large, give up fitting GP
jitter = 1e-07
jitter = 1e-06
jitter = 9.999999999999999e-06
jitter = 9.999999999999999e-05
jitter = 0.001
jitter = 0.01
jitter = 0.1
jitter = 1.0
jitter = 10.0
jitter is too large, give up fitting GP
jitter = 1e-07
jitter = 1e-06
jitter = 9.999999999999999e-06
jitter = 9.999999999999999e-05
jitter = 0.001
jitter = 0.01
jitter = 0.1
jitter = 1.0
jitter = 10.0
jitter is too large, give up fitting GP
jitter = 1e-07
jitter = 1e-06
jitter = 9.999999999999999e-06
jitter = 9.999999999999999e-05
jitter = 0.001
jitter = 0.01
jitter = 0.1
jitter = 1.0
jitter = 10.0
jitter is too large, give up fitting GP
jitter = 1e-07
jitter = 1e-06
jitter = 9.999999999999999e-06
jitter = 9.999999999999999e-05
jitter = 0.001
jitter = 0.01
jitter = 0.1
jitter = 1.0
jitter = 10.0
jitter is too large, give up fitting GP
jitter = 1e-07
jitter = 1e-06
jitter = 9.999999999999999e-06
jitter = 9.999999999999999e-05
jitter = 0.001
jitter = 0.01
jitter = 0.1
jitter = 1.0
jitter = 10.0
jitter is too large, give up fitting GP
jitter = 1e-07
jitter = 1e-06
jitter = 9.999999999999999e-06
jitter = 9.999999999999999e-05
jitter = 0.001
jitter = 0.01
jitter = 0.1
jitter = 1.0
jitter = 10.0
jitter is too large, give up fitting GP
jitter = 1e-07
jitter = 1e-06
jitter = 9.999999999999999e-06
jitter = 9.999999999999999e-05
jitter = 0.001
jitter = 0.01
jitter = 0.1
jitter = 1.0
jitter = 10.0
jitter is too large, give up fitting GP
jitter = 1e-07
jitter = 1e-06
jitter = 9.999999999999999e-06
jitter = 9.999999999999999e-05
jitter = 0.001
jitter = 0.01
jitter = 0.1
jitter = 1.0
jitter = 10.0
jitter is too large, output random predictions
jitter = 1e-07
jitter = 1e-06
jitter = 9.999999999999999e-06
jitter = 9.999999999999999e-05
jitter = 0.001
jitter = 0.01
jitter = 0.1
jitter = 1.0
jitter = 10.0
jitter is too large, output random predictions
jitter = 1e-07
jitter = 1e-06
jitter = 9.999999999999999e-06
jitter = 9.999999999999999e-05
jitter = 0.001
jitter = 0.01
jitter = 0.1
jitter = 1.0
jitter = 10.0
jitter is too large, output random predictions
jitter = 1e-07
jitter = 1e-06
jitter = 9.999999999999999e-06
jitter = 9.999999999999999e-05
jitter = 0.001
jitter = 0.01
jitter = 0.1
jitter = 1.0
jitter = 10.0
jitter is too large, output random predictions
jitter = 1e-07
jitter = 1e-06
jitter = 9.999999999999999e-06
jitter = 9.999999999999999e-05
jitter = 0.001
jitter = 0.01
jitter = 0.1
jitter = 1.0
jitter = 10.0
jitter is too large, output random predictions
jitter = 1e-07
jitter = 1e-06
jitter = 9.999999999999999e-06
jitter = 9.999999999999999e-05
jitter = 0.001
jitter = 0.01
jitter = 0.1
jitter = 1.0
jitter = 10.0
jitter is too large, output random predictions
jitter = 1e-07
jitter = 1e-06
jitter = 9.999999999999999e-06
jitter = 9.999999999999999e-05
jitter = 0.001
jitter = 0.01
jitter = 0.1
jitter = 1.0
jitter = 10.0
jitter is too large, output random predictions
jitter = 1e-07
jitter = 1e-06
jitter = 9.999999999999999e-06
jitter = 9.999999999999999e-05
jitter = 0.001
jitter = 0.01
jitter = 0.1
jitter = 1.0
jitter = 10.0
jitter is too large, output random predictions
jitter = 1e-07
jitter = 1e-06
jitter = 9.999999999999999e-06
jitter = 9.999999999999999e-05
jitter = 0.001
jitter = 0.01
jitter = 0.1
jitter = 1.0
jitter = 10.0
jitter is too large, output random predictions
jitter = 1e-07
jitter = 1e-06
jitter = 9.999999999999999e-06
jitter = 9.999999999999999e-05
jitter = 0.001
jitter = 0.01
jitter = 0.1
jitter = 1.0
jitter = 10.0
jitter is too large, output random predictions
jitter = 1e-07
jitter = 1e-06
jitter = 9.999999999999999e-06
jitter = 9.999999999999999e-05
jitter = 0.001
jitter = 0.01
jitter = 0.1
jitter = 1.0
jitter = 10.0
jitter is too large, output random predictions
jitter = 1e-07
jitter = 1e-06
jitter = 9.999999999999999e-06
jitter = 9.999999999999999e-05
jitter = 0.001
jitter = 0.01
jitter = 0.1
jitter = 1.0
jitter = 10.0
jitter is too large, output random predictions
jitter = 1e-07
jitter = 1e-06
jitter = 9.999999999999999e-06
jitter = 9.999999999999999e-05
jitter = 0.001
jitter = 0.01
jitter = 0.1
jitter = 1.0
jitter = 10.0
jitter is too large, output random predictions
jitter = 1e-07
jitter = 1e-06
jitter = 9.999999999999999e-06
jitter = 9.999999999999999e-05
jitter = 0.001
jitter = 0.01
jitter = 0.1
jitter = 1.0
jitter = 10.0
jitter is too large, output random predictions
jitter = 1e-07
jitter = 1e-06
jitter = 9.999999999999999e-06
jitter = 9.999999999999999e-05
jitter = 0.001
jitter = 0.01
jitter = 0.1
jitter = 1.0
jitter = 10.0
jitter is too large, output random predictions
jitter = 1e-07
jitter = 1e-06
jitter = 9.999999999999999e-06
jitter = 9.999999999999999e-05
jitter = 0.001
jitter = 0.01
jitter = 0.1
jitter = 1.0
jitter = 10.0
jitter is too large, output random predictions
jitter = 1e-07
jitter = 1e-06
jitter = 9.999999999999999e-06
jitter = 9.999999999999999e-05
jitter = 0.001
jitter = 0.01
jitter = 0.1
jitter = 1.0
jitter = 10.0
jitter is too large, output random predictions
jitter = 1e-07
jitter = 1e-06
jitter = 9.999999999999999e-06
jitter = 9.999999999999999e-05
jitter = 0.001
jitter = 0.01
jitter = 0.1
jitter = 1.0
jitter = 10.0
jitter is too large, output random predictions
jitter = 1e-07
jitter = 1e-06
jitter = 9.999999999999999e-06
jitter = 9.999999999999999e-05
jitter = 0.001
jitter = 0.01
jitter = 0.1
jitter = 1.0
jitter = 10.0
jitter is too large, output random predictions
jitter = 1e-07
jitter = 1e-06
jitter = 9.999999999999999e-06
jitter = 9.999999999999999e-05
jitter = 0.001
jitter = 0.01
jitter = 0.1
jitter = 1.0
jitter = 10.0
jitter is too large, output random predictions
jitter = 1e-07
jitter = 1e-06
jitter = 9.999999999999999e-06
jitter = 9.999999999999999e-05
jitter = 0.001
jitter = 0.01
jitter = 0.1
jitter = 1.0
jitter = 10.0
jitter is too large, output random predictions
jitter = 1e-07
jitter = 1e-06
jitter = 9.999999999999999e-06
jitter = 9.999999999999999e-05
jitter = 0.001
jitter = 0.01
jitter = 0.1
jitter = 1.0
jitter = 10.0
jitter is too large, output random predictions
jitter = 1e-07
jitter = 1e-06
jitter = 9.999999999999999e-06
jitter = 9.999999999999999e-05
jitter = 0.001
jitter = 0.01
jitter = 0.1
jitter = 1.0
jitter = 10.0
jitter is too large, output random predictions
jitter = 1e-07
jitter = 1e-06
jitter = 9.999999999999999e-06
jitter = 9.999999999999999e-05
jitter = 0.001
jitter = 0.01
jitter = 0.1
jitter = 1.0
jitter = 10.0
jitter is too large, output random predictions
jitter = 1e-07
jitter = 1e-06
jitter = 9.999999999999999e-06
jitter = 9.999999999999999e-05
jitter = 0.001
jitter = 0.01
jitter = 0.1
jitter = 1.0
jitter = 10.0
jitter is too large, output random predictions
jitter = 1e-07
jitter = 1e-06
jitter = 9.999999999999999e-06
jitter = 9.999999999999999e-05
jitter = 0.001
jitter = 0.01
jitter = 0.1
jitter = 1.0
jitter = 10.0
jitter is too large, output random predictions
jitter = 1e-07
jitter = 1e-06
jitter = 9.999999999999999e-06
jitter = 9.999999999999999e-05
jitter = 0.001
jitter = 0.01
jitter = 0.1
jitter = 1.0
jitter = 10.0
jitter is too large, output random predictions
jitter = 1e-07
jitter = 1e-06
jitter = 9.999999999999999e-06
jitter = 9.999999999999999e-05
jitter = 0.001
jitter = 0.01
jitter = 0.1
jitter = 1.0
jitter = 10.0
jitter is too large, output random predictions
jitter = 1e-07
jitter = 1e-06
jitter = 9.999999999999999e-06
jitter = 9.999999999999999e-05
jitter = 0.001
jitter = 0.01
jitter = 0.1
jitter = 1.0
jitter = 10.0
jitter is too large, output random predictions
jitter = 1e-07
jitter = 1e-06
jitter = 9.999999999999999e-06
jitter = 9.999999999999999e-05
jitter = 0.001
jitter = 0.01
jitter = 0.1
jitter = 1.0
jitter = 10.0
jitter is too large, output random predictions
jitter = 1e-07
jitter = 1e-06
jitter = 9.999999999999999e-06
jitter = 9.999999999999999e-05
jitter = 0.001
jitter = 0.01
jitter = 0.1
jitter = 1.0
jitter = 10.0
jitter is too large, output random predictions
jitter = 1e-07
jitter = 1e-06
jitter = 9.999999999999999e-06
jitter = 9.999999999999999e-05
jitter = 0.001
jitter = 0.01
jitter = 0.1
jitter = 1.0
jitter = 10.0
jitter is too large, output random predictions
jitter = 1e-07
jitter = 1e-06
jitter = 9.999999999999999e-06
jitter = 9.999999999999999e-05
jitter = 0.001
jitter = 0.01
jitter = 0.1
jitter = 1.0
jitter = 10.0
jitter is too large, output random predictions
jitter = 1e-07
jitter = 1e-06
jitter = 9.999999999999999e-06
jitter = 9.999999999999999e-05
jitter = 0.001
jitter = 0.01
jitter = 0.1
jitter = 1.0
jitter = 10.0
jitter is too large, output random predictions
jitter = 1e-07
jitter = 1e-06
jitter = 9.999999999999999e-06
jitter = 9.999999999999999e-05
jitter = 0.001
jitter = 0.01
jitter = 0.1
jitter = 1.0
jitter = 10.0
jitter is too large, output random predictions
jitter = 1e-07
jitter = 1e-06
jitter = 9.999999999999999e-06
jitter = 9.999999999999999e-05
jitter = 0.001
jitter = 0.01
jitter = 0.1
jitter = 1.0
jitter = 10.0
jitter is too large, output random predictions
jitter = 1e-07
jitter = 1e-06
jitter = 9.999999999999999e-06
jitter = 9.999999999999999e-05
jitter = 0.001
jitter = 0.01
jitter = 0.1
jitter = 1.0
jitter = 10.0
jitter is too large, output random predictions
jitter = 1e-07
jitter = 1e-06
jitter = 9.999999999999999e-06
jitter = 9.999999999999999e-05
jitter = 0.001
jitter = 0.01
jitter = 0.1
jitter = 1.0
jitter = 10.0
jitter is too large, output random predictions
jitter = 1e-07
jitter = 1e-06
jitter = 9.999999999999999e-06
jitter = 9.999999999999999e-05
jitter = 0.001
jitter = 0.01
jitter = 0.1
jitter = 1.0
jitter = 10.0
jitter is too large, output random predictions
jitter = 1e-07
jitter = 1e-06
jitter = 9.999999999999999e-06
jitter = 9.999999999999999e-05
jitter = 0.001
jitter = 0.01
jitter = 0.1
jitter = 1.0
jitter = 10.0
jitter is too large, output random predictions
jitter = 1e-07
jitter = 1e-06
jitter = 9.999999999999999e-06
jitter = 9.999999999999999e-05
jitter = 0.001
jitter = 0.01
jitter = 0.1
jitter = 1.0
jitter = 10.0
jitter is too large, output random predictions
jitter = 1e-07
jitter = 1e-06
jitter = 9.999999999999999e-06
jitter = 9.999999999999999e-05
jitter = 0.001
jitter = 0.01
jitter = 0.1
jitter = 1.0
jitter = 10.0
jitter is too large, output random predictions
jitter = 1e-07
jitter = 1e-06
jitter = 9.999999999999999e-06
jitter = 9.999999999999999e-05
jitter = 0.001
jitter = 0.01
jitter = 0.1
jitter = 1.0
jitter = 10.0
jitter is too large, output random predictions
jitter = 1e-07
jitter = 1e-06
jitter = 9.999999999999999e-06
jitter = 9.999999999999999e-05
jitter = 0.001
jitter = 0.01
jitter = 0.1
jitter = 1.0
jitter = 10.0
jitter is too large, output random predictions
jitter = 1e-07
jitter = 1e-06
jitter = 9.999999999999999e-06
jitter = 9.999999999999999e-05
jitter = 0.001
jitter = 0.01
jitter = 0.1
jitter = 1.0
jitter = 10.0
jitter is too large, output random predictions
jitter = 1e-07
jitter = 1e-06
jitter = 9.999999999999999e-06
jitter = 9.999999999999999e-05
jitter = 0.001
jitter = 0.01
jitter = 0.1
jitter = 1.0
jitter = 10.0
jitter is too large, output random predictions
jitter = 1e-07
jitter = 1e-06
jitter = 9.999999999999999e-06
jitter = 9.999999999999999e-05
jitter = 0.001
jitter = 0.01
jitter = 0.1
jitter = 1.0
jitter = 10.0
jitter is too large, output random predictions
jitter = 1e-07
jitter = 1e-06
jitter = 9.999999999999999e-06
jitter = 9.999999999999999e-05
jitter = 0.001
jitter = 0.01
jitter = 0.1
jitter = 1.0
jitter = 10.0
jitter is too large, output random predictions
jitter = 1e-07
jitter = 1e-06
jitter = 9.999999999999999e-06
jitter = 9.999999999999999e-05
jitter = 0.001
jitter = 0.01
jitter = 0.1
jitter = 1.0
jitter = 10.0
jitter is too large, output random predictions
jitter = 1e-07
jitter = 1e-06
jitter = 9.999999999999999e-06
jitter = 9.999999999999999e-05
jitter = 0.001
jitter = 0.01
jitter = 0.1
jitter = 1.0
jitter = 10.0
jitter is too large, output random predictions
jitter = 1e-07
jitter = 1e-06
jitter = 9.999999999999999e-06
jitter = 9.999999999999999e-05
jitter = 0.001
jitter = 0.01
jitter = 0.1
jitter = 1.0
jitter = 10.0
jitter is too large, output random predictions
jitter = 1e-07
jitter = 1e-06
jitter = 9.999999999999999e-06
jitter = 9.999999999999999e-05
jitter = 0.001
jitter = 0.01
jitter = 0.1
jitter = 1.0
jitter = 10.0
jitter is too large, output random predictions
jitter = 1e-07
jitter = 1e-06
jitter = 9.999999999999999e-06
jitter = 9.999999999999999e-05
jitter = 0.001
jitter = 0.01
jitter = 0.1
jitter = 1.0
jitter = 10.0
jitter is too large, output random predictions
jitter = 1e-07
jitter = 1e-06
jitter = 9.999999999999999e-06
jitter = 9.999999999999999e-05
jitter = 0.001
jitter = 0.01
jitter = 0.1
jitter = 1.0
jitter = 10.0
jitter is too large, output random predictions
jitter = 1e-07
jitter = 1e-06
jitter = 9.999999999999999e-06
jitter = 9.999999999999999e-05
jitter = 0.001
jitter = 0.01
jitter = 0.1
jitter = 1.0
jitter = 10.0
jitter is too large, output random predictions
jitter = 1e-07
jitter = 1e-06
jitter = 9.999999999999999e-06
jitter = 9.999999999999999e-05
jitter = 0.001
jitter = 0.01
jitter = 0.1
jitter = 1.0
jitter = 10.0
jitter is too large, output random predictions
jitter = 1e-07
jitter = 1e-06
jitter = 9.999999999999999e-06
jitter = 9.999999999999999e-05
jitter = 0.001
jitter = 0.01
jitter = 0.1
jitter = 1.0
jitter = 10.0
jitter is too large, output random predictions
jitter = 1e-07
jitter = 1e-06
jitter = 9.999999999999999e-06
jitter = 9.999999999999999e-05
jitter = 0.001
jitter = 0.01
jitter = 0.1
jitter = 1.0
jitter = 10.0
jitter is too large, output random predictions
jitter = 1e-07
jitter = 1e-06
jitter = 9.999999999999999e-06
jitter = 9.999999999999999e-05
jitter = 0.001
jitter = 0.01
jitter = 0.1
jitter = 1.0
jitter = 10.0
jitter is too large, output random predictions
jitter = 1e-07
jitter = 1e-06
jitter = 9.999999999999999e-06
jitter = 9.999999999999999e-05
jitter = 0.001
jitter = 0.01
jitter = 0.1
jitter = 1.0
jitter = 10.0
jitter is too large, output random predictions
jitter = 1e-07
jitter = 1e-06
jitter = 9.999999999999999e-06
jitter = 9.999999999999999e-05
jitter = 0.001
jitter = 0.01
jitter = 0.1
jitter = 1.0
jitter = 10.0
jitter is too large, output random predictions
jitter = 1e-07
jitter = 1e-06
jitter = 9.999999999999999e-06
jitter = 9.999999999999999e-05
jitter = 0.001
jitter = 0.01
jitter = 0.1
jitter = 1.0
jitter = 10.0
jitter is too large, output random predictions
jitter = 1e-07
jitter = 1e-06
jitter = 9.999999999999999e-06
jitter = 9.999999999999999e-05
jitter = 0.001
jitter = 0.01
jitter = 0.1
jitter = 1.0
jitter = 10.0
jitter is too large, output random predictions
jitter = 1e-07
jitter = 1e-06
jitter = 9.999999999999999e-06
jitter = 9.999999999999999e-05
jitter = 0.001
jitter = 0.01
jitter = 0.1
jitter = 1.0
jitter = 10.0
jitter is too large, output random predictions
jitter = 1e-07
jitter = 1e-06
jitter = 9.999999999999999e-06
jitter = 9.999999999999999e-05
jitter = 0.001
jitter = 0.01
jitter = 0.1
jitter = 1.0
jitter = 10.0
jitter is too large, output random predictions
jitter = 1e-07
jitter = 1e-06
jitter = 9.999999999999999e-06
jitter = 9.999999999999999e-05
jitter = 0.001
jitter = 0.01
jitter = 0.1
jitter = 1.0
jitter = 10.0
jitter is too large, output random predictions
jitter = 1e-07
jitter = 1e-06
jitter = 9.999999999999999e-06
jitter = 9.999999999999999e-05
jitter = 0.001
jitter = 0.01
jitter = 0.1
jitter = 1.0
jitter = 10.0
jitter is too large, output random predictions
jitter = 1e-07
jitter = 1e-06
jitter = 9.999999999999999e-06
jitter = 9.999999999999999e-05
jitter = 0.001
jitter = 0.01
jitter = 0.1
jitter = 1.0
jitter = 10.0
jitter is too large, output random predictions
jitter = 1e-07
jitter = 1e-06
jitter = 9.999999999999999e-06
jitter = 9.999999999999999e-05
jitter = 0.001
jitter = 0.01
jitter = 0.1
jitter = 1.0
jitter = 10.0
jitter is too large, output random predictions
jitter = 1e-07
jitter = 1e-06
jitter = 9.999999999999999e-06
jitter = 9.999999999999999e-05
jitter = 0.001
jitter = 0.01
jitter = 0.1
jitter = 1.0
jitter = 10.0
jitter is too large, output random predictions
jitter = 1e-07
jitter = 1e-06
jitter = 9.999999999999999e-06
jitter = 9.999999999999999e-05
jitter = 0.001
jitter = 0.01
jitter = 0.1
jitter = 1.0
jitter = 10.0
jitter is too large, output random predictions
jitter = 1e-07
jitter = 1e-06
jitter = 9.999999999999999e-06
jitter = 9.999999999999999e-05
jitter = 0.001
jitter = 0.01
jitter = 0.1
jitter = 1.0
jitter = 10.0
jitter is too large, output random predictions
jitter = 1e-07
jitter = 1e-06
jitter = 9.999999999999999e-06
jitter = 9.999999999999999e-05
jitter = 0.001
jitter = 0.01
jitter = 0.1
jitter = 1.0
jitter = 10.0
jitter is too large, output random predictions
jitter = 1e-07
jitter = 1e-06
jitter = 9.999999999999999e-06
jitter = 9.999999999999999e-05
jitter = 0.001
jitter = 0.01
jitter = 0.1
jitter = 1.0
jitter = 10.0
jitter is too large, output random predictions
jitter = 1e-07
jitter = 1e-06
jitter = 9.999999999999999e-06
jitter = 9.999999999999999e-05
jitter = 0.001
jitter = 0.01
jitter = 0.1
jitter = 1.0
jitter = 10.0
jitter is too large, output random predictions
jitter = 1e-07
jitter = 1e-06
jitter = 9.999999999999999e-06
jitter = 9.999999999999999e-05
jitter = 0.001
jitter = 0.01
jitter = 0.1
jitter = 1.0
jitter = 10.0
jitter is too large, output random predictions
jitter = 1e-07
jitter = 1e-06
jitter = 9.999999999999999e-06
jitter = 9.999999999999999e-05
jitter = 0.001
jitter = 0.01
jitter = 0.1
jitter = 1.0
jitter = 10.0
jitter is too large, output random predictions
jitter = 1e-07
jitter = 1e-06
jitter = 9.999999999999999e-06
jitter = 9.999999999999999e-05
jitter = 0.001
jitter = 0.01
jitter = 0.1
jitter = 1.0
jitter = 10.0
jitter is too large, output random predictions
jitter = 1e-07
jitter = 1e-06
jitter = 9.999999999999999e-06
jitter = 9.999999999999999e-05
jitter = 0.001
jitter = 0.01
jitter = 0.1
jitter = 1.0
jitter = 10.0
jitter is too large, output random predictions
jitter = 1e-07
jitter = 1e-06
jitter = 9.999999999999999e-06
jitter = 9.999999999999999e-05
jitter = 0.001
jitter = 0.01
jitter = 0.1
jitter = 1.0
jitter = 10.0
jitter is too large, output random predictions
jitter = 1e-07
jitter = 1e-06
jitter = 9.999999999999999e-06
jitter = 9.999999999999999e-05
jitter = 0.001
jitter = 0.01
jitter = 0.1
jitter = 1.0
jitter = 10.0
jitter is too large, output random predictions
jitter = 1e-07
jitter = 1e-06
jitter = 9.999999999999999e-06
jitter = 9.999999999999999e-05
jitter = 0.001
jitter = 0.01
jitter = 0.1
jitter = 1.0
jitter = 10.0
jitter is too large, output random predictions
jitter = 1e-07
jitter = 1e-06
jitter = 9.999999999999999e-06
jitter = 9.999999999999999e-05
jitter = 0.001
jitter = 0.01
jitter = 0.1
jitter = 1.0
jitter = 10.0
jitter is too large, output random predictions
jitter = 1e-07
jitter = 1e-06
jitter = 9.999999999999999e-06
jitter = 9.999999999999999e-05
jitter = 0.001
jitter = 0.01
jitter = 0.1
jitter = 1.0
jitter = 10.0
jitter is too large, output random predictions
jitter = 1e-07
jitter = 1e-06
jitter = 9.999999999999999e-06
jitter = 9.999999999999999e-05
jitter = 0.001
jitter = 0.01
jitter = 0.1
jitter = 1.0
jitter = 10.0
jitter is too large, output random predictions
jitter = 1e-07
jitter = 1e-06
jitter = 9.999999999999999e-06
jitter = 9.999999999999999e-05
jitter = 0.001
jitter = 0.01
jitter = 0.1
jitter = 1.0
jitter = 10.0
jitter is too large, output random predictions
jitter = 1e-07
jitter = 1e-06
jitter = 9.999999999999999e-06
jitter = 9.999999999999999e-05
jitter = 0.001
jitter = 0.01
jitter = 0.1
jitter = 1.0
jitter = 10.0
jitter is too large, output random predictions
jitter = 1e-07
jitter = 1e-06
jitter = 9.999999999999999e-06
jitter = 9.999999999999999e-05
jitter = 0.001
jitter = 0.01
jitter = 0.1
jitter = 1.0
jitter = 10.0
jitter is too large, output random predictions
jitter = 1e-07
jitter = 1e-06
jitter = 9.999999999999999e-06
jitter = 9.999999999999999e-05
jitter = 0.001
jitter = 0.01
jitter = 0.1
jitter = 1.0
jitter = 10.0
jitter is too large, output random predictions
jitter = 1e-07
jitter = 1e-06
jitter = 9.999999999999999e-06
jitter = 9.999999999999999e-05
jitter = 0.001
jitter = 0.01
jitter = 0.1
jitter = 1.0
jitter = 10.0
jitter is too large, output random predictions
jitter = 1e-07
jitter = 1e-06
jitter = 9.999999999999999e-06
jitter = 9.999999999999999e-05
jitter = 0.001
jitter = 0.01
jitter = 0.1
jitter = 1.0
jitter = 10.0
jitter is too large, output random predictions
jitter = 1e-07
jitter = 1e-06
jitter = 9.999999999999999e-06
jitter = 9.999999999999999e-05
jitter = 0.001
jitter = 0.01
jitter = 0.1
  random_val       hydro   outer008  48 trials  3121.0s
  hebo_hess_mo     hydro   outer007  48 trials  3572.4s
  hebo_penult_mo   hydro   outer007  48 trials  3848.2s
  hebo_val         hydro   outer008  48 trials  2203.5s
  hebo_penult_mo   hydro   outer008  48 trials  3101.9s
  hebo_fg_mo       hydro   outer008  48 trials  3474.0s
  tpe_hess_mo      hydro   outer008  48 trials  3170.4s
  random_val       hydro   outer009  48 trials  3394.3s
  tpe_fg_mo        hydro   outer008  48 trials  4446.9s
  hebo_hess_mo     hydro   outer008  48 trials  3678.5s
  tpe_val          hydro   outer009  48 trials  2421.5s
  tpe_penult_mo    hydro   outer008  48 trials  4343.1s
  hebo_val         hydro   outer009  48 trials  2030.1s
  tpe_hess_mo      hydro   outer009  48 trials  2949.6s
  hebo_penult_mo   hydro   outer009  48 trials  3216.0s
  hebo_fg_mo       hydro   outer009  48 trials  3745.5s
  random_val       hydro   outer010  48 trials  3305.0s
  tpe_fg_mo        hydro   outer009  48 trials  4483.6s
  tpe_val          hydro   outer010  48 trials  2682.6s
  hebo_hess_mo     hydro   outer009  48 trials  3839.7s
  tpe_penult_mo    hydro   outer009  48 trials  4056.4s
  hebo_val         hydro   outer010  48 trials  2065.8s
  hebo_fg_mo       hydro   outer010  48 trials  2768.8s
  tpe_hess_mo      hydro   outer010  48 trials  2231.7s
  hebo_hess_mo     hydro   outer010  48 trials  2195.7s
  hebo_penult_mo   hydro   outer010  48 trials  2536.6s
  tpe_penult_mo    hydro   outer010  48 trials  3031.6s
  tpe_fg_mo        hydro   outer010  48 trials  3425.5s

Compiled modules for significant speedup can not be used!
https://pymoo.org/installation.html#installation

To disable this warning:
from pymoo.config import Config
Config.warnings['not_compiled'] = False


Compiled modules for significant speedup can not be used!
https://pymoo.org/installation.html#installation

To disable this warning:
from pymoo.config import Config
Config.warnings['not_compiled'] = False


Compiled modules for significant speedup can not be used!
https://pymoo.org/installation.html#installation

To disable this warning:
from pymoo.config import Config
Config.warnings['not_compiled'] = False

jitter = 1.0
jitter = 10.0
jitter is too large, output random predictions
jitter = 1e-07
jitter = 1e-06
jitter = 9.999999999999999e-06
jitter = 9.999999999999999e-05
jitter = 0.001
jitter = 0.01
jitter = 0.1
jitter = 1.0
jitter = 10.0
jitter is too large, output random predictions
jitter = 1e-07
jitter = 1e-06
jitter = 9.999999999999999e-06
jitter = 9.999999999999999e-05
jitter = 0.001
jitter = 0.01
jitter = 0.1
jitter = 1.0
jitter = 10.0
jitter is too large, output random predictions
jitter = 1e-07
jitter = 1e-06
jitter = 9.999999999999999e-06
jitter = 9.999999999999999e-05
jitter = 0.001
jitter = 0.01
jitter = 0.1
jitter = 1.0
jitter = 10.0
jitter is too large, output random predictions
jitter = 1e-07
jitter = 1e-06
jitter = 9.999999999999999e-06
jitter = 9.999999999999999e-05
jitter = 0.001
jitter = 0.01
jitter = 0.1
jitter = 1.0
jitter = 10.0
jitter is too large, output random predictions
jitter = 1e-07
jitter = 1e-06
jitter = 9.999999999999999e-06
jitter = 9.999999999999999e-05
jitter = 0.001
jitter = 0.01
jitter = 0.1
jitter = 1.0
jitter = 10.0
jitter is too large, output random predictions
jitter = 1e-07
jitter = 1e-06
jitter = 9.999999999999999e-06
jitter = 9.999999999999999e-05
jitter = 0.001
jitter = 0.01
jitter = 0.1
jitter = 1.0
jitter = 10.0
jitter is too large, output random predictions
jitter = 1e-07
jitter = 1e-06
jitter = 9.999999999999999e-06
jitter = 9.999999999999999e-05
jitter = 0.001
jitter = 0.01
jitter = 0.1
jitter = 1.0
jitter = 10.0
jitter is too large, output random predictions
jitter = 1e-07
jitter = 1e-06
jitter = 9.999999999999999e-06
jitter = 9.999999999999999e-05
jitter = 0.001
jitter = 0.01
jitter = 0.1
jitter = 1.0
jitter = 10.0
jitter is too large, output random predictions
jitter = 1e-07
jitter = 1e-06
jitter = 9.999999999999999e-06
jitter = 9.999999999999999e-05
jitter = 0.001
jitter = 0.01
jitter = 0.1
jitter = 1.0
jitter = 10.0
jitter is too large, output random predictions
jitter = 1e-07
jitter = 1e-06
jitter = 9.999999999999999e-06
jitter = 9.999999999999999e-05
jitter = 0.001
jitter = 0.01
jitter = 0.1
jitter = 1.0
jitter = 10.0
jitter is too large, output random predictions
jitter = 1e-07
jitter = 1e-06
jitter = 9.999999999999999e-06
jitter = 9.999999999999999e-05
jitter = 0.001
jitter = 0.01
jitter = 0.1
jitter = 1.0
jitter = 10.0
jitter is too large, output random predictions
jitter = 1e-07
jitter = 1e-06
jitter = 9.999999999999999e-06
jitter = 9.999999999999999e-05
jitter = 0.001
jitter = 0.01
jitter = 0.1
jitter = 1.0
jitter = 10.0
jitter is too large, output random predictions
jitter = 1e-07
jitter = 1e-06
jitter = 9.999999999999999e-06
jitter = 9.999999999999999e-05
jitter = 0.001
jitter = 0.01
jitter = 0.1
jitter = 1.0
jitter = 10.0
jitter is too large, output random predictions
jitter = 1e-07
jitter = 1e-06
jitter = 9.999999999999999e-06
jitter = 9.999999999999999e-05
jitter = 0.001
jitter = 0.01
jitter = 0.1
jitter = 1.0
jitter = 10.0
jitter is too large, output random predictions
jitter = 1e-07
jitter = 1e-06
jitter = 9.999999999999999e-06
jitter = 9.999999999999999e-05
jitter = 0.001
jitter = 0.01
jitter = 0.1
jitter = 1.0
jitter = 10.0
jitter is too large, output random predictions
jitter = 1e-07
jitter = 1e-06
jitter = 9.999999999999999e-06
jitter = 9.999999999999999e-05
jitter = 0.001
jitter = 0.01
jitter = 0.1
jitter = 1.0
jitter = 10.0
jitter is too large, output random predictions
jitter = 1e-07
jitter = 1e-06
jitter = 9.999999999999999e-06
jitter = 9.999999999999999e-05
jitter = 0.001
jitter = 0.01
jitter = 0.1
jitter = 1.0
jitter = 10.0
jitter is too large, output random predictions
jitter = 1e-07
jitter = 1e-06
jitter = 9.999999999999999e-06
jitter = 9.999999999999999e-05
jitter = 0.001
jitter = 0.01
jitter = 0.1
jitter = 1.0
jitter = 10.0
jitter is too large, output random predictions
jitter = 1e-07
jitter = 1e-06
jitter = 9.999999999999999e-06
jitter = 9.999999999999999e-05
jitter = 0.001
jitter = 0.01
jitter = 0.1
jitter = 1.0
jitter = 10.0
jitter is too large, output random predictions
jitter = 1e-07
jitter = 1e-06
jitter = 9.999999999999999e-06
jitter = 9.999999999999999e-05
jitter = 0.001
jitter = 0.01
jitter = 0.1
jitter = 1.0
jitter = 10.0
jitter is too large, output random predictions
jitter = 1e-07
jitter = 1e-06
jitter = 9.999999999999999e-06
jitter = 9.999999999999999e-05
jitter = 0.001
jitter = 0.01
jitter = 0.1
jitter = 1.0
jitter = 10.0
jitter is too large, output random predictions
jitter = 1e-07
jitter = 1e-06
jitter = 9.999999999999999e-06
jitter = 9.999999999999999e-05
jitter = 0.001
jitter = 0.01
jitter = 0.1
jitter = 1.0
jitter = 10.0
jitter is too large, output random predictions
jitter = 1e-07
jitter = 1e-06
jitter = 9.999999999999999e-06
jitter = 9.999999999999999e-05
jitter = 0.001
jitter = 0.01
jitter = 0.1
jitter = 1.0
jitter = 10.0
jitter is too large, output random predictions
jitter = 1e-07
jitter = 1e-06
jitter = 9.999999999999999e-06
jitter = 9.999999999999999e-05
jitter = 0.001
jitter = 0.01
jitter = 0.1
jitter = 1.0
jitter = 10.0
jitter is too large, output random predictions
jitter = 1e-07
jitter = 1e-06
jitter = 9.999999999999999e-06
jitter = 9.999999999999999e-05
jitter = 0.001
jitter = 0.01
jitter = 0.1
jitter = 1.0
jitter = 10.0
jitter is too large, output random predictions
jitter = 1e-07
jitter = 1e-06
jitter = 9.999999999999999e-06
jitter = 9.999999999999999e-05
jitter = 0.001
jitter = 0.01
jitter = 0.1
jitter = 1.0
jitter = 10.0
jitter is too large, output random predictions
jitter = 1e-07
jitter = 1e-06
jitter = 9.999999999999999e-06
jitter = 9.999999999999999e-05
jitter = 0.001
jitter = 0.01
jitter = 0.1
jitter = 1.0
jitter = 10.0
jitter is too large, output random predictions
jitter = 1e-07
jitter = 1e-06
jitter = 9.999999999999999e-06
jitter = 9.999999999999999e-05
jitter = 0.001
jitter = 0.01
jitter = 0.1
jitter = 1.0
jitter = 10.0
jitter is too large, output random predictions
jitter = 1e-07
jitter = 1e-06
jitter = 9.999999999999999e-06
jitter = 9.999999999999999e-05
jitter = 0.001
jitter = 0.01
jitter = 0.1
jitter = 1.0
jitter = 10.0
jitter is too large, output random predictions
jitter = 1e-07
jitter = 1e-06
jitter = 9.999999999999999e-06
jitter = 9.999999999999999e-05
jitter = 0.001
jitter = 0.01
jitter = 0.1
jitter = 1.0
jitter = 10.0
jitter is too large, output random predictions
jitter = 1e-07
jitter = 1e-06
jitter = 9.999999999999999e-06
jitter = 9.999999999999999e-05
jitter = 0.001
jitter = 0.01
jitter = 0.1
jitter = 1.0
jitter = 10.0
jitter is too large, output random predictions
jitter = 1e-07
jitter = 1e-06
jitter = 9.999999999999999e-06
jitter = 9.999999999999999e-05
jitter = 0.001
jitter = 0.01
jitter = 0.1
jitter = 1.0
jitter = 10.0
jitter is too large, output random predictions
jitter = 1e-07
jitter = 1e-06
jitter = 9.999999999999999e-06
jitter = 9.999999999999999e-05
jitter = 0.001
jitter = 0.01
jitter = 0.1
jitter = 1.0
jitter = 10.0
jitter is too large, output random predictions
jitter = 1e-07
jitter = 1e-06
jitter = 9.999999999999999e-06
jitter = 9.999999999999999e-05
jitter = 0.001
jitter = 0.01
jitter = 0.1
jitter = 1.0
jitter = 10.0
jitter is too large, output random predictions
jitter = 1e-07
jitter = 1e-06
jitter = 9.999999999999999e-06
jitter = 9.999999999999999e-05
jitter = 0.001
jitter = 0.01
jitter = 0.1
jitter = 1.0
jitter = 10.0
jitter is too large, output random predictions
jitter = 1e-07
jitter = 1e-06
jitter = 9.999999999999999e-06
jitter = 9.999999999999999e-05
jitter = 0.001
jitter = 0.01
jitter = 0.1
jitter = 1.0
jitter = 10.0
jitter is too large, output random predictions
jitter = 1e-07
jitter = 1e-06
jitter = 9.999999999999999e-06
jitter = 9.999999999999999e-05
jitter = 0.001
jitter = 0.01
jitter = 0.1
jitter = 1.0
jitter = 10.0
jitter is too large, output random predictions
jitter = 1e-07
jitter = 1e-06
jitter = 9.999999999999999e-06
jitter = 9.999999999999999e-05
jitter = 0.001
jitter = 0.01
jitter = 0.1
jitter = 1.0
jitter = 10.0
jitter is too large, output random predictions
jitter = 1e-07
jitter = 1e-06
jitter = 9.999999999999999e-06
jitter = 9.999999999999999e-05
jitter = 0.001
jitter = 0.01
jitter = 0.1
jitter = 1.0
jitter = 10.0
jitter is too large, output random predictions
jitter = 1e-07
jitter = 1e-06
jitter = 9.999999999999999e-06
jitter = 9.999999999999999e-05
jitter = 0.001
jitter = 0.01
jitter = 0.1
jitter = 1.0
jitter = 10.0
jitter is too large, output random predictions
jitter = 1e-07
jitter = 1e-06
jitter = 9.999999999999999e-06
jitter = 9.999999999999999e-05
jitter = 0.001
jitter = 0.01
jitter = 0.1
jitter = 1.0
jitter = 10.0
jitter is too large, output random predictions
jitter = 1e-07
jitter = 1e-06
jitter = 9.999999999999999e-06
jitter = 9.999999999999999e-05
jitter = 0.001
jitter = 0.01
jitter = 0.1
jitter = 1.0
jitter = 10.0
jitter is too large, output random predictions
jitter = 1e-07
jitter = 1e-06
jitter = 9.999999999999999e-06
jitter = 9.999999999999999e-05
jitter = 0.001
jitter = 0.01
jitter = 0.1
jitter = 1.0
jitter = 10.0
jitter is too large, output random predictions
jitter = 1e-07
jitter = 1e-06
jitter = 9.999999999999999e-06
jitter = 9.999999999999999e-05
jitter = 0.001
jitter = 0.01
jitter = 0.1
jitter = 1.0
jitter = 10.0
jitter is too large, output random predictions
jitter = 1e-07
jitter = 1e-06
jitter = 9.999999999999999e-06
jitter = 9.999999999999999e-05
jitter = 0.001
jitter = 0.01
jitter = 0.1
jitter = 1.0
jitter = 10.0
jitter is too large, output random predictions
jitter = 1e-07
jitter = 1e-06
jitter = 9.999999999999999e-06
jitter = 9.999999999999999e-05
jitter = 0.001
jitter = 0.01
jitter = 0.1
jitter = 1.0
jitter = 10.0
jitter is too large, output random predictions
jitter = 1e-07
jitter = 1e-06
jitter = 9.999999999999999e-06
jitter = 9.999999999999999e-05
jitter = 0.001
jitter = 0.01
jitter = 0.1
jitter = 1.0
jitter = 10.0
jitter is too large, output random predictions
jitter = 1e-07
jitter = 1e-06
jitter = 9.999999999999999e-06
jitter = 9.999999999999999e-05
jitter = 0.001
jitter = 0.01
jitter = 0.1
jitter = 1.0
jitter = 10.0
jitter is too large, output random predictions
jitter = 1e-07
jitter = 1e-06
jitter = 9.999999999999999e-06
jitter = 9.999999999999999e-05
jitter = 0.001
jitter = 0.01
jitter = 0.1
jitter = 1.0
jitter = 10.0
jitter is too large, output random predictions
jitter = 1e-07
jitter = 1e-06
jitter = 9.999999999999999e-06
jitter = 9.999999999999999e-05
jitter = 0.001
jitter = 0.01
jitter = 0.1
jitter = 1.0
jitter = 10.0
jitter is too large, output random predictions
jitter = 1e-07
jitter = 1e-06
jitter = 9.999999999999999e-06
jitter = 9.999999999999999e-05
jitter = 0.001
jitter = 0.01
jitter = 0.1
jitter = 1.0
jitter = 10.0
jitter is too large, output random predictions
jitter = 1e-07
jitter = 1e-06
jitter = 9.999999999999999e-06
jitter = 9.999999999999999e-05
jitter = 0.001
jitter = 0.01
jitter = 0.1
jitter = 1.0
jitter = 10.0
jitter is too large, output random predictions
jitter = 1e-07
jitter = 1e-06
jitter = 9.999999999999999e-06
jitter = 9.999999999999999e-05
jitter = 0.001
jitter = 0.01
jitter = 0.1
jitter = 1.0
jitter = 10.0
jitter is too large, output random predictions
jitter = 1e-07
jitter = 1e-06
jitter = 9.999999999999999e-06
jitter = 9.999999999999999e-05
jitter = 0.001
jitter = 0.01
jitter = 0.1
jitter = 1.0
jitter = 10.0
jitter is too large, output random predictions
jitter = 1e-07
jitter = 1e-06
jitter = 9.999999999999999e-06
jitter = 9.999999999999999e-05
jitter = 0.001
jitter = 0.01
jitter = 0.1
jitter = 1.0
jitter = 10.0
jitter is too large, output random predictions
jitter = 1e-07
jitter = 1e-06
jitter = 9.999999999999999e-06
jitter = 9.999999999999999e-05
jitter = 0.001
jitter = 0.01
jitter = 0.1
jitter = 1.0
jitter = 10.0
jitter is too large, output random predictions
jitter = 1e-07
jitter = 1e-06
jitter = 9.999999999999999e-06
jitter = 9.999999999999999e-05
jitter = 0.001
jitter = 0.01
jitter = 0.1
jitter = 1.0
jitter = 10.0
jitter is too large, output random predictions
jitter = 1e-07
jitter = 1e-06
jitter = 9.999999999999999e-06
jitter = 9.999999999999999e-05
jitter = 0.001
jitter = 0.01
jitter = 0.1
jitter = 1.0
jitter = 10.0
jitter is too large, output random predictions
jitter = 1e-07
jitter = 1e-06
jitter = 9.999999999999999e-06
jitter = 9.999999999999999e-05
jitter = 0.001
jitter = 0.01
jitter = 0.1
jitter = 1.0
jitter = 10.0
jitter is too large, output random predictions
jitter = 1e-07
jitter = 1e-06
jitter = 9.999999999999999e-06
jitter = 9.999999999999999e-05
jitter = 0.001
jitter = 0.01
jitter = 0.1
jitter = 1.0
jitter = 10.0
jitter is too large, output random predictions
jitter = 1e-07
jitter = 1e-06
jitter = 9.999999999999999e-06
jitter = 9.999999999999999e-05
jitter = 0.001
jitter = 0.01
jitter = 0.1
jitter = 1.0
jitter = 10.0
jitter is too large, output random predictions
jitter = 1e-07
jitter = 1e-06
jitter = 9.999999999999999e-06
jitter = 9.999999999999999e-05
jitter = 0.001
jitter = 0.01
jitter = 0.1
jitter = 1.0
jitter = 10.0
jitter is too large, output random predictions
jitter = 1e-07
jitter = 1e-06
jitter = 9.999999999999999e-06
jitter = 9.999999999999999e-05
jitter = 0.001
jitter = 0.01
jitter = 0.1
jitter = 1.0
jitter = 10.0
jitter is too large, output random predictions
jitter = 1e-07
jitter = 1e-06
jitter = 9.999999999999999e-06
jitter = 9.999999999999999e-05
jitter = 0.001
jitter = 0.01
jitter = 0.1
jitter = 1.0
jitter = 10.0
jitter is too large, output random predictions
jitter = 1e-07
jitter = 1e-06
jitter = 9.999999999999999e-06
jitter = 9.999999999999999e-05
jitter = 0.001
jitter = 0.01
jitter = 0.1
jitter = 1.0
jitter = 10.0
jitter is too large, output random predictions
jitter = 1e-07
jitter = 1e-06
jitter = 9.999999999999999e-06
jitter = 9.999999999999999e-05
jitter = 0.001
jitter = 0.01
jitter = 0.1
jitter = 1.0
jitter = 10.0
jitter is too large, output random predictions
jitter = 1e-07
jitter = 1e-06
jitter = 9.999999999999999e-06
jitter = 9.999999999999999e-05
jitter = 0.001
jitter = 0.01
jitter = 0.1
jitter = 1.0
jitter = 10.0
jitter is too large, output random predictions
jitter = 1e-07
jitter = 1e-06
jitter = 9.999999999999999e-06
jitter = 9.999999999999999e-05
jitter = 0.001
jitter = 0.01
jitter = 0.1
jitter = 1.0
jitter = 10.0
jitter is too large, output random predictions
jitter = 1e-07
jitter = 1e-06
jitter = 9.999999999999999e-06
jitter = 9.999999999999999e-05
jitter = 0.001
jitter = 0.01
jitter = 0.1
jitter = 1.0
jitter = 10.0
jitter is too large, output random predictions
jitter = 1e-07
jitter = 1e-06
jitter = 9.999999999999999e-06
jitter = 9.999999999999999e-05
jitter = 0.001
jitter = 0.01
jitter = 0.1
jitter = 1.0
jitter = 10.0
jitter is too large, output random predictions
jitter = 1e-07
jitter = 1e-06
jitter = 9.999999999999999e-06
jitter = 9.999999999999999e-05
jitter = 0.001
jitter = 0.01
jitter = 0.1
jitter = 1.0
jitter = 10.0
jitter is too large, output random predictions
jitter = 1e-07
jitter = 1e-06
jitter = 9.999999999999999e-06
jitter = 9.999999999999999e-05
jitter = 0.001
jitter = 0.01
jitter = 0.1
jitter = 1.0
jitter = 10.0
jitter is too large, output random predictions
jitter = 1e-07
jitter = 1e-06
jitter = 9.999999999999999e-06
jitter = 9.999999999999999e-05
jitter = 0.001
jitter = 0.01
jitter = 0.1
jitter = 1.0
jitter = 10.0
jitter is too large, output random predictions
jitter = 1e-07
jitter = 1e-06
jitter = 9.999999999999999e-06
jitter = 9.999999999999999e-05
jitter = 0.001
jitter = 0.01
jitter = 0.1
jitter = 1.0
jitter = 10.0
jitter is too large, output random predictions
jitter = 1e-07
jitter = 1e-06
jitter = 9.999999999999999e-06
jitter = 9.999999999999999e-05
jitter = 0.001
jitter = 0.01
jitter = 0.1
jitter = 1.0
jitter = 10.0
jitter is too large, output random predictions
jitter = 1e-07
jitter = 1e-06
jitter = 9.999999999999999e-06
jitter = 9.999999999999999e-05
jitter = 0.001
jitter = 0.01
jitter = 0.1
jitter = 1.0
jitter = 10.0
jitter is too large, output random predictions
jitter = 1e-07
jitter = 1e-06
jitter = 9.999999999999999e-06
jitter = 9.999999999999999e-05
jitter = 0.001
jitter = 0.01
jitter = 0.1
jitter = 1.0
jitter = 10.0
jitter is too large, output random predictions
jitter = 1e-07
jitter = 1e-06
jitter = 9.999999999999999e-06
jitter = 9.999999999999999e-05
jitter = 0.001
jitter = 0.01
jitter = 0.1
jitter = 1.0
jitter = 10.0
jitter is too large, output random predictions
jitter = 1e-07
jitter = 1e-06
jitter = 9.999999999999999e-06
jitter = 9.999999999999999e-05
jitter = 0.001
jitter = 0.01
jitter = 0.1
jitter = 1.0
jitter = 10.0
jitter is too large, output random predictions
jitter = 1e-07
jitter = 1e-06
jitter = 9.999999999999999e-06
jitter = 9.999999999999999e-05
jitter = 0.001
jitter = 0.01
jitter = 0.1
jitter = 1.0
jitter = 10.0
jitter is too large, output random predictions
jitter = 1e-07
jitter = 1e-06
jitter = 9.999999999999999e-06
jitter = 9.999999999999999e-05
jitter = 0.001
jitter = 0.01
jitter = 0.1
jitter = 1.0
jitter = 10.0
jitter is too large, output random predictions
jitter = 1e-07
jitter = 1e-06
jitter = 9.999999999999999e-06
jitter = 9.999999999999999e-05
jitter = 0.001
jitter = 0.01
jitter = 0.1
jitter = 1.0
jitter = 10.0
jitter is too large, output random predictions
jitter = 1e-07
jitter = 1e-06
jitter = 9.999999999999999e-06
jitter = 9.999999999999999e-05
jitter = 0.001
jitter = 0.01
jitter = 0.1
jitter = 1.0
jitter = 10.0
jitter is too large, output random predictions
jitter = 1e-07
jitter = 1e-06
jitter = 9.999999999999999e-06
jitter = 9.999999999999999e-05
jitter = 0.001
jitter = 0.01
jitter = 0.1
jitter = 1.0
jitter = 10.0
jitter is too large, output random predictions
jitter = 1e-07
jitter = 1e-06
jitter = 9.999999999999999e-06
jitter = 9.999999999999999e-05
jitter = 0.001
jitter = 0.01
jitter = 0.1
jitter = 1.0
jitter = 10.0
jitter is too large, output random predictions
jitter = 1e-07
jitter = 1e-06
jitter = 9.999999999999999e-06
jitter = 9.999999999999999e-05
jitter = 0.001
jitter = 0.01
jitter = 0.1
jitter = 1.0
jitter = 10.0
jitter is too large, output random predictions
jitter = 1e-07
jitter = 1e-06
jitter = 9.999999999999999e-06
jitter = 9.999999999999999e-05
jitter = 0.001
jitter = 0.01
jitter = 0.1
jitter = 1.0
jitter = 10.0
jitter is too large, output random predictions
jitter = 1e-07
jitter = 1e-06
jitter = 9.999999999999999e-06
jitter = 9.999999999999999e-05
jitter = 0.001
jitter = 0.01
jitter = 0.1
jitter = 1.0
jitter = 10.0
jitter is too large, output random predictions
jitter = 1e-07
jitter = 1e-06
jitter = 9.999999999999999e-06
jitter = 9.999999999999999e-05
jitter = 0.001
jitter = 0.01
jitter = 0.1
jitter = 1.0
jitter = 10.0
jitter is too large, output random predictions
jitter = 1e-07
jitter = 1e-06
jitter = 9.999999999999999e-06
jitter = 9.999999999999999e-05
jitter = 0.001
jitter = 0.01
jitter = 0.1
jitter = 1.0
jitter = 10.0
jitter is too large, output random predictions
jitter = 1e-07
jitter = 1e-06
jitter = 9.999999999999999e-06
jitter = 9.999999999999999e-05
jitter = 0.001
jitter = 0.01
jitter = 0.1
jitter = 1.0
jitter = 10.0
jitter is too large, output random predictions
jitter = 1e-07
jitter = 1e-06
jitter = 9.999999999999999e-06
jitter = 9.999999999999999e-05
jitter = 0.001
jitter = 0.01
jitter = 0.1
jitter = 1.0
jitter = 10.0
jitter is too large, output random predictions
jitter = 1e-07
jitter = 1e-06
jitter = 9.999999999999999e-06
jitter = 9.999999999999999e-05
jitter = 0.001
jitter = 0.01
jitter = 0.1
jitter = 1.0
jitter = 10.0
jitter is too large, output random predictions
jitter = 1e-07
jitter = 1e-06
jitter = 9.999999999999999e-06
jitter = 9.999999999999999e-05
jitter = 0.001
jitter = 0.01
jitter = 0.1
jitter = 1.0
jitter = 10.0
jitter is too large, output random predictions
jitter = 1e-07
jitter = 1e-06
jitter = 9.999999999999999e-06
jitter = 9.999999999999999e-05
jitter = 0.001
jitter = 0.01
jitter = 0.1
jitter = 1.0
jitter = 10.0
jitter is too large, output random predictions
jitter = 1e-07
jitter = 1e-06
jitter = 9.999999999999999e-06
jitter = 9.999999999999999e-05
jitter = 0.001
jitter = 0.01
jitter = 0.1
jitter = 1.0
jitter = 10.0
jitter is too large, output random predictions
jitter = 1e-07
jitter = 1e-06
jitter = 9.999999999999999e-06
jitter = 9.999999999999999e-05
jitter = 0.001
jitter = 0.01
jitter = 0.1
jitter = 1.0
jitter = 10.0
jitter is too large, output random predictions
jitter = 1e-07
jitter = 1e-06
jitter = 9.999999999999999e-06
jitter = 9.999999999999999e-05
jitter = 0.001
jitter = 0.01
jitter = 0.1
jitter = 1.0
jitter = 10.0
jitter is too large, output random predictions
jitter = 1e-07
jitter = 1e-06
jitter = 9.999999999999999e-06
jitter = 9.999999999999999e-05
jitter = 0.001
jitter = 0.01
jitter = 0.1
jitter = 1.0
jitter = 10.0
jitter is too large, output random predictions
jitter = 1e-07
jitter = 1e-06
jitter = 9.999999999999999e-06
jitter = 9.999999999999999e-05
jitter = 0.001
jitter = 0.01
jitter = 0.1
jitter = 1.0
jitter = 10.0
jitter is too large, output random predictions
jitter = 1e-07
jitter = 1e-06
jitter = 9.999999999999999e-06
jitter = 9.999999999999999e-05
jitter = 0.001
jitter = 0.01
jitter = 0.1
jitter = 1.0
jitter = 10.0
jitter is too large, output random predictions
jitter = 1e-07
jitter = 1e-06
jitter = 9.999999999999999e-06
jitter = 9.999999999999999e-05
jitter = 0.001
jitter = 0.01
jitter = 0.1
jitter = 1.0
jitter = 10.0
jitter is too large, output random predictions
jitter = 1e-07
jitter = 1e-06
jitter = 9.999999999999999e-06
jitter = 9.999999999999999e-05
jitter = 0.001
jitter = 0.01
jitter = 0.1
jitter = 1.0
jitter = 10.0
jitter is too large, output random predictions
jitter = 1e-07
jitter = 1e-06
jitter = 9.999999999999999e-06
jitter = 9.999999999999999e-05
jitter = 0.001
jitter = 0.01
jitter = 0.1
jitter = 1.0
jitter = 10.0
jitter is too large, output random predictions
jitter = 1e-07
jitter = 1e-06
jitter = 9.999999999999999e-06
jitter = 9.999999999999999e-05
jitter = 0.001
jitter = 0.01
jitter = 0.1
jitter = 1.0
jitter = 10.0
jitter is too large, output random predictions
jitter = 1e-07
jitter = 1e-06
jitter = 9.999999999999999e-06
jitter = 9.999999999999999e-05
jitter = 0.001
jitter = 0.01
jitter = 0.1
jitter = 1.0
jitter = 10.0
jitter is too large, output random predictions
jitter = 1e-07
jitter = 1e-06
jitter = 9.999999999999999e-06
jitter = 9.999999999999999e-05
jitter = 0.001
jitter = 0.01
jitter = 0.1
jitter = 1.0
jitter = 10.0
jitter is too large, output random predictions
jitter = 1e-07
jitter = 1e-06
jitter = 9.999999999999999e-06
jitter = 9.999999999999999e-05
jitter = 0.001
jitter = 0.01
jitter = 0.1
jitter = 1.0
jitter = 10.0
jitter is too large, output random predictions
jitter = 1e-07
jitter = 1e-06
jitter = 9.999999999999999e-06
jitter = 9.999999999999999e-05
jitter = 0.001
jitter = 0.01
jitter = 0.1
jitter = 1.0
jitter = 10.0
jitter is too large, output random predictions
jitter = 1e-07
jitter = 1e-06
jitter = 9.999999999999999e-06
jitter = 9.999999999999999e-05
done in 619.6 min
--- phase1b_sequential finished (08:51:12) ---
8,160 models trained · 0 training failures · 0 proxy failures.
wrote /Users/adityanagarsekar/Downloads/Courses/LOP_Snehanshu/FGBO/results_icbinb/summaries/RESULTS.md  (7 complete conditions)
committed

==================================================================
STAGE: ablation_fixed_arch   (2026-08-21 08:51:17)
==================================================================
=== ablation: fixed architecture (d_in->256->256->1) ===
  fixed_arch    cond7           outer001  48 rows   146.9s
  fixed_arch    cond7           outer002  48 rows   146.9s
  fixed_arch    cond7           outer003  48 rows   144.9s
  fixed_arch    cond7           outer004  48 rows   146.8s
  fixed_arch    cond7           outer005  48 rows   146.0s
  fixed_arch    cond7           outer006  48 rows   146.1s
  fixed_arch    cond7           outer007  48 rows   145.0s
  fixed_arch    cond7           outer008  48 rows   145.2s
  fixed_arch    cond7           outer009  48 rows   145.2s
  fixed_arch    cond7           outer010  48 rows   146.2s
  fixed_arch    hydro           outer001  48 rows   335.2s
  fixed_arch    hydro           outer002  48 rows   336.6s
  fixed_arch    hydro           outer003  48 rows   339.9s
  fixed_arch    hydro           outer004  48 rows   332.2s
  fixed_arch    hydro           outer005  48 rows   333.9s
  fixed_arch    hydro           outer006  48 rows   334.6s
  fixed_arch    hydro           outer007  48 rows   334.3s
  fixed_arch    hydro           outer008  48 rows   334.3s
  fixed_arch    hydro           outer009  48 rows   333.8s
  fixed_arch    hydro           outer010  48 rows   334.4s
--- ablation_fixed_arch finished (10:11:25) ---
8,160 models trained · 0 training failures · 0 proxy failures.
wrote /Users/adityanagarsekar/Downloads/Courses/LOP_Snehanshu/FGBO/results_icbinb/summaries/RESULTS.md  (7 complete conditions)
On branch icbinb
nothing to commit, working tree clean

==================================================================
STAGE: ablation_valfree_pool   (2026-08-21 10:11:30)
==================================================================
=== ablation: val-free pool (train u val) ===
  valfree_pool  caco2_scaffold  outer001  48 rows    46.4s
  valfree_pool  caco2_scaffold  outer002  48 rows    45.8s
  valfree_pool  caco2_scaffold  outer003  48 rows    45.8s
  valfree_pool  caco2_scaffold  outer004  48 rows    46.0s
  valfree_pool  caco2_scaffold  outer005  48 rows    44.2s
  valfree_pool  caco2_scaffold  outer006  48 rows    44.7s
  valfree_pool  caco2_scaffold  outer007  48 rows    44.7s
  valfree_pool  caco2_scaffold  outer008  48 rows    45.5s
  valfree_pool  caco2_scaffold  outer009  48 rows    43.7s
  valfree_pool  caco2_scaffold  outer010  48 rows    44.9s
  valfree_pool  lipo_scaffold   outer001  48 rows   181.7s
  valfree_pool  lipo_scaffold   outer002  48 rows   182.0s
  valfree_pool  lipo_scaffold   outer003  48 rows   187.3s
  valfree_pool  lipo_scaffold   outer004  48 rows   183.9s
  valfree_pool  lipo_scaffold   outer005  48 rows   177.1s
  valfree_pool  lipo_scaffold   outer006  48 rows   180.5s
  valfree_pool  lipo_scaffold   outer007  48 rows   177.3s
  valfree_pool  lipo_scaffold   outer008  48 rows   180.8s
  valfree_pool  lipo_scaffold   outer009  48 rows   174.5s
  valfree_pool  lipo_scaffold   outer010  48 rows   178.9s
/Users/adityanagarsekar/Downloads/Courses/LOP_Snehanshu/FGBO/icbinb/train.py:35: RuntimeWarning: Mean of empty slice.
  mse = float(((p - t) ** 2).mean())
/opt/anaconda3/envs/tf-ml-gpu/lib/python3.10/site-packages/numpy/core/_methods.py:129: RuntimeWarning: invalid value encountered in divide
  ret = ret.dtype.type(ret / rcount)
/Users/adityanagarsekar/Downloads/Courses/LOP_Snehanshu/FGBO/icbinb/train.py:36: RuntimeWarning: Mean of empty slice.
  mae = float(np.abs(p - t).mean())
/Users/adityanagarsekar/Downloads/Courses/LOP_Snehanshu/FGBO/icbinb/train.py:37: ConstantInputWarning: An input array is constant; the correlation coefficient is not defined.
  rho = float(spearmanr(p, t).statistic) if len(t) > 2 and np.std(p) > 0 else float("nan")
/Users/adityanagarsekar/Downloads/Courses/LOP_Snehanshu/FGBO/icbinb/train.py:35: RuntimeWarning: Mean of empty slice.
  mse = float(((p - t) ** 2).mean())
/opt/anaconda3/envs/tf-ml-gpu/lib/python3.10/site-packages/numpy/core/_methods.py:129: RuntimeWarning: invalid value encountered in divide
  ret = ret.dtype.type(ret / rcount)
/Users/adityanagarsekar/Downloads/Courses/LOP_Snehanshu/FGBO/icbinb/train.py:36: RuntimeWarning: Mean of empty slice.
  mae = float(np.abs(p - t).mean())
/Users/adityanagarsekar/Downloads/Courses/LOP_Snehanshu/FGBO/icbinb/train.py:35: RuntimeWarning: Mean of empty slice.
  mse = float(((p - t) ** 2).mean())
/opt/anaconda3/envs/tf-ml-gpu/lib/python3.10/site-packages/numpy/core/_methods.py:129: RuntimeWarning: invalid value encountered in divide
  ret = ret.dtype.type(ret / rcount)
/Users/adityanagarsekar/Downloads/Courses/LOP_Snehanshu/FGBO/icbinb/train.py:36: RuntimeWarning: Mean of empty slice.
  mae = float(np.abs(p - t).mean())
/Users/adityanagarsekar/Downloads/Courses/LOP_Snehanshu/FGBO/icbinb/train.py:35: RuntimeWarning: Mean of empty slice.
  mse = float(((p - t) ** 2).mean())
/opt/anaconda3/envs/tf-ml-gpu/lib/python3.10/site-packages/numpy/core/_methods.py:129: RuntimeWarning: invalid value encountered in divide
  ret = ret.dtype.type(ret / rcount)
/Users/adityanagarsekar/Downloads/Courses/LOP_Snehanshu/FGBO/icbinb/train.py:36: RuntimeWarning: Mean of empty slice.
  mae = float(np.abs(p - t).mean())
/Users/adityanagarsekar/Downloads/Courses/LOP_Snehanshu/FGBO/icbinb/train.py:35: RuntimeWarning: Mean of empty slice.
  mse = float(((p - t) ** 2).mean())
/opt/anaconda3/envs/tf-ml-gpu/lib/python3.10/site-packages/numpy/core/_methods.py:129: RuntimeWarning: invalid value encountered in divide
  ret = ret.dtype.type(ret / rcount)
/Users/adityanagarsekar/Downloads/Courses/LOP_Snehanshu/FGBO/icbinb/train.py:36: RuntimeWarning: Mean of empty slice.
  mae = float(np.abs(p - t).mean())
/Users/adityanagarsekar/Downloads/Courses/LOP_Snehanshu/FGBO/icbinb/train.py:35: RuntimeWarning: Mean of empty slice.
  mse = float(((p - t) ** 2).mean())
/opt/anaconda3/envs/tf-ml-gpu/lib/python3.10/site-packages/numpy/core/_methods.py:129: RuntimeWarning: invalid value encountered in divide
  ret = ret.dtype.type(ret / rcount)
/Users/adityanagarsekar/Downloads/Courses/LOP_Snehanshu/FGBO/icbinb/train.py:36: RuntimeWarning: Mean of empty slice.
  mae = float(np.abs(p - t).mean())
/Users/adityanagarsekar/Downloads/Courses/LOP_Snehanshu/FGBO/icbinb/train.py:35: RuntimeWarning: Mean of empty slice.
  mse = float(((p - t) ** 2).mean())
/opt/anaconda3/envs/tf-ml-gpu/lib/python3.10/site-packages/numpy/core/_methods.py:129: RuntimeWarning: invalid value encountered in divide
  ret = ret.dtype.type(ret / rcount)
/Users/adityanagarsekar/Downloads/Courses/LOP_Snehanshu/FGBO/icbinb/train.py:36: RuntimeWarning: Mean of empty slice.
  mae = float(np.abs(p - t).mean())
/Users/adityanagarsekar/Downloads/Courses/LOP_Snehanshu/FGBO/icbinb/train.py:37: ConstantInputWarning: An input array is constant; the correlation coefficient is not defined.
  rho = float(spearmanr(p, t).statistic) if len(t) > 2 and np.std(p) > 0 else float("nan")
/Users/adityanagarsekar/Downloads/Courses/LOP_Snehanshu/FGBO/icbinb/train.py:35: RuntimeWarning: Mean of empty slice.
  mse = float(((p - t) ** 2).mean())
/opt/anaconda3/envs/tf-ml-gpu/lib/python3.10/site-packages/numpy/core/_methods.py:129: RuntimeWarning: invalid value encountered in divide
  ret = ret.dtype.type(ret / rcount)
/Users/adityanagarsekar/Downloads/Courses/LOP_Snehanshu/FGBO/icbinb/train.py:36: RuntimeWarning: Mean of empty slice.
  mae = float(np.abs(p - t).mean())
/Users/adityanagarsekar/Downloads/Courses/LOP_Snehanshu/FGBO/icbinb/train.py:37: ConstantInputWarning: An input array is constant; the correlation coefficient is not defined.
  rho = float(spearmanr(p, t).statistic) if len(t) > 2 and np.std(p) > 0 else float("nan")
/Users/adityanagarsekar/Downloads/Courses/LOP_Snehanshu/FGBO/icbinb/train.py:35: RuntimeWarning: Mean of empty slice.
  mse = float(((p - t) ** 2).mean())
/opt/anaconda3/envs/tf-ml-gpu/lib/python3.10/site-packages/numpy/core/_methods.py:129: RuntimeWarning: invalid value encountered in divide
  ret = ret.dtype.type(ret / rcount)
/Users/adityanagarsekar/Downloads/Courses/LOP_Snehanshu/FGBO/icbinb/train.py:36: RuntimeWarning: Mean of empty slice.
  mae = float(np.abs(p - t).mean())
/Users/adityanagarsekar/Downloads/Courses/LOP_Snehanshu/FGBO/icbinb/train.py:35: RuntimeWarning: Mean of empty slice.
  mse = float(((p - t) ** 2).mean())
/opt/anaconda3/envs/tf-ml-gpu/lib/python3.10/site-packages/numpy/core/_methods.py:129: RuntimeWarning: invalid value encountered in divide
  ret = ret.dtype.type(ret / rcount)
/Users/adityanagarsekar/Downloads/Courses/LOP_Snehanshu/FGBO/icbinb/train.py:36: RuntimeWarning: Mean of empty slice.
  mae = float(np.abs(p - t).mean())
/Users/adityanagarsekar/Downloads/Courses/LOP_Snehanshu/FGBO/icbinb/train.py:37: ConstantInputWarning: An input array is constant; the correlation coefficient is not defined.
  rho = float(spearmanr(p, t).statistic) if len(t) > 2 and np.std(p) > 0 else float("nan")
/Users/adityanagarsekar/Downloads/Courses/LOP_Snehanshu/FGBO/icbinb/train.py:35: RuntimeWarning: Mean of empty slice.
  mse = float(((p - t) ** 2).mean())
/opt/anaconda3/envs/tf-ml-gpu/lib/python3.10/site-packages/numpy/core/_methods.py:129: RuntimeWarning: invalid value encountered in divide
  ret = ret.dtype.type(ret / rcount)
/Users/adityanagarsekar/Downloads/Courses/LOP_Snehanshu/FGBO/icbinb/train.py:36: RuntimeWarning: Mean of empty slice.
  mae = float(np.abs(p - t).mean())
/Users/adityanagarsekar/Downloads/Courses/LOP_Snehanshu/FGBO/icbinb/train.py:35: RuntimeWarning: Mean of empty slice.
  mse = float(((p - t) ** 2).mean())
/opt/anaconda3/envs/tf-ml-gpu/lib/python3.10/site-packages/numpy/core/_methods.py:129: RuntimeWarning: invalid value encountered in divide
  ret = ret.dtype.type(ret / rcount)
/Users/adityanagarsekar/Downloads/Courses/LOP_Snehanshu/FGBO/icbinb/train.py:36: RuntimeWarning: Mean of empty slice.
  mae = float(np.abs(p - t).mean())
/Users/adityanagarsekar/Downloads/Courses/LOP_Snehanshu/FGBO/icbinb/train.py:35: RuntimeWarning: Mean of empty slice.
  mse = float(((p - t) ** 2).mean())
/opt/anaconda3/envs/tf-ml-gpu/lib/python3.10/site-packages/numpy/core/_methods.py:129: RuntimeWarning: invalid value encountered in divide
  ret = ret.dtype.type(ret / rcount)
/Users/adityanagarsekar/Downloads/Courses/LOP_Snehanshu/FGBO/icbinb/train.py:36: RuntimeWarning: Mean of empty slice.
  mae = float(np.abs(p - t).mean())
/Users/adityanagarsekar/Downloads/Courses/LOP_Snehanshu/FGBO/icbinb/train.py:35: RuntimeWarning: Mean of empty slice.
  mse = float(((p - t) ** 2).mean())
/opt/anaconda3/envs/tf-ml-gpu/lib/python3.10/site-packages/numpy/core/_methods.py:129: RuntimeWarning: invalid value encountered in divide
  ret = ret.dtype.type(ret / rcount)
/Users/adityanagarsekar/Downloads/Courses/LOP_Snehanshu/FGBO/icbinb/train.py:36: RuntimeWarning: Mean of empty slice.
  mae = float(np.abs(p - t).mean())
/Users/adityanagarsekar/Downloads/Courses/LOP_Snehanshu/FGBO/icbinb/train.py:35: RuntimeWarning: Mean of empty slice.
  mse = float(((p - t) ** 2).mean())
/opt/anaconda3/envs/tf-ml-gpu/lib/python3.10/site-packages/numpy/core/_methods.py:129: RuntimeWarning: invalid value encountered in divide
  ret = ret.dtype.type(ret / rcount)
/Users/adityanagarsekar/Downloads/Courses/LOP_Snehanshu/FGBO/icbinb/train.py:36: RuntimeWarning: Mean of empty slice.
  mae = float(np.abs(p - t).mean())
/Users/adityanagarsekar/Downloads/Courses/LOP_Snehanshu/FGBO/icbinb/train.py:37: ConstantInputWarning: An input array is constant; the correlation coefficient is not defined.
  rho = float(spearmanr(p, t).statistic) if len(t) > 2 and np.std(p) > 0 else float("nan")
/Users/adityanagarsekar/Downloads/Courses/LOP_Snehanshu/FGBO/icbinb/train.py:35: RuntimeWarning: Mean of empty slice.
  mse = float(((p - t) ** 2).mean())
/opt/anaconda3/envs/tf-ml-gpu/lib/python3.10/site-packages/numpy/core/_methods.py:129: RuntimeWarning: invalid value encountered in divide
  ret = ret.dtype.type(ret / rcount)
/Users/adityanagarsekar/Downloads/Courses/LOP_Snehanshu/FGBO/icbinb/train.py:36: RuntimeWarning: Mean of empty slice.
  mae = float(np.abs(p - t).mean())
/Users/adityanagarsekar/Downloads/Courses/LOP_Snehanshu/FGBO/icbinb/train.py:37: ConstantInputWarning: An input array is constant; the correlation coefficient is not defined.
  rho = float(spearmanr(p, t).statistic) if len(t) > 2 and np.std(p) > 0 else float("nan")
/Users/adityanagarsekar/Downloads/Courses/LOP_Snehanshu/FGBO/icbinb/train.py:35: RuntimeWarning: Mean of empty slice.
  mse = float(((p - t) ** 2).mean())
/opt/anaconda3/envs/tf-ml-gpu/lib/python3.10/site-packages/numpy/core/_methods.py:129: RuntimeWarning: invalid value encountered in divide
  ret = ret.dtype.type(ret / rcount)
/Users/adityanagarsekar/Downloads/Courses/LOP_Snehanshu/FGBO/icbinb/train.py:36: RuntimeWarning: Mean of empty slice.
  mae = float(np.abs(p - t).mean())
/Users/adityanagarsekar/Downloads/Courses/LOP_Snehanshu/FGBO/icbinb/train.py:37: ConstantInputWarning: An input array is constant; the correlation coefficient is not defined.
  rho = float(spearmanr(p, t).statistic) if len(t) > 2 and np.std(p) > 0 else float("nan")
/Users/adityanagarsekar/Downloads/Courses/LOP_Snehanshu/FGBO/icbinb/train.py:35: RuntimeWarning: Mean of empty slice.
  mse = float(((p - t) ** 2).mean())
/opt/anaconda3/envs/tf-ml-gpu/lib/python3.10/site-packages/numpy/core/_methods.py:129: RuntimeWarning: invalid value encountered in divide
  ret = ret.dtype.type(ret / rcount)
/Users/adityanagarsekar/Downloads/Courses/LOP_Snehanshu/FGBO/icbinb/train.py:36: RuntimeWarning: Mean of empty slice.
  mae = float(np.abs(p - t).mean())
/Users/adityanagarsekar/Downloads/Courses/LOP_Snehanshu/FGBO/icbinb/train.py:35: RuntimeWarning: Mean of empty slice.
  mse = float(((p - t) ** 2).mean())
/opt/anaconda3/envs/tf-ml-gpu/lib/python3.10/site-packages/numpy/core/_methods.py:129: RuntimeWarning: invalid value encountered in divide
  ret = ret.dtype.type(ret / rcount)
/Users/adityanagarsekar/Downloads/Courses/LOP_Snehanshu/FGBO/icbinb/train.py:36: RuntimeWarning: Mean of empty slice.
  mae = float(np.abs(p - t).mean())
/Users/adityanagarsekar/Downloads/Courses/LOP_Snehanshu/FGBO/icbinb/train.py:35: RuntimeWarning: Mean of empty slice.
  mse = float(((p - t) ** 2).mean())
/opt/anaconda3/envs/tf-ml-gpu/lib/python3.10/site-packages/numpy/core/_methods.py:129: RuntimeWarning: invalid value encountered in divide
  ret = ret.dtype.type(ret / rcount)
/Users/adityanagarsekar/Downloads/Courses/LOP_Snehanshu/FGBO/icbinb/train.py:36: RuntimeWarning: Mean of empty slice.
  mae = float(np.abs(p - t).mean())
/Users/adityanagarsekar/Downloads/Courses/LOP_Snehanshu/FGBO/icbinb/train.py:37: ConstantInputWarning: An input array is constant; the correlation coefficient is not defined.
  rho = float(spearmanr(p, t).statistic) if len(t) > 2 and np.std(p) > 0 else float("nan")
/Users/adityanagarsekar/Downloads/Courses/LOP_Snehanshu/FGBO/icbinb/train.py:35: RuntimeWarning: Mean of empty slice.
  mse = float(((p - t) ** 2).mean())
/opt/anaconda3/envs/tf-ml-gpu/lib/python3.10/site-packages/numpy/core/_methods.py:129: RuntimeWarning: invalid value encountered in divide
  ret = ret.dtype.type(ret / rcount)
/Users/adityanagarsekar/Downloads/Courses/LOP_Snehanshu/FGBO/icbinb/train.py:36: RuntimeWarning: Mean of empty slice.
  mae = float(np.abs(p - t).mean())
/Users/adityanagarsekar/Downloads/Courses/LOP_Snehanshu/FGBO/icbinb/train.py:35: RuntimeWarning: Mean of empty slice.
  mse = float(((p - t) ** 2).mean())
/opt/anaconda3/envs/tf-ml-gpu/lib/python3.10/site-packages/numpy/core/_methods.py:129: RuntimeWarning: invalid value encountered in divide
  ret = ret.dtype.type(ret / rcount)
/Users/adityanagarsekar/Downloads/Courses/LOP_Snehanshu/FGBO/icbinb/train.py:36: RuntimeWarning: Mean of empty slice.
  mae = float(np.abs(p - t).mean())
/Users/adityanagarsekar/Downloads/Courses/LOP_Snehanshu/FGBO/icbinb/train.py:37: ConstantInputWarning: An input array is constant; the correlation coefficient is not defined.
  rho = float(spearmanr(p, t).statistic) if len(t) > 2 and np.std(p) > 0 else float("nan")
/Users/adityanagarsekar/Downloads/Courses/LOP_Snehanshu/FGBO/icbinb/train.py:35: RuntimeWarning: Mean of empty slice.
  mse = float(((p - t) ** 2).mean())
/opt/anaconda3/envs/tf-ml-gpu/lib/python3.10/site-packages/numpy/core/_methods.py:129: RuntimeWarning: invalid value encountered in divide
  ret = ret.dtype.type(ret / rcount)
/Users/adityanagarsekar/Downloads/Courses/LOP_Snehanshu/FGBO/icbinb/train.py:36: RuntimeWarning: Mean of empty slice.
  mae = float(np.abs(p - t).mean())
/Users/adityanagarsekar/Downloads/Courses/LOP_Snehanshu/FGBO/icbinb/train.py:35: RuntimeWarning: Mean of empty slice.
  mse = float(((p - t) ** 2).mean())
/opt/anaconda3/envs/tf-ml-gpu/lib/python3.10/site-packages/numpy/core/_methods.py:129: RuntimeWarning: invalid value encountered in divide
  ret = ret.dtype.type(ret / rcount)
/Users/adityanagarsekar/Downloads/Courses/LOP_Snehanshu/FGBO/icbinb/train.py:36: RuntimeWarning: Mean of empty slice.
  mae = float(np.abs(p - t).mean())
/Users/adityanagarsekar/Downloads/Courses/LOP_Snehanshu/FGBO/icbinb/train.py:35: RuntimeWarning: Mean of empty slice.
  mse = float(((p - t) ** 2).mean())
/opt/anaconda3/envs/tf-ml-gpu/lib/python3.10/site-packages/numpy/core/_methods.py:129: RuntimeWarning: invalid value encountered in divide
  ret = ret.dtype.type(ret / rcount)
/Users/adityanagarsekar/Downloads/Courses/LOP_Snehanshu/FGBO/icbinb/train.py:36: RuntimeWarning: Mean of empty slice.
  mae = float(np.abs(p - t).mean())
/Users/adityanagarsekar/Downloads/Courses/LOP_Snehanshu/FGBO/icbinb/train.py:35: RuntimeWarning: Mean of empty slice.
  mse = float(((p - t) ** 2).mean())
/opt/anaconda3/envs/tf-ml-gpu/lib/python3.10/site-packages/numpy/core/_methods.py:129: RuntimeWarning: invalid value encountered in divide
  ret = ret.dtype.type(ret / rcount)
/Users/adityanagarsekar/Downloads/Courses/LOP_Snehanshu/FGBO/icbinb/train.py:36: RuntimeWarning: Mean of empty slice.
  mae = float(np.abs(p - t).mean())
/Users/adityanagarsekar/Downloads/Courses/LOP_Snehanshu/FGBO/icbinb/train.py:35: RuntimeWarning: Mean of empty slice.
  mse = float(((p - t) ** 2).mean())
/opt/anaconda3/envs/tf-ml-gpu/lib/python3.10/site-packages/numpy/core/_methods.py:129: RuntimeWarning: invalid value encountered in divide
  ret = ret.dtype.type(ret / rcount)
/Users/adityanagarsekar/Downloads/Courses/LOP_Snehanshu/FGBO/icbinb/train.py:36: RuntimeWarning: Mean of empty slice.
  mae = float(np.abs(p - t).mean())
/Users/adityanagarsekar/Downloads/Courses/LOP_Snehanshu/FGBO/icbinb/train.py:35: RuntimeWarning: Mean of empty slice.
  mse = float(((p - t) ** 2).mean())
/opt/anaconda3/envs/tf-ml-gpu/lib/python3.10/site-packages/numpy/core/_methods.py:129: RuntimeWarning: invalid value encountered in divide
  ret = ret.dtype.type(ret / rcount)
/Users/adityanagarsekar/Downloads/Courses/LOP_Snehanshu/FGBO/icbinb/train.py:36: RuntimeWarning: Mean of empty slice.
  mae = float(np.abs(p - t).mean())
/Users/adityanagarsekar/Downloads/Courses/LOP_Snehanshu/FGBO/icbinb/train.py:35: RuntimeWarning: Mean of empty slice.
  mse = float(((p - t) ** 2).mean())
/opt/anaconda3/envs/tf-ml-gpu/lib/python3.10/site-packages/numpy/core/_methods.py:129: RuntimeWarning: invalid value encountered in divide
  ret = ret.dtype.type(ret / rcount)
/Users/adityanagarsekar/Downloads/Courses/LOP_Snehanshu/FGBO/icbinb/train.py:36: RuntimeWarning: Mean of empty slice.
  mae = float(np.abs(p - t).mean())
/Users/adityanagarsekar/Downloads/Courses/LOP_Snehanshu/FGBO/icbinb/train.py:35: RuntimeWarning: Mean of empty slice.
  mse = float(((p - t) ** 2).mean())
/opt/anaconda3/envs/tf-ml-gpu/lib/python3.10/site-packages/numpy/core/_methods.py:129: RuntimeWarning: invalid value encountered in divide
  ret = ret.dtype.type(ret / rcount)
/Users/adityanagarsekar/Downloads/Courses/LOP_Snehanshu/FGBO/icbinb/train.py:36: RuntimeWarning: Mean of empty slice.
  mae = float(np.abs(p - t).mean())
/Users/adityanagarsekar/Downloads/Courses/LOP_Snehanshu/FGBO/icbinb/train.py:35: RuntimeWarning: Mean of empty slice.
  mse = float(((p - t) ** 2).mean())
/opt/anaconda3/envs/tf-ml-gpu/lib/python3.10/site-packages/numpy/core/_methods.py:129: RuntimeWarning: invalid value encountered in divide
  ret = ret.dtype.type(ret / rcount)
/Users/adityanagarsekar/Downloads/Courses/LOP_Snehanshu/FGBO/icbinb/train.py:36: RuntimeWarning: Mean of empty slice.
  mae = float(np.abs(p - t).mean())
/Users/adityanagarsekar/Downloads/Courses/LOP_Snehanshu/FGBO/icbinb/train.py:35: RuntimeWarning: Mean of empty slice.
  mse = float(((p - t) ** 2).mean())
/opt/anaconda3/envs/tf-ml-gpu/lib/python3.10/site-packages/numpy/core/_methods.py:129: RuntimeWarning: invalid value encountered in divide
  ret = ret.dtype.type(ret / rcount)
/Users/adityanagarsekar/Downloads/Courses/LOP_Snehanshu/FGBO/icbinb/train.py:36: RuntimeWarning: Mean of empty slice.
  mae = float(np.abs(p - t).mean())
/Users/adityanagarsekar/Downloads/Courses/LOP_Snehanshu/FGBO/icbinb/train.py:35: RuntimeWarning: Mean of empty slice.
  mse = float(((p - t) ** 2).mean())
/opt/anaconda3/envs/tf-ml-gpu/lib/python3.10/site-packages/numpy/core/_methods.py:129: RuntimeWarning: invalid value encountered in divide
  ret = ret.dtype.type(ret / rcount)
/Users/adityanagarsekar/Downloads/Courses/LOP_Snehanshu/FGBO/icbinb/train.py:36: RuntimeWarning: Mean of empty slice.
  mae = float(np.abs(p - t).mean())
/Users/adityanagarsekar/Downloads/Courses/LOP_Snehanshu/FGBO/icbinb/train.py:35: RuntimeWarning: Mean of empty slice.
  mse = float(((p - t) ** 2).mean())
/opt/anaconda3/envs/tf-ml-gpu/lib/python3.10/site-packages/numpy/core/_methods.py:129: RuntimeWarning: invalid value encountered in divide
  ret = ret.dtype.type(ret / rcount)
/Users/adityanagarsekar/Downloads/Courses/LOP_Snehanshu/FGBO/icbinb/train.py:36: RuntimeWarning: Mean of empty slice.
  mae = float(np.abs(p - t).mean())
/Users/adityanagarsekar/Downloads/Courses/LOP_Snehanshu/FGBO/icbinb/train.py:35: RuntimeWarning: Mean of empty slice.
  mse = float(((p - t) ** 2).mean())
/opt/anaconda3/envs/tf-ml-gpu/lib/python3.10/site-packages/numpy/core/_methods.py:129: RuntimeWarning: invalid value encountered in divide
  ret = ret.dtype.type(ret / rcount)
/Users/adityanagarsekar/Downloads/Courses/LOP_Snehanshu/FGBO/icbinb/train.py:36: RuntimeWarning: Mean of empty slice.
  mae = float(np.abs(p - t).mean())
/Users/adityanagarsekar/Downloads/Courses/LOP_Snehanshu/FGBO/icbinb/train.py:37: ConstantInputWarning: An input array is constant; the correlation coefficient is not defined.
  rho = float(spearmanr(p, t).statistic) if len(t) > 2 and np.std(p) > 0 else float("nan")
/Users/adityanagarsekar/Downloads/Courses/LOP_Snehanshu/FGBO/icbinb/train.py:35: RuntimeWarning: Mean of empty slice.
  mse = float(((p - t) ** 2).mean())
/opt/anaconda3/envs/tf-ml-gpu/lib/python3.10/site-packages/numpy/core/_methods.py:129: RuntimeWarning: invalid value encountered in divide
  ret = ret.dtype.type(ret / rcount)
/Users/adityanagarsekar/Downloads/Courses/LOP_Snehanshu/FGBO/icbinb/train.py:36: RuntimeWarning: Mean of empty slice.
  mae = float(np.abs(p - t).mean())
/Users/adityanagarsekar/Downloads/Courses/LOP_Snehanshu/FGBO/icbinb/train.py:35: RuntimeWarning: Mean of empty slice.
  mse = float(((p - t) ** 2).mean())
/opt/anaconda3/envs/tf-ml-gpu/lib/python3.10/site-packages/numpy/core/_methods.py:129: RuntimeWarning: invalid value encountered in divide
  ret = ret.dtype.type(ret / rcount)
/Users/adityanagarsekar/Downloads/Courses/LOP_Snehanshu/FGBO/icbinb/train.py:36: RuntimeWarning: Mean of empty slice.
  mae = float(np.abs(p - t).mean())
/Users/adityanagarsekar/Downloads/Courses/LOP_Snehanshu/FGBO/icbinb/train.py:35: RuntimeWarning: Mean of empty slice.
  mse = float(((p - t) ** 2).mean())
/opt/anaconda3/envs/tf-ml-gpu/lib/python3.10/site-packages/numpy/core/_methods.py:129: RuntimeWarning: invalid value encountered in divide
  ret = ret.dtype.type(ret / rcount)
/Users/adityanagarsekar/Downloads/Courses/LOP_Snehanshu/FGBO/icbinb/train.py:36: RuntimeWarning: Mean of empty slice.
  mae = float(np.abs(p - t).mean())
/Users/adityanagarsekar/Downloads/Courses/LOP_Snehanshu/FGBO/icbinb/train.py:35: RuntimeWarning: Mean of empty slice.
  mse = float(((p - t) ** 2).mean())
/opt/anaconda3/envs/tf-ml-gpu/lib/python3.10/site-packages/numpy/core/_methods.py:129: RuntimeWarning: invalid value encountered in divide
  ret = ret.dtype.type(ret / rcount)
/Users/adityanagarsekar/Downloads/Courses/LOP_Snehanshu/FGBO/icbinb/train.py:36: RuntimeWarning: Mean of empty slice.
  mae = float(np.abs(p - t).mean())
/Users/adityanagarsekar/Downloads/Courses/LOP_Snehanshu/FGBO/icbinb/train.py:35: RuntimeWarning: Mean of empty slice.
  mse = float(((p - t) ** 2).mean())
/opt/anaconda3/envs/tf-ml-gpu/lib/python3.10/site-packages/numpy/core/_methods.py:129: RuntimeWarning: invalid value encountered in divide
  ret = ret.dtype.type(ret / rcount)
/Users/adityanagarsekar/Downloads/Courses/LOP_Snehanshu/FGBO/icbinb/train.py:36: RuntimeWarning: Mean of empty slice.
  mae = float(np.abs(p - t).mean())
/Users/adityanagarsekar/Downloads/Courses/LOP_Snehanshu/FGBO/icbinb/train.py:37: ConstantInputWarning: An input array is constant; the correlation coefficient is not defined.
  rho = float(spearmanr(p, t).statistic) if len(t) > 2 and np.std(p) > 0 else float("nan")
/Users/adityanagarsekar/Downloads/Courses/LOP_Snehanshu/FGBO/icbinb/train.py:35: RuntimeWarning: Mean of empty slice.
  mse = float(((p - t) ** 2).mean())
/opt/anaconda3/envs/tf-ml-gpu/lib/python3.10/site-packages/numpy/core/_methods.py:129: RuntimeWarning: invalid value encountered in divide
  ret = ret.dtype.type(ret / rcount)
/Users/adityanagarsekar/Downloads/Courses/LOP_Snehanshu/FGBO/icbinb/train.py:36: RuntimeWarning: Mean of empty slice.
  mae = float(np.abs(p - t).mean())
/Users/adityanagarsekar/Downloads/Courses/LOP_Snehanshu/FGBO/icbinb/train.py:35: RuntimeWarning: Mean of empty slice.
  mse = float(((p - t) ** 2).mean())
/opt/anaconda3/envs/tf-ml-gpu/lib/python3.10/site-packages/numpy/core/_methods.py:129: RuntimeWarning: invalid value encountered in divide
  ret = ret.dtype.type(ret / rcount)
/Users/adityanagarsekar/Downloads/Courses/LOP_Snehanshu/FGBO/icbinb/train.py:36: RuntimeWarning: Mean of empty slice.
  mae = float(np.abs(p - t).mean())
/Users/adityanagarsekar/Downloads/Courses/LOP_Snehanshu/FGBO/icbinb/train.py:35: RuntimeWarning: Mean of empty slice.
  mse = float(((p - t) ** 2).mean())
/opt/anaconda3/envs/tf-ml-gpu/lib/python3.10/site-packages/numpy/core/_methods.py:129: RuntimeWarning: invalid value encountered in divide
  ret = ret.dtype.type(ret / rcount)
/Users/adityanagarsekar/Downloads/Courses/LOP_Snehanshu/FGBO/icbinb/train.py:36: RuntimeWarning: Mean of empty slice.
  mae = float(np.abs(p - t).mean())
/Users/adityanagarsekar/Downloads/Courses/LOP_Snehanshu/FGBO/icbinb/train.py:35: RuntimeWarning: Mean of empty slice.
  mse = float(((p - t) ** 2).mean())
/opt/anaconda3/envs/tf-ml-gpu/lib/python3.10/site-packages/numpy/core/_methods.py:129: RuntimeWarning: invalid value encountered in divide
  ret = ret.dtype.type(ret / rcount)
/Users/adityanagarsekar/Downloads/Courses/LOP_Snehanshu/FGBO/icbinb/train.py:36: RuntimeWarning: Mean of empty slice.
  mae = float(np.abs(p - t).mean())
/Users/adityanagarsekar/Downloads/Courses/LOP_Snehanshu/FGBO/icbinb/train.py:35: RuntimeWarning: Mean of empty slice.
  mse = float(((p - t) ** 2).mean())
/opt/anaconda3/envs/tf-ml-gpu/lib/python3.10/site-packages/numpy/core/_methods.py:129: RuntimeWarning: invalid value encountered in divide
  ret = ret.dtype.type(ret / rcount)
/Users/adityanagarsekar/Downloads/Courses/LOP_Snehanshu/FGBO/icbinb/train.py:36: RuntimeWarning: Mean of empty slice.
  mae = float(np.abs(p - t).mean())
/Users/adityanagarsekar/Downloads/Courses/LOP_Snehanshu/FGBO/icbinb/train.py:35: RuntimeWarning: Mean of empty slice.
  mse = float(((p - t) ** 2).mean())
/opt/anaconda3/envs/tf-ml-gpu/lib/python3.10/site-packages/numpy/core/_methods.py:129: RuntimeWarning: invalid value encountered in divide
  ret = ret.dtype.type(ret / rcount)
/Users/adityanagarsekar/Downloads/Courses/LOP_Snehanshu/FGBO/icbinb/train.py:36: RuntimeWarning: Mean of empty slice.
  mae = float(np.abs(p - t).mean())
/Users/adityanagarsekar/Downloads/Courses/LOP_Snehanshu/FGBO/icbinb/train.py:35: RuntimeWarning: Mean of empty slice.
  mse = float(((p - t) ** 2).mean())
/opt/anaconda3/envs/tf-ml-gpu/lib/python3.10/site-packages/numpy/core/_methods.py:129: RuntimeWarning: invalid value encountered in divide
  ret = ret.dtype.type(ret / rcount)
/Users/adityanagarsekar/Downloads/Courses/LOP_Snehanshu/FGBO/icbinb/train.py:36: RuntimeWarning: Mean of empty slice.
  mae = float(np.abs(p - t).mean())
/Users/adityanagarsekar/Downloads/Courses/LOP_Snehanshu/FGBO/icbinb/train.py:35: RuntimeWarning: Mean of empty slice.
  mse = float(((p - t) ** 2).mean())
/opt/anaconda3/envs/tf-ml-gpu/lib/python3.10/site-packages/numpy/core/_methods.py:129: RuntimeWarning: invalid value encountered in divide
  ret = ret.dtype.type(ret / rcount)
/Users/adityanagarsekar/Downloads/Courses/LOP_Snehanshu/FGBO/icbinb/train.py:36: RuntimeWarning: Mean of empty slice.
  mae = float(np.abs(p - t).mean())
  valfree_pool  amylase         outer001  48 rows   346.2s
/Users/adityanagarsekar/Downloads/Courses/LOP_Snehanshu/FGBO/icbinb/train.py:35: RuntimeWarning: Mean of empty slice.
  mse = float(((p - t) ** 2).mean())
/opt/anaconda3/envs/tf-ml-gpu/lib/python3.10/site-packages/numpy/core/_methods.py:129: RuntimeWarning: invalid value encountered in divide
  ret = ret.dtype.type(ret / rcount)
/Users/adityanagarsekar/Downloads/Courses/LOP_Snehanshu/FGBO/icbinb/train.py:36: RuntimeWarning: Mean of empty slice.
  mae = float(np.abs(p - t).mean())
/Users/adityanagarsekar/Downloads/Courses/LOP_Snehanshu/FGBO/icbinb/train.py:35: RuntimeWarning: Mean of empty slice.
  mse = float(((p - t) ** 2).mean())
/opt/anaconda3/envs/tf-ml-gpu/lib/python3.10/site-packages/numpy/core/_methods.py:129: RuntimeWarning: invalid value encountered in divide
  ret = ret.dtype.type(ret / rcount)
/Users/adityanagarsekar/Downloads/Courses/LOP_Snehanshu/FGBO/icbinb/train.py:36: RuntimeWarning: Mean of empty slice.
  mae = float(np.abs(p - t).mean())
/Users/adityanagarsekar/Downloads/Courses/LOP_Snehanshu/FGBO/icbinb/train.py:37: ConstantInputWarning: An input array is constant; the correlation coefficient is not defined.
  rho = float(spearmanr(p, t).statistic) if len(t) > 2 and np.std(p) > 0 else float("nan")
/Users/adityanagarsekar/Downloads/Courses/LOP_Snehanshu/FGBO/icbinb/train.py:35: RuntimeWarning: Mean of empty slice.
  mse = float(((p - t) ** 2).mean())
/opt/anaconda3/envs/tf-ml-gpu/lib/python3.10/site-packages/numpy/core/_methods.py:129: RuntimeWarning: invalid value encountered in divide
  ret = ret.dtype.type(ret / rcount)
/Users/adityanagarsekar/Downloads/Courses/LOP_Snehanshu/FGBO/icbinb/train.py:36: RuntimeWarning: Mean of empty slice.
  mae = float(np.abs(p - t).mean())
/Users/adityanagarsekar/Downloads/Courses/LOP_Snehanshu/FGBO/icbinb/train.py:37: ConstantInputWarning: An input array is constant; the correlation coefficient is not defined.
  rho = float(spearmanr(p, t).statistic) if len(t) > 2 and np.std(p) > 0 else float("nan")
/Users/adityanagarsekar/Downloads/Courses/LOP_Snehanshu/FGBO/icbinb/train.py:35: RuntimeWarning: Mean of empty slice.
  mse = float(((p - t) ** 2).mean())
/opt/anaconda3/envs/tf-ml-gpu/lib/python3.10/site-packages/numpy/core/_methods.py:129: RuntimeWarning: invalid value encountered in divide
  ret = ret.dtype.type(ret / rcount)
/Users/adityanagarsekar/Downloads/Courses/LOP_Snehanshu/FGBO/icbinb/train.py:36: RuntimeWarning: Mean of empty slice.
  mae = float(np.abs(p - t).mean())
/Users/adityanagarsekar/Downloads/Courses/LOP_Snehanshu/FGBO/icbinb/train.py:35: RuntimeWarning: Mean of empty slice.
  mse = float(((p - t) ** 2).mean())
/opt/anaconda3/envs/tf-ml-gpu/lib/python3.10/site-packages/numpy/core/_methods.py:129: RuntimeWarning: invalid value encountered in divide
  ret = ret.dtype.type(ret / rcount)
/Users/adityanagarsekar/Downloads/Courses/LOP_Snehanshu/FGBO/icbinb/train.py:36: RuntimeWarning: Mean of empty slice.
  mae = float(np.abs(p - t).mean())
/Users/adityanagarsekar/Downloads/Courses/LOP_Snehanshu/FGBO/icbinb/train.py:35: RuntimeWarning: Mean of empty slice.
  mse = float(((p - t) ** 2).mean())
/opt/anaconda3/envs/tf-ml-gpu/lib/python3.10/site-packages/numpy/core/_methods.py:129: RuntimeWarning: invalid value encountered in divide
  ret = ret.dtype.type(ret / rcount)
/Users/adityanagarsekar/Downloads/Courses/LOP_Snehanshu/FGBO/icbinb/train.py:36: RuntimeWarning: Mean of empty slice.
  mae = float(np.abs(p - t).mean())
/Users/adityanagarsekar/Downloads/Courses/LOP_Snehanshu/FGBO/icbinb/train.py:37: ConstantInputWarning: An input array is constant; the correlation coefficient is not defined.
  rho = float(spearmanr(p, t).statistic) if len(t) > 2 and np.std(p) > 0 else float("nan")
/Users/adityanagarsekar/Downloads/Courses/LOP_Snehanshu/FGBO/icbinb/train.py:35: RuntimeWarning: Mean of empty slice.
  mse = float(((p - t) ** 2).mean())
/opt/anaconda3/envs/tf-ml-gpu/lib/python3.10/site-packages/numpy/core/_methods.py:129: RuntimeWarning: invalid value encountered in divide
  ret = ret.dtype.type(ret / rcount)
/Users/adityanagarsekar/Downloads/Courses/LOP_Snehanshu/FGBO/icbinb/train.py:36: RuntimeWarning: Mean of empty slice.
  mae = float(np.abs(p - t).mean())
/Users/adityanagarsekar/Downloads/Courses/LOP_Snehanshu/FGBO/icbinb/train.py:35: RuntimeWarning: Mean of empty slice.
  mse = float(((p - t) ** 2).mean())
/opt/anaconda3/envs/tf-ml-gpu/lib/python3.10/site-packages/numpy/core/_methods.py:129: RuntimeWarning: invalid value encountered in divide
  ret = ret.dtype.type(ret / rcount)
/Users/adityanagarsekar/Downloads/Courses/LOP_Snehanshu/FGBO/icbinb/train.py:36: RuntimeWarning: Mean of empty slice.
  mae = float(np.abs(p - t).mean())
/Users/adityanagarsekar/Downloads/Courses/LOP_Snehanshu/FGBO/icbinb/train.py:35: RuntimeWarning: Mean of empty slice.
  mse = float(((p - t) ** 2).mean())
/opt/anaconda3/envs/tf-ml-gpu/lib/python3.10/site-packages/numpy/core/_methods.py:129: RuntimeWarning: invalid value encountered in divide
  ret = ret.dtype.type(ret / rcount)
/Users/adityanagarsekar/Downloads/Courses/LOP_Snehanshu/FGBO/icbinb/train.py:36: RuntimeWarning: Mean of empty slice.
  mae = float(np.abs(p - t).mean())
/Users/adityanagarsekar/Downloads/Courses/LOP_Snehanshu/FGBO/icbinb/train.py:37: ConstantInputWarning: An input array is constant; the correlation coefficient is not defined.
  rho = float(spearmanr(p, t).statistic) if len(t) > 2 and np.std(p) > 0 else float("nan")
/Users/adityanagarsekar/Downloads/Courses/LOP_Snehanshu/FGBO/icbinb/train.py:35: RuntimeWarning: Mean of empty slice.
  mse = float(((p - t) ** 2).mean())
/opt/anaconda3/envs/tf-ml-gpu/lib/python3.10/site-packages/numpy/core/_methods.py:129: RuntimeWarning: invalid value encountered in divide
  ret = ret.dtype.type(ret / rcount)
/Users/adityanagarsekar/Downloads/Courses/LOP_Snehanshu/FGBO/icbinb/train.py:36: RuntimeWarning: Mean of empty slice.
  mae = float(np.abs(p - t).mean())
/Users/adityanagarsekar/Downloads/Courses/LOP_Snehanshu/FGBO/icbinb/train.py:35: RuntimeWarning: Mean of empty slice.
  mse = float(((p - t) ** 2).mean())
/opt/anaconda3/envs/tf-ml-gpu/lib/python3.10/site-packages/numpy/core/_methods.py:129: RuntimeWarning: invalid value encountered in divide
  ret = ret.dtype.type(ret / rcount)
/Users/adityanagarsekar/Downloads/Courses/LOP_Snehanshu/FGBO/icbinb/train.py:36: RuntimeWarning: Mean of empty slice.
  mae = float(np.abs(p - t).mean())
/Users/adityanagarsekar/Downloads/Courses/LOP_Snehanshu/FGBO/icbinb/train.py:35: RuntimeWarning: Mean of empty slice.
  mse = float(((p - t) ** 2).mean())
/opt/anaconda3/envs/tf-ml-gpu/lib/python3.10/site-packages/numpy/core/_methods.py:129: RuntimeWarning: invalid value encountered in divide
  ret = ret.dtype.type(ret / rcount)
/Users/adityanagarsekar/Downloads/Courses/LOP_Snehanshu/FGBO/icbinb/train.py:36: RuntimeWarning: Mean of empty slice.
  mae = float(np.abs(p - t).mean())
/Users/adityanagarsekar/Downloads/Courses/LOP_Snehanshu/FGBO/icbinb/train.py:35: RuntimeWarning: Mean of empty slice.
  mse = float(((p - t) ** 2).mean())
/opt/anaconda3/envs/tf-ml-gpu/lib/python3.10/site-packages/numpy/core/_methods.py:129: RuntimeWarning: invalid value encountered in divide
  ret = ret.dtype.type(ret / rcount)
/Users/adityanagarsekar/Downloads/Courses/LOP_Snehanshu/FGBO/icbinb/train.py:36: RuntimeWarning: Mean of empty slice.
  mae = float(np.abs(p - t).mean())
/Users/adityanagarsekar/Downloads/Courses/LOP_Snehanshu/FGBO/icbinb/train.py:35: RuntimeWarning: Mean of empty slice.
  mse = float(((p - t) ** 2).mean())
/opt/anaconda3/envs/tf-ml-gpu/lib/python3.10/site-packages/numpy/core/_methods.py:129: RuntimeWarning: invalid value encountered in divide
  ret = ret.dtype.type(ret / rcount)
/Users/adityanagarsekar/Downloads/Courses/LOP_Snehanshu/FGBO/icbinb/train.py:36: RuntimeWarning: Mean of empty slice.
  mae = float(np.abs(p - t).mean())
/Users/adityanagarsekar/Downloads/Courses/LOP_Snehanshu/FGBO/icbinb/train.py:37: ConstantInputWarning: An input array is constant; the correlation coefficient is not defined.
  rho = float(spearmanr(p, t).statistic) if len(t) > 2 and np.std(p) > 0 else float("nan")
/Users/adityanagarsekar/Downloads/Courses/LOP_Snehanshu/FGBO/icbinb/train.py:35: RuntimeWarning: Mean of empty slice.
  mse = float(((p - t) ** 2).mean())
/opt/anaconda3/envs/tf-ml-gpu/lib/python3.10/site-packages/numpy/core/_methods.py:129: RuntimeWarning: invalid value encountered in divide
  ret = ret.dtype.type(ret / rcount)
/Users/adityanagarsekar/Downloads/Courses/LOP_Snehanshu/FGBO/icbinb/train.py:36: RuntimeWarning: Mean of empty slice.
  mae = float(np.abs(p - t).mean())
/Users/adityanagarsekar/Downloads/Courses/LOP_Snehanshu/FGBO/icbinb/train.py:35: RuntimeWarning: Mean of empty slice.
  mse = float(((p - t) ** 2).mean())
/opt/anaconda3/envs/tf-ml-gpu/lib/python3.10/site-packages/numpy/core/_methods.py:129: RuntimeWarning: invalid value encountered in divide
  ret = ret.dtype.type(ret / rcount)
/Users/adityanagarsekar/Downloads/Courses/LOP_Snehanshu/FGBO/icbinb/train.py:36: RuntimeWarning: Mean of empty slice.
  mae = float(np.abs(p - t).mean())
/Users/adityanagarsekar/Downloads/Courses/LOP_Snehanshu/FGBO/icbinb/train.py:35: RuntimeWarning: Mean of empty slice.
  mse = float(((p - t) ** 2).mean())
/opt/anaconda3/envs/tf-ml-gpu/lib/python3.10/site-packages/numpy/core/_methods.py:129: RuntimeWarning: invalid value encountered in divide
  ret = ret.dtype.type(ret / rcount)
/Users/adityanagarsekar/Downloads/Courses/LOP_Snehanshu/FGBO/icbinb/train.py:36: RuntimeWarning: Mean of empty slice.
  mae = float(np.abs(p - t).mean())
/Users/adityanagarsekar/Downloads/Courses/LOP_Snehanshu/FGBO/icbinb/train.py:35: RuntimeWarning: Mean of empty slice.
  mse = float(((p - t) ** 2).mean())
/opt/anaconda3/envs/tf-ml-gpu/lib/python3.10/site-packages/numpy/core/_methods.py:129: RuntimeWarning: invalid value encountered in divide
  ret = ret.dtype.type(ret / rcount)
/Users/adityanagarsekar/Downloads/Courses/LOP_Snehanshu/FGBO/icbinb/train.py:36: RuntimeWarning: Mean of empty slice.
  mae = float(np.abs(p - t).mean())
/Users/adityanagarsekar/Downloads/Courses/LOP_Snehanshu/FGBO/icbinb/train.py:35: RuntimeWarning: Mean of empty slice.
  mse = float(((p - t) ** 2).mean())
/opt/anaconda3/envs/tf-ml-gpu/lib/python3.10/site-packages/numpy/core/_methods.py:129: RuntimeWarning: invalid value encountered in divide
  ret = ret.dtype.type(ret / rcount)
/Users/adityanagarsekar/Downloads/Courses/LOP_Snehanshu/FGBO/icbinb/train.py:36: RuntimeWarning: Mean of empty slice.
  mae = float(np.abs(p - t).mean())
/Users/adityanagarsekar/Downloads/Courses/LOP_Snehanshu/FGBO/icbinb/train.py:37: ConstantInputWarning: An input array is constant; the correlation coefficient is not defined.
  rho = float(spearmanr(p, t).statistic) if len(t) > 2 and np.std(p) > 0 else float("nan")
/Users/adityanagarsekar/Downloads/Courses/LOP_Snehanshu/FGBO/icbinb/train.py:35: RuntimeWarning: Mean of empty slice.
  mse = float(((p - t) ** 2).mean())
/opt/anaconda3/envs/tf-ml-gpu/lib/python3.10/site-packages/numpy/core/_methods.py:129: RuntimeWarning: invalid value encountered in divide
  ret = ret.dtype.type(ret / rcount)
/Users/adityanagarsekar/Downloads/Courses/LOP_Snehanshu/FGBO/icbinb/train.py:36: RuntimeWarning: Mean of empty slice.
  mae = float(np.abs(p - t).mean())
/Users/adityanagarsekar/Downloads/Courses/LOP_Snehanshu/FGBO/icbinb/train.py:35: RuntimeWarning: Mean of empty slice.
  mse = float(((p - t) ** 2).mean())
/opt/anaconda3/envs/tf-ml-gpu/lib/python3.10/site-packages/numpy/core/_methods.py:129: RuntimeWarning: invalid value encountered in divide
  ret = ret.dtype.type(ret / rcount)
/Users/adityanagarsekar/Downloads/Courses/LOP_Snehanshu/FGBO/icbinb/train.py:36: RuntimeWarning: Mean of empty slice.
  mae = float(np.abs(p - t).mean())
/Users/adityanagarsekar/Downloads/Courses/LOP_Snehanshu/FGBO/icbinb/train.py:37: ConstantInputWarning: An input array is constant; the correlation coefficient is not defined.
  rho = float(spearmanr(p, t).statistic) if len(t) > 2 and np.std(p) > 0 else float("nan")
/Users/adityanagarsekar/Downloads/Courses/LOP_Snehanshu/FGBO/icbinb/train.py:35: RuntimeWarning: Mean of empty slice.
  mse = float(((p - t) ** 2).mean())
/opt/anaconda3/envs/tf-ml-gpu/lib/python3.10/site-packages/numpy/core/_methods.py:129: RuntimeWarning: invalid value encountered in divide
  ret = ret.dtype.type(ret / rcount)
/Users/adityanagarsekar/Downloads/Courses/LOP_Snehanshu/FGBO/icbinb/train.py:36: RuntimeWarning: Mean of empty slice.
  mae = float(np.abs(p - t).mean())
/Users/adityanagarsekar/Downloads/Courses/LOP_Snehanshu/FGBO/icbinb/train.py:37: ConstantInputWarning: An input array is constant; the correlation coefficient is not defined.
  rho = float(spearmanr(p, t).statistic) if len(t) > 2 and np.std(p) > 0 else float("nan")
/Users/adityanagarsekar/Downloads/Courses/LOP_Snehanshu/FGBO/icbinb/train.py:35: RuntimeWarning: Mean of empty slice.
  mse = float(((p - t) ** 2).mean())
/opt/anaconda3/envs/tf-ml-gpu/lib/python3.10/site-packages/numpy/core/_methods.py:129: RuntimeWarning: invalid value encountered in divide
  ret = ret.dtype.type(ret / rcount)
/Users/adityanagarsekar/Downloads/Courses/LOP_Snehanshu/FGBO/icbinb/train.py:36: RuntimeWarning: Mean of empty slice.
  mae = float(np.abs(p - t).mean())
/Users/adityanagarsekar/Downloads/Courses/LOP_Snehanshu/FGBO/icbinb/train.py:35: RuntimeWarning: Mean of empty slice.
  mse = float(((p - t) ** 2).mean())
/opt/anaconda3/envs/tf-ml-gpu/lib/python3.10/site-packages/numpy/core/_methods.py:129: RuntimeWarning: invalid value encountered in divide
  ret = ret.dtype.type(ret / rcount)
/Users/adityanagarsekar/Downloads/Courses/LOP_Snehanshu/FGBO/icbinb/train.py:36: RuntimeWarning: Mean of empty slice.
  mae = float(np.abs(p - t).mean())
/Users/adityanagarsekar/Downloads/Courses/LOP_Snehanshu/FGBO/icbinb/train.py:35: RuntimeWarning: Mean of empty slice.
  mse = float(((p - t) ** 2).mean())
/opt/anaconda3/envs/tf-ml-gpu/lib/python3.10/site-packages/numpy/core/_methods.py:129: RuntimeWarning: invalid value encountered in divide
  ret = ret.dtype.type(ret / rcount)
/Users/adityanagarsekar/Downloads/Courses/LOP_Snehanshu/FGBO/icbinb/train.py:36: RuntimeWarning: Mean of empty slice.
  mae = float(np.abs(p - t).mean())
/Users/adityanagarsekar/Downloads/Courses/LOP_Snehanshu/FGBO/icbinb/train.py:35: RuntimeWarning: Mean of empty slice.
  mse = float(((p - t) ** 2).mean())
/opt/anaconda3/envs/tf-ml-gpu/lib/python3.10/site-packages/numpy/core/_methods.py:129: RuntimeWarning: invalid value encountered in divide
  ret = ret.dtype.type(ret / rcount)
/Users/adityanagarsekar/Downloads/Courses/LOP_Snehanshu/FGBO/icbinb/train.py:36: RuntimeWarning: Mean of empty slice.
  mae = float(np.abs(p - t).mean())
/Users/adityanagarsekar/Downloads/Courses/LOP_Snehanshu/FGBO/icbinb/train.py:35: RuntimeWarning: Mean of empty slice.
  mse = float(((p - t) ** 2).mean())
/opt/anaconda3/envs/tf-ml-gpu/lib/python3.10/site-packages/numpy/core/_methods.py:129: RuntimeWarning: invalid value encountered in divide
  ret = ret.dtype.type(ret / rcount)
/Users/adityanagarsekar/Downloads/Courses/LOP_Snehanshu/FGBO/icbinb/train.py:36: RuntimeWarning: Mean of empty slice.
  mae = float(np.abs(p - t).mean())
/Users/adityanagarsekar/Downloads/Courses/LOP_Snehanshu/FGBO/icbinb/train.py:35: RuntimeWarning: Mean of empty slice.
  mse = float(((p - t) ** 2).mean())
/opt/anaconda3/envs/tf-ml-gpu/lib/python3.10/site-packages/numpy/core/_methods.py:129: RuntimeWarning: invalid value encountered in divide
  ret = ret.dtype.type(ret / rcount)
/Users/adityanagarsekar/Downloads/Courses/LOP_Snehanshu/FGBO/icbinb/train.py:36: RuntimeWarning: Mean of empty slice.
  mae = float(np.abs(p - t).mean())
/Users/adityanagarsekar/Downloads/Courses/LOP_Snehanshu/FGBO/icbinb/train.py:35: RuntimeWarning: Mean of empty slice.
  mse = float(((p - t) ** 2).mean())
/opt/anaconda3/envs/tf-ml-gpu/lib/python3.10/site-packages/numpy/core/_methods.py:129: RuntimeWarning: invalid value encountered in divide
  ret = ret.dtype.type(ret / rcount)
/Users/adityanagarsekar/Downloads/Courses/LOP_Snehanshu/FGBO/icbinb/train.py:36: RuntimeWarning: Mean of empty slice.
  mae = float(np.abs(p - t).mean())
/Users/adityanagarsekar/Downloads/Courses/LOP_Snehanshu/FGBO/icbinb/train.py:37: ConstantInputWarning: An input array is constant; the correlation coefficient is not defined.
  rho = float(spearmanr(p, t).statistic) if len(t) > 2 and np.std(p) > 0 else float("nan")
/Users/adityanagarsekar/Downloads/Courses/LOP_Snehanshu/FGBO/icbinb/train.py:35: RuntimeWarning: Mean of empty slice.
  mse = float(((p - t) ** 2).mean())
/opt/anaconda3/envs/tf-ml-gpu/lib/python3.10/site-packages/numpy/core/_methods.py:129: RuntimeWarning: invalid value encountered in divide
  ret = ret.dtype.type(ret / rcount)
/Users/adityanagarsekar/Downloads/Courses/LOP_Snehanshu/FGBO/icbinb/train.py:36: RuntimeWarning: Mean of empty slice.
  mae = float(np.abs(p - t).mean())
/Users/adityanagarsekar/Downloads/Courses/LOP_Snehanshu/FGBO/icbinb/train.py:35: RuntimeWarning: Mean of empty slice.
  mse = float(((p - t) ** 2).mean())
/opt/anaconda3/envs/tf-ml-gpu/lib/python3.10/site-packages/numpy/core/_methods.py:129: RuntimeWarning: invalid value encountered in divide
  ret = ret.dtype.type(ret / rcount)
/Users/adityanagarsekar/Downloads/Courses/LOP_Snehanshu/FGBO/icbinb/train.py:36: RuntimeWarning: Mean of empty slice.
  mae = float(np.abs(p - t).mean())
/Users/adityanagarsekar/Downloads/Courses/LOP_Snehanshu/FGBO/icbinb/train.py:37: ConstantInputWarning: An input array is constant; the correlation coefficient is not defined.
  rho = float(spearmanr(p, t).statistic) if len(t) > 2 and np.std(p) > 0 else float("nan")
/Users/adityanagarsekar/Downloads/Courses/LOP_Snehanshu/FGBO/icbinb/train.py:35: RuntimeWarning: Mean of empty slice.
  mse = float(((p - t) ** 2).mean())
/opt/anaconda3/envs/tf-ml-gpu/lib/python3.10/site-packages/numpy/core/_methods.py:129: RuntimeWarning: invalid value encountered in divide
  ret = ret.dtype.type(ret / rcount)
/Users/adityanagarsekar/Downloads/Courses/LOP_Snehanshu/FGBO/icbinb/train.py:36: RuntimeWarning: Mean of empty slice.
  mae = float(np.abs(p - t).mean())
/Users/adityanagarsekar/Downloads/Courses/LOP_Snehanshu/FGBO/icbinb/train.py:37: ConstantInputWarning: An input array is constant; the correlation coefficient is not defined.
  rho = float(spearmanr(p, t).statistic) if len(t) > 2 and np.std(p) > 0 else float("nan")
/Users/adityanagarsekar/Downloads/Courses/LOP_Snehanshu/FGBO/icbinb/train.py:35: RuntimeWarning: Mean of empty slice.
  mse = float(((p - t) ** 2).mean())
/opt/anaconda3/envs/tf-ml-gpu/lib/python3.10/site-packages/numpy/core/_methods.py:129: RuntimeWarning: invalid value encountered in divide
  ret = ret.dtype.type(ret / rcount)
/Users/adityanagarsekar/Downloads/Courses/LOP_Snehanshu/FGBO/icbinb/train.py:36: RuntimeWarning: Mean of empty slice.
  mae = float(np.abs(p - t).mean())
/Users/adityanagarsekar/Downloads/Courses/LOP_Snehanshu/FGBO/icbinb/train.py:35: RuntimeWarning: Mean of empty slice.
  mse = float(((p - t) ** 2).mean())
/opt/anaconda3/envs/tf-ml-gpu/lib/python3.10/site-packages/numpy/core/_methods.py:129: RuntimeWarning: invalid value encountered in divide
  ret = ret.dtype.type(ret / rcount)
/Users/adityanagarsekar/Downloads/Courses/LOP_Snehanshu/FGBO/icbinb/train.py:36: RuntimeWarning: Mean of empty slice.
  mae = float(np.abs(p - t).mean())
/Users/adityanagarsekar/Downloads/Courses/LOP_Snehanshu/FGBO/icbinb/train.py:35: RuntimeWarning: Mean of empty slice.
  mse = float(((p - t) ** 2).mean())
/opt/anaconda3/envs/tf-ml-gpu/lib/python3.10/site-packages/numpy/core/_methods.py:129: RuntimeWarning: invalid value encountered in divide
  ret = ret.dtype.type(ret / rcount)
/Users/adityanagarsekar/Downloads/Courses/LOP_Snehanshu/FGBO/icbinb/train.py:36: RuntimeWarning: Mean of empty slice.
  mae = float(np.abs(p - t).mean())
/Users/adityanagarsekar/Downloads/Courses/LOP_Snehanshu/FGBO/icbinb/train.py:35: RuntimeWarning: Mean of empty slice.
  mse = float(((p - t) ** 2).mean())
/opt/anaconda3/envs/tf-ml-gpu/lib/python3.10/site-packages/numpy/core/_methods.py:129: RuntimeWarning: invalid value encountered in divide
  ret = ret.dtype.type(ret / rcount)
/Users/adityanagarsekar/Downloads/Courses/LOP_Snehanshu/FGBO/icbinb/train.py:36: RuntimeWarning: Mean of empty slice.
  mae = float(np.abs(p - t).mean())
/Users/adityanagarsekar/Downloads/Courses/LOP_Snehanshu/FGBO/icbinb/train.py:37: ConstantInputWarning: An input array is constant; the correlation coefficient is not defined.
  rho = float(spearmanr(p, t).statistic) if len(t) > 2 and np.std(p) > 0 else float("nan")
/Users/adityanagarsekar/Downloads/Courses/LOP_Snehanshu/FGBO/icbinb/train.py:35: RuntimeWarning: Mean of empty slice.
  mse = float(((p - t) ** 2).mean())
/opt/anaconda3/envs/tf-ml-gpu/lib/python3.10/site-packages/numpy/core/_methods.py:129: RuntimeWarning: invalid value encountered in divide
  ret = ret.dtype.type(ret / rcount)
/Users/adityanagarsekar/Downloads/Courses/LOP_Snehanshu/FGBO/icbinb/train.py:36: RuntimeWarning: Mean of empty slice.
  mae = float(np.abs(p - t).mean())
/Users/adityanagarsekar/Downloads/Courses/LOP_Snehanshu/FGBO/icbinb/train.py:35: RuntimeWarning: Mean of empty slice.
  mse = float(((p - t) ** 2).mean())
/opt/anaconda3/envs/tf-ml-gpu/lib/python3.10/site-packages/numpy/core/_methods.py:129: RuntimeWarning: invalid value encountered in divide
  ret = ret.dtype.type(ret / rcount)
/Users/adityanagarsekar/Downloads/Courses/LOP_Snehanshu/FGBO/icbinb/train.py:36: RuntimeWarning: Mean of empty slice.
  mae = float(np.abs(p - t).mean())
/Users/adityanagarsekar/Downloads/Courses/LOP_Snehanshu/FGBO/icbinb/train.py:35: RuntimeWarning: Mean of empty slice.
  mse = float(((p - t) ** 2).mean())
/opt/anaconda3/envs/tf-ml-gpu/lib/python3.10/site-packages/numpy/core/_methods.py:129: RuntimeWarning: invalid value encountered in divide
  ret = ret.dtype.type(ret / rcount)
/Users/adityanagarsekar/Downloads/Courses/LOP_Snehanshu/FGBO/icbinb/train.py:36: RuntimeWarning: Mean of empty slice.
  mae = float(np.abs(p - t).mean())
/Users/adityanagarsekar/Downloads/Courses/LOP_Snehanshu/FGBO/icbinb/train.py:35: RuntimeWarning: Mean of empty slice.
  mse = float(((p - t) ** 2).mean())
/opt/anaconda3/envs/tf-ml-gpu/lib/python3.10/site-packages/numpy/core/_methods.py:129: RuntimeWarning: invalid value encountered in divide
  ret = ret.dtype.type(ret / rcount)
/Users/adityanagarsekar/Downloads/Courses/LOP_Snehanshu/FGBO/icbinb/train.py:36: RuntimeWarning: Mean of empty slice.
  mae = float(np.abs(p - t).mean())
/Users/adityanagarsekar/Downloads/Courses/LOP_Snehanshu/FGBO/icbinb/train.py:35: RuntimeWarning: Mean of empty slice.
  mse = float(((p - t) ** 2).mean())
/opt/anaconda3/envs/tf-ml-gpu/lib/python3.10/site-packages/numpy/core/_methods.py:129: RuntimeWarning: invalid value encountered in divide
  ret = ret.dtype.type(ret / rcount)
/Users/adityanagarsekar/Downloads/Courses/LOP_Snehanshu/FGBO/icbinb/train.py:36: RuntimeWarning: Mean of empty slice.
  mae = float(np.abs(p - t).mean())
/Users/adityanagarsekar/Downloads/Courses/LOP_Snehanshu/FGBO/icbinb/train.py:37: ConstantInputWarning: An input array is constant; the correlation coefficient is not defined.
  rho = float(spearmanr(p, t).statistic) if len(t) > 2 and np.std(p) > 0 else float("nan")
/Users/adityanagarsekar/Downloads/Courses/LOP_Snehanshu/FGBO/icbinb/train.py:35: RuntimeWarning: Mean of empty slice.
  mse = float(((p - t) ** 2).mean())
/opt/anaconda3/envs/tf-ml-gpu/lib/python3.10/site-packages/numpy/core/_methods.py:129: RuntimeWarning: invalid value encountered in divide
  ret = ret.dtype.type(ret / rcount)
/Users/adityanagarsekar/Downloads/Courses/LOP_Snehanshu/FGBO/icbinb/train.py:36: RuntimeWarning: Mean of empty slice.
  mae = float(np.abs(p - t).mean())
/Users/adityanagarsekar/Downloads/Courses/LOP_Snehanshu/FGBO/icbinb/train.py:35: RuntimeWarning: Mean of empty slice.
  mse = float(((p - t) ** 2).mean())
/opt/anaconda3/envs/tf-ml-gpu/lib/python3.10/site-packages/numpy/core/_methods.py:129: RuntimeWarning: invalid value encountered in divide
  ret = ret.dtype.type(ret / rcount)
/Users/adityanagarsekar/Downloads/Courses/LOP_Snehanshu/FGBO/icbinb/train.py:36: RuntimeWarning: Mean of empty slice.
  mae = float(np.abs(p - t).mean())
/Users/adityanagarsekar/Downloads/Courses/LOP_Snehanshu/FGBO/icbinb/train.py:35: RuntimeWarning: Mean of empty slice.
  mse = float(((p - t) ** 2).mean())
/opt/anaconda3/envs/tf-ml-gpu/lib/python3.10/site-packages/numpy/core/_methods.py:129: RuntimeWarning: invalid value encountered in divide
  ret = ret.dtype.type(ret / rcount)
/Users/adityanagarsekar/Downloads/Courses/LOP_Snehanshu/FGBO/icbinb/train.py:36: RuntimeWarning: Mean of empty slice.
  mae = float(np.abs(p - t).mean())
/Users/adityanagarsekar/Downloads/Courses/LOP_Snehanshu/FGBO/icbinb/train.py:35: RuntimeWarning: Mean of empty slice.
  mse = float(((p - t) ** 2).mean())
/opt/anaconda3/envs/tf-ml-gpu/lib/python3.10/site-packages/numpy/core/_methods.py:129: RuntimeWarning: invalid value encountered in divide
  ret = ret.dtype.type(ret / rcount)
/Users/adityanagarsekar/Downloads/Courses/LOP_Snehanshu/FGBO/icbinb/train.py:36: RuntimeWarning: Mean of empty slice.
  mae = float(np.abs(p - t).mean())
/Users/adityanagarsekar/Downloads/Courses/LOP_Snehanshu/FGBO/icbinb/train.py:35: RuntimeWarning: Mean of empty slice.
  mse = float(((p - t) ** 2).mean())
/opt/anaconda3/envs/tf-ml-gpu/lib/python3.10/site-packages/numpy/core/_methods.py:129: RuntimeWarning: invalid value encountered in divide
  ret = ret.dtype.type(ret / rcount)
/Users/adityanagarsekar/Downloads/Courses/LOP_Snehanshu/FGBO/icbinb/train.py:36: RuntimeWarning: Mean of empty slice.
  mae = float(np.abs(p - t).mean())
/Users/adityanagarsekar/Downloads/Courses/LOP_Snehanshu/FGBO/icbinb/train.py:35: RuntimeWarning: Mean of empty slice.
  mse = float(((p - t) ** 2).mean())
/opt/anaconda3/envs/tf-ml-gpu/lib/python3.10/site-packages/numpy/core/_methods.py:129: RuntimeWarning: invalid value encountered in divide
  ret = ret.dtype.type(ret / rcount)
/Users/adityanagarsekar/Downloads/Courses/LOP_Snehanshu/FGBO/icbinb/train.py:36: RuntimeWarning: Mean of empty slice.
  mae = float(np.abs(p - t).mean())
/Users/adityanagarsekar/Downloads/Courses/LOP_Snehanshu/FGBO/icbinb/train.py:35: RuntimeWarning: Mean of empty slice.
  mse = float(((p - t) ** 2).mean())
/opt/anaconda3/envs/tf-ml-gpu/lib/python3.10/site-packages/numpy/core/_methods.py:129: RuntimeWarning: invalid value encountered in divide
  ret = ret.dtype.type(ret / rcount)
/Users/adityanagarsekar/Downloads/Courses/LOP_Snehanshu/FGBO/icbinb/train.py:36: RuntimeWarning: Mean of empty slice.
  mae = float(np.abs(p - t).mean())
  valfree_pool  amylase         outer002  48 rows   339.1s
/Users/adityanagarsekar/Downloads/Courses/LOP_Snehanshu/FGBO/icbinb/train.py:37: ConstantInputWarning: An input array is constant; the correlation coefficient is not defined.
  rho = float(spearmanr(p, t).statistic) if len(t) > 2 and np.std(p) > 0 else float("nan")
/Users/adityanagarsekar/Downloads/Courses/LOP_Snehanshu/FGBO/icbinb/train.py:35: RuntimeWarning: Mean of empty slice.
  mse = float(((p - t) ** 2).mean())
/opt/anaconda3/envs/tf-ml-gpu/lib/python3.10/site-packages/numpy/core/_methods.py:129: RuntimeWarning: invalid value encountered in divide
  ret = ret.dtype.type(ret / rcount)
/Users/adityanagarsekar/Downloads/Courses/LOP_Snehanshu/FGBO/icbinb/train.py:36: RuntimeWarning: Mean of empty slice.
  mae = float(np.abs(p - t).mean())
/Users/adityanagarsekar/Downloads/Courses/LOP_Snehanshu/FGBO/icbinb/train.py:35: RuntimeWarning: Mean of empty slice.
  mse = float(((p - t) ** 2).mean())
/opt/anaconda3/envs/tf-ml-gpu/lib/python3.10/site-packages/numpy/core/_methods.py:129: RuntimeWarning: invalid value encountered in divide
  ret = ret.dtype.type(ret / rcount)
/Users/adityanagarsekar/Downloads/Courses/LOP_Snehanshu/FGBO/icbinb/train.py:36: RuntimeWarning: Mean of empty slice.
  mae = float(np.abs(p - t).mean())
/Users/adityanagarsekar/Downloads/Courses/LOP_Snehanshu/FGBO/icbinb/train.py:37: ConstantInputWarning: An input array is constant; the correlation coefficient is not defined.
  rho = float(spearmanr(p, t).statistic) if len(t) > 2 and np.std(p) > 0 else float("nan")
/Users/adityanagarsekar/Downloads/Courses/LOP_Snehanshu/FGBO/icbinb/train.py:35: RuntimeWarning: Mean of empty slice.
  mse = float(((p - t) ** 2).mean())
/opt/anaconda3/envs/tf-ml-gpu/lib/python3.10/site-packages/numpy/core/_methods.py:129: RuntimeWarning: invalid value encountered in divide
  ret = ret.dtype.type(ret / rcount)
/Users/adityanagarsekar/Downloads/Courses/LOP_Snehanshu/FGBO/icbinb/train.py:36: RuntimeWarning: Mean of empty slice.
  mae = float(np.abs(p - t).mean())
/Users/adityanagarsekar/Downloads/Courses/LOP_Snehanshu/FGBO/icbinb/train.py:35: RuntimeWarning: Mean of empty slice.
  mse = float(((p - t) ** 2).mean())
/opt/anaconda3/envs/tf-ml-gpu/lib/python3.10/site-packages/numpy/core/_methods.py:129: RuntimeWarning: invalid value encountered in divide
  ret = ret.dtype.type(ret / rcount)
/Users/adityanagarsekar/Downloads/Courses/LOP_Snehanshu/FGBO/icbinb/train.py:36: RuntimeWarning: Mean of empty slice.
  mae = float(np.abs(p - t).mean())
/Users/adityanagarsekar/Downloads/Courses/LOP_Snehanshu/FGBO/icbinb/train.py:35: RuntimeWarning: Mean of empty slice.
  mse = float(((p - t) ** 2).mean())
/opt/anaconda3/envs/tf-ml-gpu/lib/python3.10/site-packages/numpy/core/_methods.py:129: RuntimeWarning: invalid value encountered in divide
  ret = ret.dtype.type(ret / rcount)
/Users/adityanagarsekar/Downloads/Courses/LOP_Snehanshu/FGBO/icbinb/train.py:36: RuntimeWarning: Mean of empty slice.
  mae = float(np.abs(p - t).mean())
/Users/adityanagarsekar/Downloads/Courses/LOP_Snehanshu/FGBO/icbinb/train.py:35: RuntimeWarning: Mean of empty slice.
  mse = float(((p - t) ** 2).mean())
/opt/anaconda3/envs/tf-ml-gpu/lib/python3.10/site-packages/numpy/core/_methods.py:129: RuntimeWarning: invalid value encountered in divide
  ret = ret.dtype.type(ret / rcount)
/Users/adityanagarsekar/Downloads/Courses/LOP_Snehanshu/FGBO/icbinb/train.py:36: RuntimeWarning: Mean of empty slice.
  mae = float(np.abs(p - t).mean())
/Users/adityanagarsekar/Downloads/Courses/LOP_Snehanshu/FGBO/icbinb/train.py:35: RuntimeWarning: Mean of empty slice.
  mse = float(((p - t) ** 2).mean())
/opt/anaconda3/envs/tf-ml-gpu/lib/python3.10/site-packages/numpy/core/_methods.py:129: RuntimeWarning: invalid value encountered in divide
  ret = ret.dtype.type(ret / rcount)
/Users/adityanagarsekar/Downloads/Courses/LOP_Snehanshu/FGBO/icbinb/train.py:36: RuntimeWarning: Mean of empty slice.
  mae = float(np.abs(p - t).mean())
/Users/adityanagarsekar/Downloads/Courses/LOP_Snehanshu/FGBO/icbinb/train.py:35: RuntimeWarning: Mean of empty slice.
  mse = float(((p - t) ** 2).mean())
/opt/anaconda3/envs/tf-ml-gpu/lib/python3.10/site-packages/numpy/core/_methods.py:129: RuntimeWarning: invalid value encountered in divide
  ret = ret.dtype.type(ret / rcount)
/Users/adityanagarsekar/Downloads/Courses/LOP_Snehanshu/FGBO/icbinb/train.py:36: RuntimeWarning: Mean of empty slice.
  mae = float(np.abs(p - t).mean())
/Users/adityanagarsekar/Downloads/Courses/LOP_Snehanshu/FGBO/icbinb/train.py:37: ConstantInputWarning: An input array is constant; the correlation coefficient is not defined.
  rho = float(spearmanr(p, t).statistic) if len(t) > 2 and np.std(p) > 0 else float("nan")
/Users/adityanagarsekar/Downloads/Courses/LOP_Snehanshu/FGBO/icbinb/train.py:35: RuntimeWarning: Mean of empty slice.
  mse = float(((p - t) ** 2).mean())
/opt/anaconda3/envs/tf-ml-gpu/lib/python3.10/site-packages/numpy/core/_methods.py:129: RuntimeWarning: invalid value encountered in divide
  ret = ret.dtype.type(ret / rcount)
/Users/adityanagarsekar/Downloads/Courses/LOP_Snehanshu/FGBO/icbinb/train.py:36: RuntimeWarning: Mean of empty slice.
  mae = float(np.abs(p - t).mean())
/Users/adityanagarsekar/Downloads/Courses/LOP_Snehanshu/FGBO/icbinb/train.py:35: RuntimeWarning: Mean of empty slice.
  mse = float(((p - t) ** 2).mean())
/opt/anaconda3/envs/tf-ml-gpu/lib/python3.10/site-packages/numpy/core/_methods.py:129: RuntimeWarning: invalid value encountered in divide
  ret = ret.dtype.type(ret / rcount)
/Users/adityanagarsekar/Downloads/Courses/LOP_Snehanshu/FGBO/icbinb/train.py:36: RuntimeWarning: Mean of empty slice.
  mae = float(np.abs(p - t).mean())
/Users/adityanagarsekar/Downloads/Courses/LOP_Snehanshu/FGBO/icbinb/train.py:35: RuntimeWarning: Mean of empty slice.
  mse = float(((p - t) ** 2).mean())
/opt/anaconda3/envs/tf-ml-gpu/lib/python3.10/site-packages/numpy/core/_methods.py:129: RuntimeWarning: invalid value encountered in divide
  ret = ret.dtype.type(ret / rcount)
/Users/adityanagarsekar/Downloads/Courses/LOP_Snehanshu/FGBO/icbinb/train.py:36: RuntimeWarning: Mean of empty slice.
  mae = float(np.abs(p - t).mean())
/Users/adityanagarsekar/Downloads/Courses/LOP_Snehanshu/FGBO/icbinb/train.py:35: RuntimeWarning: Mean of empty slice.
  mse = float(((p - t) ** 2).mean())
/opt/anaconda3/envs/tf-ml-gpu/lib/python3.10/site-packages/numpy/core/_methods.py:129: RuntimeWarning: invalid value encountered in divide
  ret = ret.dtype.type(ret / rcount)
/Users/adityanagarsekar/Downloads/Courses/LOP_Snehanshu/FGBO/icbinb/train.py:36: RuntimeWarning: Mean of empty slice.
  mae = float(np.abs(p - t).mean())
/Users/adityanagarsekar/Downloads/Courses/LOP_Snehanshu/FGBO/icbinb/train.py:35: RuntimeWarning: Mean of empty slice.
  mse = float(((p - t) ** 2).mean())
/opt/anaconda3/envs/tf-ml-gpu/lib/python3.10/site-packages/numpy/core/_methods.py:129: RuntimeWarning: invalid value encountered in divide
  ret = ret.dtype.type(ret / rcount)
/Users/adityanagarsekar/Downloads/Courses/LOP_Snehanshu/FGBO/icbinb/train.py:36: RuntimeWarning: Mean of empty slice.
  mae = float(np.abs(p - t).mean())
/Users/adityanagarsekar/Downloads/Courses/LOP_Snehanshu/FGBO/icbinb/train.py:35: RuntimeWarning: Mean of empty slice.
  mse = float(((p - t) ** 2).mean())
/opt/anaconda3/envs/tf-ml-gpu/lib/python3.10/site-packages/numpy/core/_methods.py:129: RuntimeWarning: invalid value encountered in divide
  ret = ret.dtype.type(ret / rcount)
/Users/adityanagarsekar/Downloads/Courses/LOP_Snehanshu/FGBO/icbinb/train.py:36: RuntimeWarning: Mean of empty slice.
  mae = float(np.abs(p - t).mean())
/Users/adityanagarsekar/Downloads/Courses/LOP_Snehanshu/FGBO/icbinb/train.py:35: RuntimeWarning: Mean of empty slice.
  mse = float(((p - t) ** 2).mean())
/opt/anaconda3/envs/tf-ml-gpu/lib/python3.10/site-packages/numpy/core/_methods.py:129: RuntimeWarning: invalid value encountered in divide
  ret = ret.dtype.type(ret / rcount)
/Users/adityanagarsekar/Downloads/Courses/LOP_Snehanshu/FGBO/icbinb/train.py:36: RuntimeWarning: Mean of empty slice.
  mae = float(np.abs(p - t).mean())
/Users/adityanagarsekar/Downloads/Courses/LOP_Snehanshu/FGBO/icbinb/train.py:35: RuntimeWarning: Mean of empty slice.
  mse = float(((p - t) ** 2).mean())
/opt/anaconda3/envs/tf-ml-gpu/lib/python3.10/site-packages/numpy/core/_methods.py:129: RuntimeWarning: invalid value encountered in divide
  ret = ret.dtype.type(ret / rcount)
/Users/adityanagarsekar/Downloads/Courses/LOP_Snehanshu/FGBO/icbinb/train.py:36: RuntimeWarning: Mean of empty slice.
  mae = float(np.abs(p - t).mean())
/Users/adityanagarsekar/Downloads/Courses/LOP_Snehanshu/FGBO/icbinb/train.py:37: ConstantInputWarning: An input array is constant; the correlation coefficient is not defined.
  rho = float(spearmanr(p, t).statistic) if len(t) > 2 and np.std(p) > 0 else float("nan")
/Users/adityanagarsekar/Downloads/Courses/LOP_Snehanshu/FGBO/icbinb/train.py:35: RuntimeWarning: Mean of empty slice.
  mse = float(((p - t) ** 2).mean())
/opt/anaconda3/envs/tf-ml-gpu/lib/python3.10/site-packages/numpy/core/_methods.py:129: RuntimeWarning: invalid value encountered in divide
  ret = ret.dtype.type(ret / rcount)
/Users/adityanagarsekar/Downloads/Courses/LOP_Snehanshu/FGBO/icbinb/train.py:36: RuntimeWarning: Mean of empty slice.
  mae = float(np.abs(p - t).mean())
/Users/adityanagarsekar/Downloads/Courses/LOP_Snehanshu/FGBO/icbinb/train.py:35: RuntimeWarning: Mean of empty slice.
  mse = float(((p - t) ** 2).mean())
/opt/anaconda3/envs/tf-ml-gpu/lib/python3.10/site-packages/numpy/core/_methods.py:129: RuntimeWarning: invalid value encountered in divide
  ret = ret.dtype.type(ret / rcount)
/Users/adityanagarsekar/Downloads/Courses/LOP_Snehanshu/FGBO/icbinb/train.py:36: RuntimeWarning: Mean of empty slice.
  mae = float(np.abs(p - t).mean())
/Users/adityanagarsekar/Downloads/Courses/LOP_Snehanshu/FGBO/icbinb/train.py:37: ConstantInputWarning: An input array is constant; the correlation coefficient is not defined.
  rho = float(spearmanr(p, t).statistic) if len(t) > 2 and np.std(p) > 0 else float("nan")
/Users/adityanagarsekar/Downloads/Courses/LOP_Snehanshu/FGBO/icbinb/train.py:35: RuntimeWarning: Mean of empty slice.
  mse = float(((p - t) ** 2).mean())
/opt/anaconda3/envs/tf-ml-gpu/lib/python3.10/site-packages/numpy/core/_methods.py:129: RuntimeWarning: invalid value encountered in divide
  ret = ret.dtype.type(ret / rcount)
/Users/adityanagarsekar/Downloads/Courses/LOP_Snehanshu/FGBO/icbinb/train.py:36: RuntimeWarning: Mean of empty slice.
  mae = float(np.abs(p - t).mean())
/Users/adityanagarsekar/Downloads/Courses/LOP_Snehanshu/FGBO/icbinb/train.py:35: RuntimeWarning: Mean of empty slice.
  mse = float(((p - t) ** 2).mean())
/opt/anaconda3/envs/tf-ml-gpu/lib/python3.10/site-packages/numpy/core/_methods.py:129: RuntimeWarning: invalid value encountered in divide
  ret = ret.dtype.type(ret / rcount)
/Users/adityanagarsekar/Downloads/Courses/LOP_Snehanshu/FGBO/icbinb/train.py:36: RuntimeWarning: Mean of empty slice.
  mae = float(np.abs(p - t).mean())
/Users/adityanagarsekar/Downloads/Courses/LOP_Snehanshu/FGBO/icbinb/train.py:35: RuntimeWarning: Mean of empty slice.
  mse = float(((p - t) ** 2).mean())
/opt/anaconda3/envs/tf-ml-gpu/lib/python3.10/site-packages/numpy/core/_methods.py:129: RuntimeWarning: invalid value encountered in divide
  ret = ret.dtype.type(ret / rcount)
/Users/adityanagarsekar/Downloads/Courses/LOP_Snehanshu/FGBO/icbinb/train.py:36: RuntimeWarning: Mean of empty slice.
  mae = float(np.abs(p - t).mean())
/Users/adityanagarsekar/Downloads/Courses/LOP_Snehanshu/FGBO/icbinb/train.py:35: RuntimeWarning: Mean of empty slice.
  mse = float(((p - t) ** 2).mean())
/opt/anaconda3/envs/tf-ml-gpu/lib/python3.10/site-packages/numpy/core/_methods.py:129: RuntimeWarning: invalid value encountered in divide
  ret = ret.dtype.type(ret / rcount)
/Users/adityanagarsekar/Downloads/Courses/LOP_Snehanshu/FGBO/icbinb/train.py:36: RuntimeWarning: Mean of empty slice.
  mae = float(np.abs(p - t).mean())
/Users/adityanagarsekar/Downloads/Courses/LOP_Snehanshu/FGBO/icbinb/train.py:35: RuntimeWarning: Mean of empty slice.
  mse = float(((p - t) ** 2).mean())
/opt/anaconda3/envs/tf-ml-gpu/lib/python3.10/site-packages/numpy/core/_methods.py:129: RuntimeWarning: invalid value encountered in divide
  ret = ret.dtype.type(ret / rcount)
/Users/adityanagarsekar/Downloads/Courses/LOP_Snehanshu/FGBO/icbinb/train.py:36: RuntimeWarning: Mean of empty slice.
  mae = float(np.abs(p - t).mean())
/Users/adityanagarsekar/Downloads/Courses/LOP_Snehanshu/FGBO/icbinb/train.py:35: RuntimeWarning: Mean of empty slice.
  mse = float(((p - t) ** 2).mean())
/opt/anaconda3/envs/tf-ml-gpu/lib/python3.10/site-packages/numpy/core/_methods.py:129: RuntimeWarning: invalid value encountered in divide
  ret = ret.dtype.type(ret / rcount)
/Users/adityanagarsekar/Downloads/Courses/LOP_Snehanshu/FGBO/icbinb/train.py:36: RuntimeWarning: Mean of empty slice.
  mae = float(np.abs(p - t).mean())
/Users/adityanagarsekar/Downloads/Courses/LOP_Snehanshu/FGBO/icbinb/train.py:35: RuntimeWarning: Mean of empty slice.
  mse = float(((p - t) ** 2).mean())
/opt/anaconda3/envs/tf-ml-gpu/lib/python3.10/site-packages/numpy/core/_methods.py:129: RuntimeWarning: invalid value encountered in divide
  ret = ret.dtype.type(ret / rcount)
/Users/adityanagarsekar/Downloads/Courses/LOP_Snehanshu/FGBO/icbinb/train.py:36: RuntimeWarning: Mean of empty slice.
  mae = float(np.abs(p - t).mean())
/Users/adityanagarsekar/Downloads/Courses/LOP_Snehanshu/FGBO/icbinb/train.py:35: RuntimeWarning: Mean of empty slice.
  mse = float(((p - t) ** 2).mean())
/opt/anaconda3/envs/tf-ml-gpu/lib/python3.10/site-packages/numpy/core/_methods.py:129: RuntimeWarning: invalid value encountered in divide
  ret = ret.dtype.type(ret / rcount)
/Users/adityanagarsekar/Downloads/Courses/LOP_Snehanshu/FGBO/icbinb/train.py:36: RuntimeWarning: Mean of empty slice.
  mae = float(np.abs(p - t).mean())
/Users/adityanagarsekar/Downloads/Courses/LOP_Snehanshu/FGBO/icbinb/train.py:35: RuntimeWarning: Mean of empty slice.
  mse = float(((p - t) ** 2).mean())
/opt/anaconda3/envs/tf-ml-gpu/lib/python3.10/site-packages/numpy/core/_methods.py:129: RuntimeWarning: invalid value encountered in divide
  ret = ret.dtype.type(ret / rcount)
/Users/adityanagarsekar/Downloads/Courses/LOP_Snehanshu/FGBO/icbinb/train.py:36: RuntimeWarning: Mean of empty slice.
  mae = float(np.abs(p - t).mean())
/Users/adityanagarsekar/Downloads/Courses/LOP_Snehanshu/FGBO/icbinb/train.py:37: ConstantInputWarning: An input array is constant; the correlation coefficient is not defined.
  rho = float(spearmanr(p, t).statistic) if len(t) > 2 and np.std(p) > 0 else float("nan")
/Users/adityanagarsekar/Downloads/Courses/LOP_Snehanshu/FGBO/icbinb/train.py:35: RuntimeWarning: Mean of empty slice.
  mse = float(((p - t) ** 2).mean())
/opt/anaconda3/envs/tf-ml-gpu/lib/python3.10/site-packages/numpy/core/_methods.py:129: RuntimeWarning: invalid value encountered in divide
  ret = ret.dtype.type(ret / rcount)
/Users/adityanagarsekar/Downloads/Courses/LOP_Snehanshu/FGBO/icbinb/train.py:36: RuntimeWarning: Mean of empty slice.
  mae = float(np.abs(p - t).mean())
/Users/adityanagarsekar/Downloads/Courses/LOP_Snehanshu/FGBO/icbinb/train.py:35: RuntimeWarning: Mean of empty slice.
  mse = float(((p - t) ** 2).mean())
/opt/anaconda3/envs/tf-ml-gpu/lib/python3.10/site-packages/numpy/core/_methods.py:129: RuntimeWarning: invalid value encountered in divide
  ret = ret.dtype.type(ret / rcount)
/Users/adityanagarsekar/Downloads/Courses/LOP_Snehanshu/FGBO/icbinb/train.py:36: RuntimeWarning: Mean of empty slice.
  mae = float(np.abs(p - t).mean())
/Users/adityanagarsekar/Downloads/Courses/LOP_Snehanshu/FGBO/icbinb/train.py:35: RuntimeWarning: Mean of empty slice.
  mse = float(((p - t) ** 2).mean())
/opt/anaconda3/envs/tf-ml-gpu/lib/python3.10/site-packages/numpy/core/_methods.py:129: RuntimeWarning: invalid value encountered in divide
  ret = ret.dtype.type(ret / rcount)
/Users/adityanagarsekar/Downloads/Courses/LOP_Snehanshu/FGBO/icbinb/train.py:36: RuntimeWarning: Mean of empty slice.
  mae = float(np.abs(p - t).mean())
/Users/adityanagarsekar/Downloads/Courses/LOP_Snehanshu/FGBO/icbinb/train.py:35: RuntimeWarning: Mean of empty slice.
  mse = float(((p - t) ** 2).mean())
/opt/anaconda3/envs/tf-ml-gpu/lib/python3.10/site-packages/numpy/core/_methods.py:129: RuntimeWarning: invalid value encountered in divide
  ret = ret.dtype.type(ret / rcount)
/Users/adityanagarsekar/Downloads/Courses/LOP_Snehanshu/FGBO/icbinb/train.py:36: RuntimeWarning: Mean of empty slice.
  mae = float(np.abs(p - t).mean())
/Users/adityanagarsekar/Downloads/Courses/LOP_Snehanshu/FGBO/icbinb/train.py:35: RuntimeWarning: Mean of empty slice.
  mse = float(((p - t) ** 2).mean())
/opt/anaconda3/envs/tf-ml-gpu/lib/python3.10/site-packages/numpy/core/_methods.py:129: RuntimeWarning: invalid value encountered in divide
  ret = ret.dtype.type(ret / rcount)
/Users/adityanagarsekar/Downloads/Courses/LOP_Snehanshu/FGBO/icbinb/train.py:36: RuntimeWarning: Mean of empty slice.
  mae = float(np.abs(p - t).mean())
/Users/adityanagarsekar/Downloads/Courses/LOP_Snehanshu/FGBO/icbinb/train.py:35: RuntimeWarning: Mean of empty slice.
  mse = float(((p - t) ** 2).mean())
/opt/anaconda3/envs/tf-ml-gpu/lib/python3.10/site-packages/numpy/core/_methods.py:129: RuntimeWarning: invalid value encountered in divide
  ret = ret.dtype.type(ret / rcount)
/Users/adityanagarsekar/Downloads/Courses/LOP_Snehanshu/FGBO/icbinb/train.py:36: RuntimeWarning: Mean of empty slice.
  mae = float(np.abs(p - t).mean())
/Users/adityanagarsekar/Downloads/Courses/LOP_Snehanshu/FGBO/icbinb/train.py:35: RuntimeWarning: Mean of empty slice.
  mse = float(((p - t) ** 2).mean())
/opt/anaconda3/envs/tf-ml-gpu/lib/python3.10/site-packages/numpy/core/_methods.py:129: RuntimeWarning: invalid value encountered in divide
  ret = ret.dtype.type(ret / rcount)
/Users/adityanagarsekar/Downloads/Courses/LOP_Snehanshu/FGBO/icbinb/train.py:36: RuntimeWarning: Mean of empty slice.
  mae = float(np.abs(p - t).mean())
/Users/adityanagarsekar/Downloads/Courses/LOP_Snehanshu/FGBO/icbinb/train.py:37: ConstantInputWarning: An input array is constant; the correlation coefficient is not defined.
  rho = float(spearmanr(p, t).statistic) if len(t) > 2 and np.std(p) > 0 else float("nan")
/Users/adityanagarsekar/Downloads/Courses/LOP_Snehanshu/FGBO/icbinb/train.py:35: RuntimeWarning: Mean of empty slice.
  mse = float(((p - t) ** 2).mean())
/opt/anaconda3/envs/tf-ml-gpu/lib/python3.10/site-packages/numpy/core/_methods.py:129: RuntimeWarning: invalid value encountered in divide
  ret = ret.dtype.type(ret / rcount)
/Users/adityanagarsekar/Downloads/Courses/LOP_Snehanshu/FGBO/icbinb/train.py:36: RuntimeWarning: Mean of empty slice.
  mae = float(np.abs(p - t).mean())
/Users/adityanagarsekar/Downloads/Courses/LOP_Snehanshu/FGBO/icbinb/train.py:35: RuntimeWarning: Mean of empty slice.
  mse = float(((p - t) ** 2).mean())
/opt/anaconda3/envs/tf-ml-gpu/lib/python3.10/site-packages/numpy/core/_methods.py:129: RuntimeWarning: invalid value encountered in divide
  ret = ret.dtype.type(ret / rcount)
/Users/adityanagarsekar/Downloads/Courses/LOP_Snehanshu/FGBO/icbinb/train.py:36: RuntimeWarning: Mean of empty slice.
  mae = float(np.abs(p - t).mean())
/Users/adityanagarsekar/Downloads/Courses/LOP_Snehanshu/FGBO/icbinb/train.py:35: RuntimeWarning: Mean of empty slice.
  mse = float(((p - t) ** 2).mean())
/opt/anaconda3/envs/tf-ml-gpu/lib/python3.10/site-packages/numpy/core/_methods.py:129: RuntimeWarning: invalid value encountered in divide
  ret = ret.dtype.type(ret / rcount)
/Users/adityanagarsekar/Downloads/Courses/LOP_Snehanshu/FGBO/icbinb/train.py:36: RuntimeWarning: Mean of empty slice.
  mae = float(np.abs(p - t).mean())
/Users/adityanagarsekar/Downloads/Courses/LOP_Snehanshu/FGBO/icbinb/train.py:37: ConstantInputWarning: An input array is constant; the correlation coefficient is not defined.
  rho = float(spearmanr(p, t).statistic) if len(t) > 2 and np.std(p) > 0 else float("nan")
/Users/adityanagarsekar/Downloads/Courses/LOP_Snehanshu/FGBO/icbinb/train.py:35: RuntimeWarning: Mean of empty slice.
  mse = float(((p - t) ** 2).mean())
/opt/anaconda3/envs/tf-ml-gpu/lib/python3.10/site-packages/numpy/core/_methods.py:129: RuntimeWarning: invalid value encountered in divide
  ret = ret.dtype.type(ret / rcount)
/Users/adityanagarsekar/Downloads/Courses/LOP_Snehanshu/FGBO/icbinb/train.py:36: RuntimeWarning: Mean of empty slice.
  mae = float(np.abs(p - t).mean())
/Users/adityanagarsekar/Downloads/Courses/LOP_Snehanshu/FGBO/icbinb/train.py:37: ConstantInputWarning: An input array is constant; the correlation coefficient is not defined.
  rho = float(spearmanr(p, t).statistic) if len(t) > 2 and np.std(p) > 0 else float("nan")
/Users/adityanagarsekar/Downloads/Courses/LOP_Snehanshu/FGBO/icbinb/train.py:35: RuntimeWarning: Mean of empty slice.
  mse = float(((p - t) ** 2).mean())
/opt/anaconda3/envs/tf-ml-gpu/lib/python3.10/site-packages/numpy/core/_methods.py:129: RuntimeWarning: invalid value encountered in divide
  ret = ret.dtype.type(ret / rcount)
/Users/adityanagarsekar/Downloads/Courses/LOP_Snehanshu/FGBO/icbinb/train.py:36: RuntimeWarning: Mean of empty slice.
  mae = float(np.abs(p - t).mean())
/Users/adityanagarsekar/Downloads/Courses/LOP_Snehanshu/FGBO/icbinb/train.py:35: RuntimeWarning: Mean of empty slice.
  mse = float(((p - t) ** 2).mean())
/opt/anaconda3/envs/tf-ml-gpu/lib/python3.10/site-packages/numpy/core/_methods.py:129: RuntimeWarning: invalid value encountered in divide
  ret = ret.dtype.type(ret / rcount)
/Users/adityanagarsekar/Downloads/Courses/LOP_Snehanshu/FGBO/icbinb/train.py:36: RuntimeWarning: Mean of empty slice.
  mae = float(np.abs(p - t).mean())
/Users/adityanagarsekar/Downloads/Courses/LOP_Snehanshu/FGBO/icbinb/train.py:35: RuntimeWarning: Mean of empty slice.
  mse = float(((p - t) ** 2).mean())
/opt/anaconda3/envs/tf-ml-gpu/lib/python3.10/site-packages/numpy/core/_methods.py:129: RuntimeWarning: invalid value encountered in divide
  ret = ret.dtype.type(ret / rcount)
/Users/adityanagarsekar/Downloads/Courses/LOP_Snehanshu/FGBO/icbinb/train.py:36: RuntimeWarning: Mean of empty slice.
  mae = float(np.abs(p - t).mean())
/Users/adityanagarsekar/Downloads/Courses/LOP_Snehanshu/FGBO/icbinb/train.py:35: RuntimeWarning: Mean of empty slice.
  mse = float(((p - t) ** 2).mean())
/opt/anaconda3/envs/tf-ml-gpu/lib/python3.10/site-packages/numpy/core/_methods.py:129: RuntimeWarning: invalid value encountered in divide
  ret = ret.dtype.type(ret / rcount)
/Users/adityanagarsekar/Downloads/Courses/LOP_Snehanshu/FGBO/icbinb/train.py:36: RuntimeWarning: Mean of empty slice.
  mae = float(np.abs(p - t).mean())
/Users/adityanagarsekar/Downloads/Courses/LOP_Snehanshu/FGBO/icbinb/train.py:37: ConstantInputWarning: An input array is constant; the correlation coefficient is not defined.
  rho = float(spearmanr(p, t).statistic) if len(t) > 2 and np.std(p) > 0 else float("nan")
/Users/adityanagarsekar/Downloads/Courses/LOP_Snehanshu/FGBO/icbinb/train.py:35: RuntimeWarning: Mean of empty slice.
  mse = float(((p - t) ** 2).mean())
/opt/anaconda3/envs/tf-ml-gpu/lib/python3.10/site-packages/numpy/core/_methods.py:129: RuntimeWarning: invalid value encountered in divide
  ret = ret.dtype.type(ret / rcount)
/Users/adityanagarsekar/Downloads/Courses/LOP_Snehanshu/FGBO/icbinb/train.py:36: RuntimeWarning: Mean of empty slice.
  mae = float(np.abs(p - t).mean())
/Users/adityanagarsekar/Downloads/Courses/LOP_Snehanshu/FGBO/icbinb/train.py:37: ConstantInputWarning: An input array is constant; the correlation coefficient is not defined.
  rho = float(spearmanr(p, t).statistic) if len(t) > 2 and np.std(p) > 0 else float("nan")
/Users/adityanagarsekar/Downloads/Courses/LOP_Snehanshu/FGBO/icbinb/train.py:35: RuntimeWarning: Mean of empty slice.
  mse = float(((p - t) ** 2).mean())
/opt/anaconda3/envs/tf-ml-gpu/lib/python3.10/site-packages/numpy/core/_methods.py:129: RuntimeWarning: invalid value encountered in divide
  ret = ret.dtype.type(ret / rcount)
/Users/adityanagarsekar/Downloads/Courses/LOP_Snehanshu/FGBO/icbinb/train.py:36: RuntimeWarning: Mean of empty slice.
  mae = float(np.abs(p - t).mean())
/Users/adityanagarsekar/Downloads/Courses/LOP_Snehanshu/FGBO/icbinb/train.py:37: ConstantInputWarning: An input array is constant; the correlation coefficient is not defined.
  rho = float(spearmanr(p, t).statistic) if len(t) > 2 and np.std(p) > 0 else float("nan")
/Users/adityanagarsekar/Downloads/Courses/LOP_Snehanshu/FGBO/icbinb/train.py:35: RuntimeWarning: Mean of empty slice.
  mse = float(((p - t) ** 2).mean())
/opt/anaconda3/envs/tf-ml-gpu/lib/python3.10/site-packages/numpy/core/_methods.py:129: RuntimeWarning: invalid value encountered in divide
  ret = ret.dtype.type(ret / rcount)
/Users/adityanagarsekar/Downloads/Courses/LOP_Snehanshu/FGBO/icbinb/train.py:36: RuntimeWarning: Mean of empty slice.
  mae = float(np.abs(p - t).mean())
/Users/adityanagarsekar/Downloads/Courses/LOP_Snehanshu/FGBO/icbinb/train.py:35: RuntimeWarning: Mean of empty slice.
  mse = float(((p - t) ** 2).mean())
/opt/anaconda3/envs/tf-ml-gpu/lib/python3.10/site-packages/numpy/core/_methods.py:129: RuntimeWarning: invalid value encountered in divide
  ret = ret.dtype.type(ret / rcount)
/Users/adityanagarsekar/Downloads/Courses/LOP_Snehanshu/FGBO/icbinb/train.py:36: RuntimeWarning: Mean of empty slice.
  mae = float(np.abs(p - t).mean())
/Users/adityanagarsekar/Downloads/Courses/LOP_Snehanshu/FGBO/icbinb/train.py:35: RuntimeWarning: Mean of empty slice.
  mse = float(((p - t) ** 2).mean())
/opt/anaconda3/envs/tf-ml-gpu/lib/python3.10/site-packages/numpy/core/_methods.py:129: RuntimeWarning: invalid value encountered in divide
  ret = ret.dtype.type(ret / rcount)
/Users/adityanagarsekar/Downloads/Courses/LOP_Snehanshu/FGBO/icbinb/train.py:36: RuntimeWarning: Mean of empty slice.
  mae = float(np.abs(p - t).mean())
/Users/adityanagarsekar/Downloads/Courses/LOP_Snehanshu/FGBO/icbinb/train.py:35: RuntimeWarning: Mean of empty slice.
  mse = float(((p - t) ** 2).mean())
/opt/anaconda3/envs/tf-ml-gpu/lib/python3.10/site-packages/numpy/core/_methods.py:129: RuntimeWarning: invalid value encountered in divide
  ret = ret.dtype.type(ret / rcount)
/Users/adityanagarsekar/Downloads/Courses/LOP_Snehanshu/FGBO/icbinb/train.py:36: RuntimeWarning: Mean of empty slice.
  mae = float(np.abs(p - t).mean())
  valfree_pool  amylase         outer003  48 rows   349.8s
/Users/adityanagarsekar/Downloads/Courses/LOP_Snehanshu/FGBO/icbinb/train.py:35: RuntimeWarning: Mean of empty slice.
  mse = float(((p - t) ** 2).mean())
/opt/anaconda3/envs/tf-ml-gpu/lib/python3.10/site-packages/numpy/core/_methods.py:129: RuntimeWarning: invalid value encountered in divide
  ret = ret.dtype.type(ret / rcount)
/Users/adityanagarsekar/Downloads/Courses/LOP_Snehanshu/FGBO/icbinb/train.py:36: RuntimeWarning: Mean of empty slice.
  mae = float(np.abs(p - t).mean())
/Users/adityanagarsekar/Downloads/Courses/LOP_Snehanshu/FGBO/icbinb/train.py:35: RuntimeWarning: Mean of empty slice.
  mse = float(((p - t) ** 2).mean())
/opt/anaconda3/envs/tf-ml-gpu/lib/python3.10/site-packages/numpy/core/_methods.py:129: RuntimeWarning: invalid value encountered in divide
  ret = ret.dtype.type(ret / rcount)
/Users/adityanagarsekar/Downloads/Courses/LOP_Snehanshu/FGBO/icbinb/train.py:36: RuntimeWarning: Mean of empty slice.
  mae = float(np.abs(p - t).mean())
/Users/adityanagarsekar/Downloads/Courses/LOP_Snehanshu/FGBO/icbinb/train.py:35: RuntimeWarning: Mean of empty slice.
  mse = float(((p - t) ** 2).mean())
/opt/anaconda3/envs/tf-ml-gpu/lib/python3.10/site-packages/numpy/core/_methods.py:129: RuntimeWarning: invalid value encountered in divide
  ret = ret.dtype.type(ret / rcount)
/Users/adityanagarsekar/Downloads/Courses/LOP_Snehanshu/FGBO/icbinb/train.py:36: RuntimeWarning: Mean of empty slice.
  mae = float(np.abs(p - t).mean())
/Users/adityanagarsekar/Downloads/Courses/LOP_Snehanshu/FGBO/icbinb/train.py:35: RuntimeWarning: Mean of empty slice.
  mse = float(((p - t) ** 2).mean())
/opt/anaconda3/envs/tf-ml-gpu/lib/python3.10/site-packages/numpy/core/_methods.py:129: RuntimeWarning: invalid value encountered in divide
  ret = ret.dtype.type(ret / rcount)
/Users/adityanagarsekar/Downloads/Courses/LOP_Snehanshu/FGBO/icbinb/train.py:36: RuntimeWarning: Mean of empty slice.
  mae = float(np.abs(p - t).mean())
/Users/adityanagarsekar/Downloads/Courses/LOP_Snehanshu/FGBO/icbinb/train.py:35: RuntimeWarning: Mean of empty slice.
  mse = float(((p - t) ** 2).mean())
/opt/anaconda3/envs/tf-ml-gpu/lib/python3.10/site-packages/numpy/core/_methods.py:129: RuntimeWarning: invalid value encountered in divide
  ret = ret.dtype.type(ret / rcount)
/Users/adityanagarsekar/Downloads/Courses/LOP_Snehanshu/FGBO/icbinb/train.py:36: RuntimeWarning: Mean of empty slice.
  mae = float(np.abs(p - t).mean())
/Users/adityanagarsekar/Downloads/Courses/LOP_Snehanshu/FGBO/icbinb/train.py:35: RuntimeWarning: Mean of empty slice.
  mse = float(((p - t) ** 2).mean())
/opt/anaconda3/envs/tf-ml-gpu/lib/python3.10/site-packages/numpy/core/_methods.py:129: RuntimeWarning: invalid value encountered in divide
  ret = ret.dtype.type(ret / rcount)
/Users/adityanagarsekar/Downloads/Courses/LOP_Snehanshu/FGBO/icbinb/train.py:36: RuntimeWarning: Mean of empty slice.
  mae = float(np.abs(p - t).mean())
/Users/adityanagarsekar/Downloads/Courses/LOP_Snehanshu/FGBO/icbinb/train.py:37: ConstantInputWarning: An input array is constant; the correlation coefficient is not defined.
  rho = float(spearmanr(p, t).statistic) if len(t) > 2 and np.std(p) > 0 else float("nan")
/Users/adityanagarsekar/Downloads/Courses/LOP_Snehanshu/FGBO/icbinb/train.py:35: RuntimeWarning: Mean of empty slice.
  mse = float(((p - t) ** 2).mean())
/opt/anaconda3/envs/tf-ml-gpu/lib/python3.10/site-packages/numpy/core/_methods.py:129: RuntimeWarning: invalid value encountered in divide
  ret = ret.dtype.type(ret / rcount)
/Users/adityanagarsekar/Downloads/Courses/LOP_Snehanshu/FGBO/icbinb/train.py:36: RuntimeWarning: Mean of empty slice.
  mae = float(np.abs(p - t).mean())
/Users/adityanagarsekar/Downloads/Courses/LOP_Snehanshu/FGBO/icbinb/train.py:37: ConstantInputWarning: An input array is constant; the correlation coefficient is not defined.
  rho = float(spearmanr(p, t).statistic) if len(t) > 2 and np.std(p) > 0 else float("nan")
/Users/adityanagarsekar/Downloads/Courses/LOP_Snehanshu/FGBO/icbinb/train.py:35: RuntimeWarning: Mean of empty slice.
  mse = float(((p - t) ** 2).mean())
/opt/anaconda3/envs/tf-ml-gpu/lib/python3.10/site-packages/numpy/core/_methods.py:129: RuntimeWarning: invalid value encountered in divide
  ret = ret.dtype.type(ret / rcount)
/Users/adityanagarsekar/Downloads/Courses/LOP_Snehanshu/FGBO/icbinb/train.py:36: RuntimeWarning: Mean of empty slice.
  mae = float(np.abs(p - t).mean())
/Users/adityanagarsekar/Downloads/Courses/LOP_Snehanshu/FGBO/icbinb/train.py:37: ConstantInputWarning: An input array is constant; the correlation coefficient is not defined.
  rho = float(spearmanr(p, t).statistic) if len(t) > 2 and np.std(p) > 0 else float("nan")
/Users/adityanagarsekar/Downloads/Courses/LOP_Snehanshu/FGBO/icbinb/train.py:35: RuntimeWarning: Mean of empty slice.
  mse = float(((p - t) ** 2).mean())
/opt/anaconda3/envs/tf-ml-gpu/lib/python3.10/site-packages/numpy/core/_methods.py:129: RuntimeWarning: invalid value encountered in divide
  ret = ret.dtype.type(ret / rcount)
/Users/adityanagarsekar/Downloads/Courses/LOP_Snehanshu/FGBO/icbinb/train.py:36: RuntimeWarning: Mean of empty slice.
  mae = float(np.abs(p - t).mean())
/Users/adityanagarsekar/Downloads/Courses/LOP_Snehanshu/FGBO/icbinb/train.py:35: RuntimeWarning: Mean of empty slice.
  mse = float(((p - t) ** 2).mean())
/opt/anaconda3/envs/tf-ml-gpu/lib/python3.10/site-packages/numpy/core/_methods.py:129: RuntimeWarning: invalid value encountered in divide
  ret = ret.dtype.type(ret / rcount)
/Users/adityanagarsekar/Downloads/Courses/LOP_Snehanshu/FGBO/icbinb/train.py:36: RuntimeWarning: Mean of empty slice.
  mae = float(np.abs(p - t).mean())
/Users/adityanagarsekar/Downloads/Courses/LOP_Snehanshu/FGBO/icbinb/train.py:37: ConstantInputWarning: An input array is constant; the correlation coefficient is not defined.
  rho = float(spearmanr(p, t).statistic) if len(t) > 2 and np.std(p) > 0 else float("nan")
/Users/adityanagarsekar/Downloads/Courses/LOP_Snehanshu/FGBO/icbinb/train.py:35: RuntimeWarning: Mean of empty slice.
  mse = float(((p - t) ** 2).mean())
/opt/anaconda3/envs/tf-ml-gpu/lib/python3.10/site-packages/numpy/core/_methods.py:129: RuntimeWarning: invalid value encountered in divide
  ret = ret.dtype.type(ret / rcount)
/Users/adityanagarsekar/Downloads/Courses/LOP_Snehanshu/FGBO/icbinb/train.py:36: RuntimeWarning: Mean of empty slice.
  mae = float(np.abs(p - t).mean())
/Users/adityanagarsekar/Downloads/Courses/LOP_Snehanshu/FGBO/icbinb/train.py:35: RuntimeWarning: Mean of empty slice.
  mse = float(((p - t) ** 2).mean())
/opt/anaconda3/envs/tf-ml-gpu/lib/python3.10/site-packages/numpy/core/_methods.py:129: RuntimeWarning: invalid value encountered in divide
  ret = ret.dtype.type(ret / rcount)
/Users/adityanagarsekar/Downloads/Courses/LOP_Snehanshu/FGBO/icbinb/train.py:36: RuntimeWarning: Mean of empty slice.
  mae = float(np.abs(p - t).mean())
/Users/adityanagarsekar/Downloads/Courses/LOP_Snehanshu/FGBO/icbinb/train.py:35: RuntimeWarning: Mean of empty slice.
  mse = float(((p - t) ** 2).mean())
/opt/anaconda3/envs/tf-ml-gpu/lib/python3.10/site-packages/numpy/core/_methods.py:129: RuntimeWarning: invalid value encountered in divide
  ret = ret.dtype.type(ret / rcount)
/Users/adityanagarsekar/Downloads/Courses/LOP_Snehanshu/FGBO/icbinb/train.py:36: RuntimeWarning: Mean of empty slice.
  mae = float(np.abs(p - t).mean())
/Users/adityanagarsekar/Downloads/Courses/LOP_Snehanshu/FGBO/icbinb/train.py:37: ConstantInputWarning: An input array is constant; the correlation coefficient is not defined.
  rho = float(spearmanr(p, t).statistic) if len(t) > 2 and np.std(p) > 0 else float("nan")
/Users/adityanagarsekar/Downloads/Courses/LOP_Snehanshu/FGBO/icbinb/train.py:35: RuntimeWarning: Mean of empty slice.
  mse = float(((p - t) ** 2).mean())
/opt/anaconda3/envs/tf-ml-gpu/lib/python3.10/site-packages/numpy/core/_methods.py:129: RuntimeWarning: invalid value encountered in divide
  ret = ret.dtype.type(ret / rcount)
/Users/adityanagarsekar/Downloads/Courses/LOP_Snehanshu/FGBO/icbinb/train.py:36: RuntimeWarning: Mean of empty slice.
  mae = float(np.abs(p - t).mean())
/Users/adityanagarsekar/Downloads/Courses/LOP_Snehanshu/FGBO/icbinb/train.py:35: RuntimeWarning: Mean of empty slice.
  mse = float(((p - t) ** 2).mean())
/opt/anaconda3/envs/tf-ml-gpu/lib/python3.10/site-packages/numpy/core/_methods.py:129: RuntimeWarning: invalid value encountered in divide
  ret = ret.dtype.type(ret / rcount)
/Users/adityanagarsekar/Downloads/Courses/LOP_Snehanshu/FGBO/icbinb/train.py:36: RuntimeWarning: Mean of empty slice.
  mae = float(np.abs(p - t).mean())
/Users/adityanagarsekar/Downloads/Courses/LOP_Snehanshu/FGBO/icbinb/train.py:35: RuntimeWarning: Mean of empty slice.
  mse = float(((p - t) ** 2).mean())
/opt/anaconda3/envs/tf-ml-gpu/lib/python3.10/site-packages/numpy/core/_methods.py:129: RuntimeWarning: invalid value encountered in divide
  ret = ret.dtype.type(ret / rcount)
/Users/adityanagarsekar/Downloads/Courses/LOP_Snehanshu/FGBO/icbinb/train.py:36: RuntimeWarning: Mean of empty slice.
  mae = float(np.abs(p - t).mean())
/Users/adityanagarsekar/Downloads/Courses/LOP_Snehanshu/FGBO/icbinb/train.py:35: RuntimeWarning: Mean of empty slice.
  mse = float(((p - t) ** 2).mean())
/opt/anaconda3/envs/tf-ml-gpu/lib/python3.10/site-packages/numpy/core/_methods.py:129: RuntimeWarning: invalid value encountered in divide
  ret = ret.dtype.type(ret / rcount)
/Users/adityanagarsekar/Downloads/Courses/LOP_Snehanshu/FGBO/icbinb/train.py:36: RuntimeWarning: Mean of empty slice.
  mae = float(np.abs(p - t).mean())
/Users/adityanagarsekar/Downloads/Courses/LOP_Snehanshu/FGBO/icbinb/train.py:35: RuntimeWarning: Mean of empty slice.
  mse = float(((p - t) ** 2).mean())
/opt/anaconda3/envs/tf-ml-gpu/lib/python3.10/site-packages/numpy/core/_methods.py:129: RuntimeWarning: invalid value encountered in divide
  ret = ret.dtype.type(ret / rcount)
/Users/adityanagarsekar/Downloads/Courses/LOP_Snehanshu/FGBO/icbinb/train.py:36: RuntimeWarning: Mean of empty slice.
  mae = float(np.abs(p - t).mean())
/Users/adityanagarsekar/Downloads/Courses/LOP_Snehanshu/FGBO/icbinb/train.py:37: ConstantInputWarning: An input array is constant; the correlation coefficient is not defined.
  rho = float(spearmanr(p, t).statistic) if len(t) > 2 and np.std(p) > 0 else float("nan")
/Users/adityanagarsekar/Downloads/Courses/LOP_Snehanshu/FGBO/icbinb/train.py:37: ConstantInputWarning: An input array is constant; the correlation coefficient is not defined.
  rho = float(spearmanr(p, t).statistic) if len(t) > 2 and np.std(p) > 0 else float("nan")
/Users/adityanagarsekar/Downloads/Courses/LOP_Snehanshu/FGBO/icbinb/train.py:35: RuntimeWarning: Mean of empty slice.
  mse = float(((p - t) ** 2).mean())
/opt/anaconda3/envs/tf-ml-gpu/lib/python3.10/site-packages/numpy/core/_methods.py:129: RuntimeWarning: invalid value encountered in divide
  ret = ret.dtype.type(ret / rcount)
/Users/adityanagarsekar/Downloads/Courses/LOP_Snehanshu/FGBO/icbinb/train.py:36: RuntimeWarning: Mean of empty slice.
  mae = float(np.abs(p - t).mean())
/Users/adityanagarsekar/Downloads/Courses/LOP_Snehanshu/FGBO/icbinb/train.py:35: RuntimeWarning: Mean of empty slice.
  mse = float(((p - t) ** 2).mean())
/opt/anaconda3/envs/tf-ml-gpu/lib/python3.10/site-packages/numpy/core/_methods.py:129: RuntimeWarning: invalid value encountered in divide
  ret = ret.dtype.type(ret / rcount)
/Users/adityanagarsekar/Downloads/Courses/LOP_Snehanshu/FGBO/icbinb/train.py:36: RuntimeWarning: Mean of empty slice.
  mae = float(np.abs(p - t).mean())
/Users/adityanagarsekar/Downloads/Courses/LOP_Snehanshu/FGBO/icbinb/train.py:35: RuntimeWarning: Mean of empty slice.
  mse = float(((p - t) ** 2).mean())
/opt/anaconda3/envs/tf-ml-gpu/lib/python3.10/site-packages/numpy/core/_methods.py:129: RuntimeWarning: invalid value encountered in divide
  ret = ret.dtype.type(ret / rcount)
/Users/adityanagarsekar/Downloads/Courses/LOP_Snehanshu/FGBO/icbinb/train.py:36: RuntimeWarning: Mean of empty slice.
  mae = float(np.abs(p - t).mean())
/Users/adityanagarsekar/Downloads/Courses/LOP_Snehanshu/FGBO/icbinb/train.py:35: RuntimeWarning: Mean of empty slice.
  mse = float(((p - t) ** 2).mean())
/opt/anaconda3/envs/tf-ml-gpu/lib/python3.10/site-packages/numpy/core/_methods.py:129: RuntimeWarning: invalid value encountered in divide
  ret = ret.dtype.type(ret / rcount)
/Users/adityanagarsekar/Downloads/Courses/LOP_Snehanshu/FGBO/icbinb/train.py:36: RuntimeWarning: Mean of empty slice.
  mae = float(np.abs(p - t).mean())
/Users/adityanagarsekar/Downloads/Courses/LOP_Snehanshu/FGBO/icbinb/train.py:35: RuntimeWarning: Mean of empty slice.
  mse = float(((p - t) ** 2).mean())
/opt/anaconda3/envs/tf-ml-gpu/lib/python3.10/site-packages/numpy/core/_methods.py:129: RuntimeWarning: invalid value encountered in divide
  ret = ret.dtype.type(ret / rcount)
/Users/adityanagarsekar/Downloads/Courses/LOP_Snehanshu/FGBO/icbinb/train.py:36: RuntimeWarning: Mean of empty slice.
  mae = float(np.abs(p - t).mean())
/Users/adityanagarsekar/Downloads/Courses/LOP_Snehanshu/FGBO/icbinb/train.py:37: ConstantInputWarning: An input array is constant; the correlation coefficient is not defined.
  rho = float(spearmanr(p, t).statistic) if len(t) > 2 and np.std(p) > 0 else float("nan")
/Users/adityanagarsekar/Downloads/Courses/LOP_Snehanshu/FGBO/icbinb/train.py:35: RuntimeWarning: Mean of empty slice.
  mse = float(((p - t) ** 2).mean())
/opt/anaconda3/envs/tf-ml-gpu/lib/python3.10/site-packages/numpy/core/_methods.py:129: RuntimeWarning: invalid value encountered in divide
  ret = ret.dtype.type(ret / rcount)
/Users/adityanagarsekar/Downloads/Courses/LOP_Snehanshu/FGBO/icbinb/train.py:36: RuntimeWarning: Mean of empty slice.
  mae = float(np.abs(p - t).mean())
/Users/adityanagarsekar/Downloads/Courses/LOP_Snehanshu/FGBO/icbinb/train.py:35: RuntimeWarning: Mean of empty slice.
  mse = float(((p - t) ** 2).mean())
/opt/anaconda3/envs/tf-ml-gpu/lib/python3.10/site-packages/numpy/core/_methods.py:129: RuntimeWarning: invalid value encountered in divide
  ret = ret.dtype.type(ret / rcount)
/Users/adityanagarsekar/Downloads/Courses/LOP_Snehanshu/FGBO/icbinb/train.py:36: RuntimeWarning: Mean of empty slice.
  mae = float(np.abs(p - t).mean())
/Users/adityanagarsekar/Downloads/Courses/LOP_Snehanshu/FGBO/icbinb/train.py:37: ConstantInputWarning: An input array is constant; the correlation coefficient is not defined.
  rho = float(spearmanr(p, t).statistic) if len(t) > 2 and np.std(p) > 0 else float("nan")
/Users/adityanagarsekar/Downloads/Courses/LOP_Snehanshu/FGBO/icbinb/train.py:35: RuntimeWarning: Mean of empty slice.
  mse = float(((p - t) ** 2).mean())
/opt/anaconda3/envs/tf-ml-gpu/lib/python3.10/site-packages/numpy/core/_methods.py:129: RuntimeWarning: invalid value encountered in divide
  ret = ret.dtype.type(ret / rcount)
/Users/adityanagarsekar/Downloads/Courses/LOP_Snehanshu/FGBO/icbinb/train.py:36: RuntimeWarning: Mean of empty slice.
  mae = float(np.abs(p - t).mean())
/Users/adityanagarsekar/Downloads/Courses/LOP_Snehanshu/FGBO/icbinb/train.py:35: RuntimeWarning: Mean of empty slice.
  mse = float(((p - t) ** 2).mean())
/opt/anaconda3/envs/tf-ml-gpu/lib/python3.10/site-packages/numpy/core/_methods.py:129: RuntimeWarning: invalid value encountered in divide
  ret = ret.dtype.type(ret / rcount)
/Users/adityanagarsekar/Downloads/Courses/LOP_Snehanshu/FGBO/icbinb/train.py:36: RuntimeWarning: Mean of empty slice.
  mae = float(np.abs(p - t).mean())
/Users/adityanagarsekar/Downloads/Courses/LOP_Snehanshu/FGBO/icbinb/train.py:35: RuntimeWarning: Mean of empty slice.
  mse = float(((p - t) ** 2).mean())
/opt/anaconda3/envs/tf-ml-gpu/lib/python3.10/site-packages/numpy/core/_methods.py:129: RuntimeWarning: invalid value encountered in divide
  ret = ret.dtype.type(ret / rcount)
/Users/adityanagarsekar/Downloads/Courses/LOP_Snehanshu/FGBO/icbinb/train.py:36: RuntimeWarning: Mean of empty slice.
  mae = float(np.abs(p - t).mean())
/Users/adityanagarsekar/Downloads/Courses/LOP_Snehanshu/FGBO/icbinb/train.py:35: RuntimeWarning: Mean of empty slice.
  mse = float(((p - t) ** 2).mean())
/opt/anaconda3/envs/tf-ml-gpu/lib/python3.10/site-packages/numpy/core/_methods.py:129: RuntimeWarning: invalid value encountered in divide
  ret = ret.dtype.type(ret / rcount)
/Users/adityanagarsekar/Downloads/Courses/LOP_Snehanshu/FGBO/icbinb/train.py:36: RuntimeWarning: Mean of empty slice.
  mae = float(np.abs(p - t).mean())
/Users/adityanagarsekar/Downloads/Courses/LOP_Snehanshu/FGBO/icbinb/train.py:35: RuntimeWarning: Mean of empty slice.
  mse = float(((p - t) ** 2).mean())
/opt/anaconda3/envs/tf-ml-gpu/lib/python3.10/site-packages/numpy/core/_methods.py:129: RuntimeWarning: invalid value encountered in divide
  ret = ret.dtype.type(ret / rcount)
/Users/adityanagarsekar/Downloads/Courses/LOP_Snehanshu/FGBO/icbinb/train.py:36: RuntimeWarning: Mean of empty slice.
  mae = float(np.abs(p - t).mean())
/Users/adityanagarsekar/Downloads/Courses/LOP_Snehanshu/FGBO/icbinb/train.py:35: RuntimeWarning: Mean of empty slice.
  mse = float(((p - t) ** 2).mean())
/opt/anaconda3/envs/tf-ml-gpu/lib/python3.10/site-packages/numpy/core/_methods.py:129: RuntimeWarning: invalid value encountered in divide
  ret = ret.dtype.type(ret / rcount)
/Users/adityanagarsekar/Downloads/Courses/LOP_Snehanshu/FGBO/icbinb/train.py:36: RuntimeWarning: Mean of empty slice.
  mae = float(np.abs(p - t).mean())
/Users/adityanagarsekar/Downloads/Courses/LOP_Snehanshu/FGBO/icbinb/train.py:35: RuntimeWarning: Mean of empty slice.
  mse = float(((p - t) ** 2).mean())
/opt/anaconda3/envs/tf-ml-gpu/lib/python3.10/site-packages/numpy/core/_methods.py:129: RuntimeWarning: invalid value encountered in divide
  ret = ret.dtype.type(ret / rcount)
/Users/adityanagarsekar/Downloads/Courses/LOP_Snehanshu/FGBO/icbinb/train.py:36: RuntimeWarning: Mean of empty slice.
  mae = float(np.abs(p - t).mean())
/Users/adityanagarsekar/Downloads/Courses/LOP_Snehanshu/FGBO/icbinb/train.py:35: RuntimeWarning: Mean of empty slice.
  mse = float(((p - t) ** 2).mean())
/opt/anaconda3/envs/tf-ml-gpu/lib/python3.10/site-packages/numpy/core/_methods.py:129: RuntimeWarning: invalid value encountered in divide
  ret = ret.dtype.type(ret / rcount)
/Users/adityanagarsekar/Downloads/Courses/LOP_Snehanshu/FGBO/icbinb/train.py:36: RuntimeWarning: Mean of empty slice.
  mae = float(np.abs(p - t).mean())
/Users/adityanagarsekar/Downloads/Courses/LOP_Snehanshu/FGBO/icbinb/train.py:37: ConstantInputWarning: An input array is constant; the correlation coefficient is not defined.
  rho = float(spearmanr(p, t).statistic) if len(t) > 2 and np.std(p) > 0 else float("nan")
/Users/adityanagarsekar/Downloads/Courses/LOP_Snehanshu/FGBO/icbinb/train.py:35: RuntimeWarning: Mean of empty slice.
  mse = float(((p - t) ** 2).mean())
/opt/anaconda3/envs/tf-ml-gpu/lib/python3.10/site-packages/numpy/core/_methods.py:129: RuntimeWarning: invalid value encountered in divide
  ret = ret.dtype.type(ret / rcount)
/Users/adityanagarsekar/Downloads/Courses/LOP_Snehanshu/FGBO/icbinb/train.py:36: RuntimeWarning: Mean of empty slice.
  mae = float(np.abs(p - t).mean())
/Users/adityanagarsekar/Downloads/Courses/LOP_Snehanshu/FGBO/icbinb/train.py:35: RuntimeWarning: Mean of empty slice.
  mse = float(((p - t) ** 2).mean())
/opt/anaconda3/envs/tf-ml-gpu/lib/python3.10/site-packages/numpy/core/_methods.py:129: RuntimeWarning: invalid value encountered in divide
  ret = ret.dtype.type(ret / rcount)
/Users/adityanagarsekar/Downloads/Courses/LOP_Snehanshu/FGBO/icbinb/train.py:36: RuntimeWarning: Mean of empty slice.
  mae = float(np.abs(p - t).mean())
/Users/adityanagarsekar/Downloads/Courses/LOP_Snehanshu/FGBO/icbinb/train.py:35: RuntimeWarning: Mean of empty slice.
  mse = float(((p - t) ** 2).mean())
/opt/anaconda3/envs/tf-ml-gpu/lib/python3.10/site-packages/numpy/core/_methods.py:129: RuntimeWarning: invalid value encountered in divide
  ret = ret.dtype.type(ret / rcount)
/Users/adityanagarsekar/Downloads/Courses/LOP_Snehanshu/FGBO/icbinb/train.py:36: RuntimeWarning: Mean of empty slice.
  mae = float(np.abs(p - t).mean())
/Users/adityanagarsekar/Downloads/Courses/LOP_Snehanshu/FGBO/icbinb/train.py:37: ConstantInputWarning: An input array is constant; the correlation coefficient is not defined.
  rho = float(spearmanr(p, t).statistic) if len(t) > 2 and np.std(p) > 0 else float("nan")
/Users/adityanagarsekar/Downloads/Courses/LOP_Snehanshu/FGBO/icbinb/train.py:35: RuntimeWarning: Mean of empty slice.
  mse = float(((p - t) ** 2).mean())
/opt/anaconda3/envs/tf-ml-gpu/lib/python3.10/site-packages/numpy/core/_methods.py:129: RuntimeWarning: invalid value encountered in divide
  ret = ret.dtype.type(ret / rcount)
/Users/adityanagarsekar/Downloads/Courses/LOP_Snehanshu/FGBO/icbinb/train.py:36: RuntimeWarning: Mean of empty slice.
  mae = float(np.abs(p - t).mean())
/Users/adityanagarsekar/Downloads/Courses/LOP_Snehanshu/FGBO/icbinb/train.py:35: RuntimeWarning: Mean of empty slice.
  mse = float(((p - t) ** 2).mean())
/opt/anaconda3/envs/tf-ml-gpu/lib/python3.10/site-packages/numpy/core/_methods.py:129: RuntimeWarning: invalid value encountered in divide
  ret = ret.dtype.type(ret / rcount)
/Users/adityanagarsekar/Downloads/Courses/LOP_Snehanshu/FGBO/icbinb/train.py:36: RuntimeWarning: Mean of empty slice.
  mae = float(np.abs(p - t).mean())
/Users/adityanagarsekar/Downloads/Courses/LOP_Snehanshu/FGBO/icbinb/train.py:35: RuntimeWarning: Mean of empty slice.
  mse = float(((p - t) ** 2).mean())
/opt/anaconda3/envs/tf-ml-gpu/lib/python3.10/site-packages/numpy/core/_methods.py:129: RuntimeWarning: invalid value encountered in divide
  ret = ret.dtype.type(ret / rcount)
/Users/adityanagarsekar/Downloads/Courses/LOP_Snehanshu/FGBO/icbinb/train.py:36: RuntimeWarning: Mean of empty slice.
  mae = float(np.abs(p - t).mean())
/Users/adityanagarsekar/Downloads/Courses/LOP_Snehanshu/FGBO/icbinb/train.py:35: RuntimeWarning: Mean of empty slice.
  mse = float(((p - t) ** 2).mean())
/opt/anaconda3/envs/tf-ml-gpu/lib/python3.10/site-packages/numpy/core/_methods.py:129: RuntimeWarning: invalid value encountered in divide
  ret = ret.dtype.type(ret / rcount)
/Users/adityanagarsekar/Downloads/Courses/LOP_Snehanshu/FGBO/icbinb/train.py:36: RuntimeWarning: Mean of empty slice.
  mae = float(np.abs(p - t).mean())
/Users/adityanagarsekar/Downloads/Courses/LOP_Snehanshu/FGBO/icbinb/train.py:35: RuntimeWarning: Mean of empty slice.
  mse = float(((p - t) ** 2).mean())
/opt/anaconda3/envs/tf-ml-gpu/lib/python3.10/site-packages/numpy/core/_methods.py:129: RuntimeWarning: invalid value encountered in divide
  ret = ret.dtype.type(ret / rcount)
/Users/adityanagarsekar/Downloads/Courses/LOP_Snehanshu/FGBO/icbinb/train.py:36: RuntimeWarning: Mean of empty slice.
  mae = float(np.abs(p - t).mean())
/Users/adityanagarsekar/Downloads/Courses/LOP_Snehanshu/FGBO/icbinb/train.py:35: RuntimeWarning: Mean of empty slice.
  mse = float(((p - t) ** 2).mean())
/opt/anaconda3/envs/tf-ml-gpu/lib/python3.10/site-packages/numpy/core/_methods.py:129: RuntimeWarning: invalid value encountered in divide
  ret = ret.dtype.type(ret / rcount)
/Users/adityanagarsekar/Downloads/Courses/LOP_Snehanshu/FGBO/icbinb/train.py:36: RuntimeWarning: Mean of empty slice.
  mae = float(np.abs(p - t).mean())
/Users/adityanagarsekar/Downloads/Courses/LOP_Snehanshu/FGBO/icbinb/train.py:35: RuntimeWarning: Mean of empty slice.
  mse = float(((p - t) ** 2).mean())
/opt/anaconda3/envs/tf-ml-gpu/lib/python3.10/site-packages/numpy/core/_methods.py:129: RuntimeWarning: invalid value encountered in divide
  ret = ret.dtype.type(ret / rcount)
/Users/adityanagarsekar/Downloads/Courses/LOP_Snehanshu/FGBO/icbinb/train.py:36: RuntimeWarning: Mean of empty slice.
  mae = float(np.abs(p - t).mean())
/Users/adityanagarsekar/Downloads/Courses/LOP_Snehanshu/FGBO/icbinb/train.py:35: RuntimeWarning: Mean of empty slice.
  mse = float(((p - t) ** 2).mean())
/opt/anaconda3/envs/tf-ml-gpu/lib/python3.10/site-packages/numpy/core/_methods.py:129: RuntimeWarning: invalid value encountered in divide
  ret = ret.dtype.type(ret / rcount)
/Users/adityanagarsekar/Downloads/Courses/LOP_Snehanshu/FGBO/icbinb/train.py:36: RuntimeWarning: Mean of empty slice.
  mae = float(np.abs(p - t).mean())
/Users/adityanagarsekar/Downloads/Courses/LOP_Snehanshu/FGBO/icbinb/train.py:35: RuntimeWarning: Mean of empty slice.
  mse = float(((p - t) ** 2).mean())
/opt/anaconda3/envs/tf-ml-gpu/lib/python3.10/site-packages/numpy/core/_methods.py:129: RuntimeWarning: invalid value encountered in divide
  ret = ret.dtype.type(ret / rcount)
/Users/adityanagarsekar/Downloads/Courses/LOP_Snehanshu/FGBO/icbinb/train.py:36: RuntimeWarning: Mean of empty slice.
  mae = float(np.abs(p - t).mean())
/Users/adityanagarsekar/Downloads/Courses/LOP_Snehanshu/FGBO/icbinb/train.py:35: RuntimeWarning: Mean of empty slice.
  mse = float(((p - t) ** 2).mean())
/opt/anaconda3/envs/tf-ml-gpu/lib/python3.10/site-packages/numpy/core/_methods.py:129: RuntimeWarning: invalid value encountered in divide
  ret = ret.dtype.type(ret / rcount)
/Users/adityanagarsekar/Downloads/Courses/LOP_Snehanshu/FGBO/icbinb/train.py:36: RuntimeWarning: Mean of empty slice.
  mae = float(np.abs(p - t).mean())
/Users/adityanagarsekar/Downloads/Courses/LOP_Snehanshu/FGBO/icbinb/train.py:35: RuntimeWarning: Mean of empty slice.
  mse = float(((p - t) ** 2).mean())
/opt/anaconda3/envs/tf-ml-gpu/lib/python3.10/site-packages/numpy/core/_methods.py:129: RuntimeWarning: invalid value encountered in divide
  ret = ret.dtype.type(ret / rcount)
/Users/adityanagarsekar/Downloads/Courses/LOP_Snehanshu/FGBO/icbinb/train.py:36: RuntimeWarning: Mean of empty slice.
  mae = float(np.abs(p - t).mean())
/Users/adityanagarsekar/Downloads/Courses/LOP_Snehanshu/FGBO/icbinb/train.py:35: RuntimeWarning: Mean of empty slice.
  mse = float(((p - t) ** 2).mean())
/opt/anaconda3/envs/tf-ml-gpu/lib/python3.10/site-packages/numpy/core/_methods.py:129: RuntimeWarning: invalid value encountered in divide
  ret = ret.dtype.type(ret / rcount)
/Users/adityanagarsekar/Downloads/Courses/LOP_Snehanshu/FGBO/icbinb/train.py:36: RuntimeWarning: Mean of empty slice.
  mae = float(np.abs(p - t).mean())
/Users/adityanagarsekar/Downloads/Courses/LOP_Snehanshu/FGBO/icbinb/train.py:37: ConstantInputWarning: An input array is constant; the correlation coefficient is not defined.
  rho = float(spearmanr(p, t).statistic) if len(t) > 2 and np.std(p) > 0 else float("nan")
  valfree_pool  amylase         outer004  48 rows   336.4s
/Users/adityanagarsekar/Downloads/Courses/LOP_Snehanshu/FGBO/icbinb/train.py:37: ConstantInputWarning: An input array is constant; the correlation coefficient is not defined.
  rho = float(spearmanr(p, t).statistic) if len(t) > 2 and np.std(p) > 0 else float("nan")
/Users/adityanagarsekar/Downloads/Courses/LOP_Snehanshu/FGBO/icbinb/train.py:35: RuntimeWarning: Mean of empty slice.
  mse = float(((p - t) ** 2).mean())
/opt/anaconda3/envs/tf-ml-gpu/lib/python3.10/site-packages/numpy/core/_methods.py:129: RuntimeWarning: invalid value encountered in divide
  ret = ret.dtype.type(ret / rcount)
/Users/adityanagarsekar/Downloads/Courses/LOP_Snehanshu/FGBO/icbinb/train.py:36: RuntimeWarning: Mean of empty slice.
  mae = float(np.abs(p - t).mean())
/Users/adityanagarsekar/Downloads/Courses/LOP_Snehanshu/FGBO/icbinb/train.py:37: ConstantInputWarning: An input array is constant; the correlation coefficient is not defined.
  rho = float(spearmanr(p, t).statistic) if len(t) > 2 and np.std(p) > 0 else float("nan")
/Users/adityanagarsekar/Downloads/Courses/LOP_Snehanshu/FGBO/icbinb/train.py:35: RuntimeWarning: Mean of empty slice.
  mse = float(((p - t) ** 2).mean())
/opt/anaconda3/envs/tf-ml-gpu/lib/python3.10/site-packages/numpy/core/_methods.py:129: RuntimeWarning: invalid value encountered in divide
  ret = ret.dtype.type(ret / rcount)
/Users/adityanagarsekar/Downloads/Courses/LOP_Snehanshu/FGBO/icbinb/train.py:36: RuntimeWarning: Mean of empty slice.
  mae = float(np.abs(p - t).mean())
/Users/adityanagarsekar/Downloads/Courses/LOP_Snehanshu/FGBO/icbinb/train.py:35: RuntimeWarning: Mean of empty slice.
  mse = float(((p - t) ** 2).mean())
/opt/anaconda3/envs/tf-ml-gpu/lib/python3.10/site-packages/numpy/core/_methods.py:129: RuntimeWarning: invalid value encountered in divide
  ret = ret.dtype.type(ret / rcount)
/Users/adityanagarsekar/Downloads/Courses/LOP_Snehanshu/FGBO/icbinb/train.py:36: RuntimeWarning: Mean of empty slice.
  mae = float(np.abs(p - t).mean())
/Users/adityanagarsekar/Downloads/Courses/LOP_Snehanshu/FGBO/icbinb/train.py:37: ConstantInputWarning: An input array is constant; the correlation coefficient is not defined.
  rho = float(spearmanr(p, t).statistic) if len(t) > 2 and np.std(p) > 0 else float("nan")
/Users/adityanagarsekar/Downloads/Courses/LOP_Snehanshu/FGBO/icbinb/train.py:35: RuntimeWarning: Mean of empty slice.
  mse = float(((p - t) ** 2).mean())
/opt/anaconda3/envs/tf-ml-gpu/lib/python3.10/site-packages/numpy/core/_methods.py:129: RuntimeWarning: invalid value encountered in divide
  ret = ret.dtype.type(ret / rcount)
/Users/adityanagarsekar/Downloads/Courses/LOP_Snehanshu/FGBO/icbinb/train.py:36: RuntimeWarning: Mean of empty slice.
  mae = float(np.abs(p - t).mean())
/Users/adityanagarsekar/Downloads/Courses/LOP_Snehanshu/FGBO/icbinb/train.py:35: RuntimeWarning: Mean of empty slice.
  mse = float(((p - t) ** 2).mean())
/opt/anaconda3/envs/tf-ml-gpu/lib/python3.10/site-packages/numpy/core/_methods.py:129: RuntimeWarning: invalid value encountered in divide
  ret = ret.dtype.type(ret / rcount)
/Users/adityanagarsekar/Downloads/Courses/LOP_Snehanshu/FGBO/icbinb/train.py:36: RuntimeWarning: Mean of empty slice.
  mae = float(np.abs(p - t).mean())
/Users/adityanagarsekar/Downloads/Courses/LOP_Snehanshu/FGBO/icbinb/train.py:37: ConstantInputWarning: An input array is constant; the correlation coefficient is not defined.
  rho = float(spearmanr(p, t).statistic) if len(t) > 2 and np.std(p) > 0 else float("nan")
/Users/adityanagarsekar/Downloads/Courses/LOP_Snehanshu/FGBO/icbinb/train.py:35: RuntimeWarning: Mean of empty slice.
  mse = float(((p - t) ** 2).mean())
/opt/anaconda3/envs/tf-ml-gpu/lib/python3.10/site-packages/numpy/core/_methods.py:129: RuntimeWarning: invalid value encountered in divide
  ret = ret.dtype.type(ret / rcount)
/Users/adityanagarsekar/Downloads/Courses/LOP_Snehanshu/FGBO/icbinb/train.py:36: RuntimeWarning: Mean of empty slice.
  mae = float(np.abs(p - t).mean())
/Users/adityanagarsekar/Downloads/Courses/LOP_Snehanshu/FGBO/icbinb/train.py:35: RuntimeWarning: Mean of empty slice.
  mse = float(((p - t) ** 2).mean())
/opt/anaconda3/envs/tf-ml-gpu/lib/python3.10/site-packages/numpy/core/_methods.py:129: RuntimeWarning: invalid value encountered in divide
  ret = ret.dtype.type(ret / rcount)
/Users/adityanagarsekar/Downloads/Courses/LOP_Snehanshu/FGBO/icbinb/train.py:36: RuntimeWarning: Mean of empty slice.
  mae = float(np.abs(p - t).mean())
/Users/adityanagarsekar/Downloads/Courses/LOP_Snehanshu/FGBO/icbinb/train.py:37: ConstantInputWarning: An input array is constant; the correlation coefficient is not defined.
  rho = float(spearmanr(p, t).statistic) if len(t) > 2 and np.std(p) > 0 else float("nan")
/Users/adityanagarsekar/Downloads/Courses/LOP_Snehanshu/FGBO/icbinb/train.py:35: RuntimeWarning: Mean of empty slice.
  mse = float(((p - t) ** 2).mean())
/opt/anaconda3/envs/tf-ml-gpu/lib/python3.10/site-packages/numpy/core/_methods.py:129: RuntimeWarning: invalid value encountered in divide
  ret = ret.dtype.type(ret / rcount)
/Users/adityanagarsekar/Downloads/Courses/LOP_Snehanshu/FGBO/icbinb/train.py:36: RuntimeWarning: Mean of empty slice.
  mae = float(np.abs(p - t).mean())
/Users/adityanagarsekar/Downloads/Courses/LOP_Snehanshu/FGBO/icbinb/train.py:35: RuntimeWarning: Mean of empty slice.
  mse = float(((p - t) ** 2).mean())
/opt/anaconda3/envs/tf-ml-gpu/lib/python3.10/site-packages/numpy/core/_methods.py:129: RuntimeWarning: invalid value encountered in divide
  ret = ret.dtype.type(ret / rcount)
/Users/adityanagarsekar/Downloads/Courses/LOP_Snehanshu/FGBO/icbinb/train.py:36: RuntimeWarning: Mean of empty slice.
  mae = float(np.abs(p - t).mean())
/Users/adityanagarsekar/Downloads/Courses/LOP_Snehanshu/FGBO/icbinb/train.py:35: RuntimeWarning: Mean of empty slice.
  mse = float(((p - t) ** 2).mean())
/opt/anaconda3/envs/tf-ml-gpu/lib/python3.10/site-packages/numpy/core/_methods.py:129: RuntimeWarning: invalid value encountered in divide
  ret = ret.dtype.type(ret / rcount)
/Users/adityanagarsekar/Downloads/Courses/LOP_Snehanshu/FGBO/icbinb/train.py:36: RuntimeWarning: Mean of empty slice.
  mae = float(np.abs(p - t).mean())
/Users/adityanagarsekar/Downloads/Courses/LOP_Snehanshu/FGBO/icbinb/train.py:35: RuntimeWarning: Mean of empty slice.
  mse = float(((p - t) ** 2).mean())
/opt/anaconda3/envs/tf-ml-gpu/lib/python3.10/site-packages/numpy/core/_methods.py:129: RuntimeWarning: invalid value encountered in divide
  ret = ret.dtype.type(ret / rcount)
/Users/adityanagarsekar/Downloads/Courses/LOP_Snehanshu/FGBO/icbinb/train.py:36: RuntimeWarning: Mean of empty slice.
  mae = float(np.abs(p - t).mean())
/Users/adityanagarsekar/Downloads/Courses/LOP_Snehanshu/FGBO/icbinb/train.py:35: RuntimeWarning: Mean of empty slice.
  mse = float(((p - t) ** 2).mean())
/opt/anaconda3/envs/tf-ml-gpu/lib/python3.10/site-packages/numpy/core/_methods.py:129: RuntimeWarning: invalid value encountered in divide
  ret = ret.dtype.type(ret / rcount)
/Users/adityanagarsekar/Downloads/Courses/LOP_Snehanshu/FGBO/icbinb/train.py:36: RuntimeWarning: Mean of empty slice.
  mae = float(np.abs(p - t).mean())
/Users/adityanagarsekar/Downloads/Courses/LOP_Snehanshu/FGBO/icbinb/train.py:35: RuntimeWarning: Mean of empty slice.
  mse = float(((p - t) ** 2).mean())
/opt/anaconda3/envs/tf-ml-gpu/lib/python3.10/site-packages/numpy/core/_methods.py:129: RuntimeWarning: invalid value encountered in divide
  ret = ret.dtype.type(ret / rcount)
/Users/adityanagarsekar/Downloads/Courses/LOP_Snehanshu/FGBO/icbinb/train.py:36: RuntimeWarning: Mean of empty slice.
  mae = float(np.abs(p - t).mean())
/Users/adityanagarsekar/Downloads/Courses/LOP_Snehanshu/FGBO/icbinb/train.py:35: RuntimeWarning: Mean of empty slice.
  mse = float(((p - t) ** 2).mean())
/opt/anaconda3/envs/tf-ml-gpu/lib/python3.10/site-packages/numpy/core/_methods.py:129: RuntimeWarning: invalid value encountered in divide
  ret = ret.dtype.type(ret / rcount)
/Users/adityanagarsekar/Downloads/Courses/LOP_Snehanshu/FGBO/icbinb/train.py:36: RuntimeWarning: Mean of empty slice.
  mae = float(np.abs(p - t).mean())
/Users/adityanagarsekar/Downloads/Courses/LOP_Snehanshu/FGBO/icbinb/train.py:35: RuntimeWarning: Mean of empty slice.
  mse = float(((p - t) ** 2).mean())
/opt/anaconda3/envs/tf-ml-gpu/lib/python3.10/site-packages/numpy/core/_methods.py:129: RuntimeWarning: invalid value encountered in divide
  ret = ret.dtype.type(ret / rcount)
/Users/adityanagarsekar/Downloads/Courses/LOP_Snehanshu/FGBO/icbinb/train.py:36: RuntimeWarning: Mean of empty slice.
  mae = float(np.abs(p - t).mean())
/Users/adityanagarsekar/Downloads/Courses/LOP_Snehanshu/FGBO/icbinb/train.py:35: RuntimeWarning: Mean of empty slice.
  mse = float(((p - t) ** 2).mean())
/opt/anaconda3/envs/tf-ml-gpu/lib/python3.10/site-packages/numpy/core/_methods.py:129: RuntimeWarning: invalid value encountered in divide
  ret = ret.dtype.type(ret / rcount)
/Users/adityanagarsekar/Downloads/Courses/LOP_Snehanshu/FGBO/icbinb/train.py:36: RuntimeWarning: Mean of empty slice.
  mae = float(np.abs(p - t).mean())
/Users/adityanagarsekar/Downloads/Courses/LOP_Snehanshu/FGBO/icbinb/train.py:35: RuntimeWarning: Mean of empty slice.
  mse = float(((p - t) ** 2).mean())
/opt/anaconda3/envs/tf-ml-gpu/lib/python3.10/site-packages/numpy/core/_methods.py:129: RuntimeWarning: invalid value encountered in divide
  ret = ret.dtype.type(ret / rcount)
/Users/adityanagarsekar/Downloads/Courses/LOP_Snehanshu/FGBO/icbinb/train.py:36: RuntimeWarning: Mean of empty slice.
  mae = float(np.abs(p - t).mean())
/Users/adityanagarsekar/Downloads/Courses/LOP_Snehanshu/FGBO/icbinb/train.py:35: RuntimeWarning: Mean of empty slice.
  mse = float(((p - t) ** 2).mean())
/opt/anaconda3/envs/tf-ml-gpu/lib/python3.10/site-packages/numpy/core/_methods.py:129: RuntimeWarning: invalid value encountered in divide
  ret = ret.dtype.type(ret / rcount)
/Users/adityanagarsekar/Downloads/Courses/LOP_Snehanshu/FGBO/icbinb/train.py:36: RuntimeWarning: Mean of empty slice.
  mae = float(np.abs(p - t).mean())
/Users/adityanagarsekar/Downloads/Courses/LOP_Snehanshu/FGBO/icbinb/train.py:37: ConstantInputWarning: An input array is constant; the correlation coefficient is not defined.
  rho = float(spearmanr(p, t).statistic) if len(t) > 2 and np.std(p) > 0 else float("nan")
/Users/adityanagarsekar/Downloads/Courses/LOP_Snehanshu/FGBO/icbinb/train.py:35: RuntimeWarning: Mean of empty slice.
  mse = float(((p - t) ** 2).mean())
/opt/anaconda3/envs/tf-ml-gpu/lib/python3.10/site-packages/numpy/core/_methods.py:129: RuntimeWarning: invalid value encountered in divide
  ret = ret.dtype.type(ret / rcount)
/Users/adityanagarsekar/Downloads/Courses/LOP_Snehanshu/FGBO/icbinb/train.py:36: RuntimeWarning: Mean of empty slice.
  mae = float(np.abs(p - t).mean())
/Users/adityanagarsekar/Downloads/Courses/LOP_Snehanshu/FGBO/icbinb/train.py:35: RuntimeWarning: Mean of empty slice.
  mse = float(((p - t) ** 2).mean())
/opt/anaconda3/envs/tf-ml-gpu/lib/python3.10/site-packages/numpy/core/_methods.py:129: RuntimeWarning: invalid value encountered in divide
  ret = ret.dtype.type(ret / rcount)
/Users/adityanagarsekar/Downloads/Courses/LOP_Snehanshu/FGBO/icbinb/train.py:36: RuntimeWarning: Mean of empty slice.
  mae = float(np.abs(p - t).mean())
/Users/adityanagarsekar/Downloads/Courses/LOP_Snehanshu/FGBO/icbinb/train.py:35: RuntimeWarning: Mean of empty slice.
  mse = float(((p - t) ** 2).mean())
/opt/anaconda3/envs/tf-ml-gpu/lib/python3.10/site-packages/numpy/core/_methods.py:129: RuntimeWarning: invalid value encountered in divide
  ret = ret.dtype.type(ret / rcount)
/Users/adityanagarsekar/Downloads/Courses/LOP_Snehanshu/FGBO/icbinb/train.py:36: RuntimeWarning: Mean of empty slice.
  mae = float(np.abs(p - t).mean())
/Users/adityanagarsekar/Downloads/Courses/LOP_Snehanshu/FGBO/icbinb/train.py:35: RuntimeWarning: Mean of empty slice.
  mse = float(((p - t) ** 2).mean())
/opt/anaconda3/envs/tf-ml-gpu/lib/python3.10/site-packages/numpy/core/_methods.py:129: RuntimeWarning: invalid value encountered in divide
  ret = ret.dtype.type(ret / rcount)
/Users/adityanagarsekar/Downloads/Courses/LOP_Snehanshu/FGBO/icbinb/train.py:36: RuntimeWarning: Mean of empty slice.
  mae = float(np.abs(p - t).mean())
/Users/adityanagarsekar/Downloads/Courses/LOP_Snehanshu/FGBO/icbinb/train.py:37: ConstantInputWarning: An input array is constant; the correlation coefficient is not defined.
  rho = float(spearmanr(p, t).statistic) if len(t) > 2 and np.std(p) > 0 else float("nan")
/Users/adityanagarsekar/Downloads/Courses/LOP_Snehanshu/FGBO/icbinb/train.py:35: RuntimeWarning: Mean of empty slice.
  mse = float(((p - t) ** 2).mean())
/opt/anaconda3/envs/tf-ml-gpu/lib/python3.10/site-packages/numpy/core/_methods.py:129: RuntimeWarning: invalid value encountered in divide
  ret = ret.dtype.type(ret / rcount)
/Users/adityanagarsekar/Downloads/Courses/LOP_Snehanshu/FGBO/icbinb/train.py:36: RuntimeWarning: Mean of empty slice.
  mae = float(np.abs(p - t).mean())
/Users/adityanagarsekar/Downloads/Courses/LOP_Snehanshu/FGBO/icbinb/train.py:37: ConstantInputWarning: An input array is constant; the correlation coefficient is not defined.
  rho = float(spearmanr(p, t).statistic) if len(t) > 2 and np.std(p) > 0 else float("nan")
/Users/adityanagarsekar/Downloads/Courses/LOP_Snehanshu/FGBO/icbinb/train.py:35: RuntimeWarning: Mean of empty slice.
  mse = float(((p - t) ** 2).mean())
/opt/anaconda3/envs/tf-ml-gpu/lib/python3.10/site-packages/numpy/core/_methods.py:129: RuntimeWarning: invalid value encountered in divide
  ret = ret.dtype.type(ret / rcount)
/Users/adityanagarsekar/Downloads/Courses/LOP_Snehanshu/FGBO/icbinb/train.py:36: RuntimeWarning: Mean of empty slice.
  mae = float(np.abs(p - t).mean())
/Users/adityanagarsekar/Downloads/Courses/LOP_Snehanshu/FGBO/icbinb/train.py:35: RuntimeWarning: Mean of empty slice.
  mse = float(((p - t) ** 2).mean())
/opt/anaconda3/envs/tf-ml-gpu/lib/python3.10/site-packages/numpy/core/_methods.py:129: RuntimeWarning: invalid value encountered in divide
  ret = ret.dtype.type(ret / rcount)
/Users/adityanagarsekar/Downloads/Courses/LOP_Snehanshu/FGBO/icbinb/train.py:36: RuntimeWarning: Mean of empty slice.
  mae = float(np.abs(p - t).mean())
/Users/adityanagarsekar/Downloads/Courses/LOP_Snehanshu/FGBO/icbinb/train.py:35: RuntimeWarning: Mean of empty slice.
  mse = float(((p - t) ** 2).mean())
/opt/anaconda3/envs/tf-ml-gpu/lib/python3.10/site-packages/numpy/core/_methods.py:129: RuntimeWarning: invalid value encountered in divide
  ret = ret.dtype.type(ret / rcount)
/Users/adityanagarsekar/Downloads/Courses/LOP_Snehanshu/FGBO/icbinb/train.py:36: RuntimeWarning: Mean of empty slice.
  mae = float(np.abs(p - t).mean())
/Users/adityanagarsekar/Downloads/Courses/LOP_Snehanshu/FGBO/icbinb/train.py:35: RuntimeWarning: Mean of empty slice.
  mse = float(((p - t) ** 2).mean())
/opt/anaconda3/envs/tf-ml-gpu/lib/python3.10/site-packages/numpy/core/_methods.py:129: RuntimeWarning: invalid value encountered in divide
  ret = ret.dtype.type(ret / rcount)
/Users/adityanagarsekar/Downloads/Courses/LOP_Snehanshu/FGBO/icbinb/train.py:36: RuntimeWarning: Mean of empty slice.
  mae = float(np.abs(p - t).mean())
/Users/adityanagarsekar/Downloads/Courses/LOP_Snehanshu/FGBO/icbinb/train.py:35: RuntimeWarning: Mean of empty slice.
  mse = float(((p - t) ** 2).mean())
/opt/anaconda3/envs/tf-ml-gpu/lib/python3.10/site-packages/numpy/core/_methods.py:129: RuntimeWarning: invalid value encountered in divide
  ret = ret.dtype.type(ret / rcount)
/Users/adityanagarsekar/Downloads/Courses/LOP_Snehanshu/FGBO/icbinb/train.py:36: RuntimeWarning: Mean of empty slice.
  mae = float(np.abs(p - t).mean())
/Users/adityanagarsekar/Downloads/Courses/LOP_Snehanshu/FGBO/icbinb/train.py:35: RuntimeWarning: Mean of empty slice.
  mse = float(((p - t) ** 2).mean())
/opt/anaconda3/envs/tf-ml-gpu/lib/python3.10/site-packages/numpy/core/_methods.py:129: RuntimeWarning: invalid value encountered in divide
  ret = ret.dtype.type(ret / rcount)
/Users/adityanagarsekar/Downloads/Courses/LOP_Snehanshu/FGBO/icbinb/train.py:36: RuntimeWarning: Mean of empty slice.
  mae = float(np.abs(p - t).mean())
/Users/adityanagarsekar/Downloads/Courses/LOP_Snehanshu/FGBO/icbinb/train.py:35: RuntimeWarning: Mean of empty slice.
  mse = float(((p - t) ** 2).mean())
/opt/anaconda3/envs/tf-ml-gpu/lib/python3.10/site-packages/numpy/core/_methods.py:129: RuntimeWarning: invalid value encountered in divide
  ret = ret.dtype.type(ret / rcount)
/Users/adityanagarsekar/Downloads/Courses/LOP_Snehanshu/FGBO/icbinb/train.py:36: RuntimeWarning: Mean of empty slice.
  mae = float(np.abs(p - t).mean())
/Users/adityanagarsekar/Downloads/Courses/LOP_Snehanshu/FGBO/icbinb/train.py:35: RuntimeWarning: Mean of empty slice.
  mse = float(((p - t) ** 2).mean())
/opt/anaconda3/envs/tf-ml-gpu/lib/python3.10/site-packages/numpy/core/_methods.py:129: RuntimeWarning: invalid value encountered in divide
  ret = ret.dtype.type(ret / rcount)
/Users/adityanagarsekar/Downloads/Courses/LOP_Snehanshu/FGBO/icbinb/train.py:36: RuntimeWarning: Mean of empty slice.
  mae = float(np.abs(p - t).mean())
/Users/adityanagarsekar/Downloads/Courses/LOP_Snehanshu/FGBO/icbinb/train.py:35: RuntimeWarning: Mean of empty slice.
  mse = float(((p - t) ** 2).mean())
/opt/anaconda3/envs/tf-ml-gpu/lib/python3.10/site-packages/numpy/core/_methods.py:129: RuntimeWarning: invalid value encountered in divide
  ret = ret.dtype.type(ret / rcount)
/Users/adityanagarsekar/Downloads/Courses/LOP_Snehanshu/FGBO/icbinb/train.py:36: RuntimeWarning: Mean of empty slice.
  mae = float(np.abs(p - t).mean())
/Users/adityanagarsekar/Downloads/Courses/LOP_Snehanshu/FGBO/icbinb/train.py:37: ConstantInputWarning: An input array is constant; the correlation coefficient is not defined.
  rho = float(spearmanr(p, t).statistic) if len(t) > 2 and np.std(p) > 0 else float("nan")
/Users/adityanagarsekar/Downloads/Courses/LOP_Snehanshu/FGBO/icbinb/train.py:35: RuntimeWarning: Mean of empty slice.
  mse = float(((p - t) ** 2).mean())
/opt/anaconda3/envs/tf-ml-gpu/lib/python3.10/site-packages/numpy/core/_methods.py:129: RuntimeWarning: invalid value encountered in divide
  ret = ret.dtype.type(ret / rcount)
/Users/adityanagarsekar/Downloads/Courses/LOP_Snehanshu/FGBO/icbinb/train.py:36: RuntimeWarning: Mean of empty slice.
  mae = float(np.abs(p - t).mean())
/Users/adityanagarsekar/Downloads/Courses/LOP_Snehanshu/FGBO/icbinb/train.py:35: RuntimeWarning: Mean of empty slice.
  mse = float(((p - t) ** 2).mean())
/opt/anaconda3/envs/tf-ml-gpu/lib/python3.10/site-packages/numpy/core/_methods.py:129: RuntimeWarning: invalid value encountered in divide
  ret = ret.dtype.type(ret / rcount)
/Users/adityanagarsekar/Downloads/Courses/LOP_Snehanshu/FGBO/icbinb/train.py:36: RuntimeWarning: Mean of empty slice.
  mae = float(np.abs(p - t).mean())
/Users/adityanagarsekar/Downloads/Courses/LOP_Snehanshu/FGBO/icbinb/train.py:35: RuntimeWarning: Mean of empty slice.
  mse = float(((p - t) ** 2).mean())
/opt/anaconda3/envs/tf-ml-gpu/lib/python3.10/site-packages/numpy/core/_methods.py:129: RuntimeWarning: invalid value encountered in divide
  ret = ret.dtype.type(ret / rcount)
/Users/adityanagarsekar/Downloads/Courses/LOP_Snehanshu/FGBO/icbinb/train.py:36: RuntimeWarning: Mean of empty slice.
  mae = float(np.abs(p - t).mean())
/Users/adityanagarsekar/Downloads/Courses/LOP_Snehanshu/FGBO/icbinb/train.py:35: RuntimeWarning: Mean of empty slice.
  mse = float(((p - t) ** 2).mean())
/opt/anaconda3/envs/tf-ml-gpu/lib/python3.10/site-packages/numpy/core/_methods.py:129: RuntimeWarning: invalid value encountered in divide
  ret = ret.dtype.type(ret / rcount)
/Users/adityanagarsekar/Downloads/Courses/LOP_Snehanshu/FGBO/icbinb/train.py:36: RuntimeWarning: Mean of empty slice.
  mae = float(np.abs(p - t).mean())
/Users/adityanagarsekar/Downloads/Courses/LOP_Snehanshu/FGBO/icbinb/train.py:35: RuntimeWarning: Mean of empty slice.
  mse = float(((p - t) ** 2).mean())
/opt/anaconda3/envs/tf-ml-gpu/lib/python3.10/site-packages/numpy/core/_methods.py:129: RuntimeWarning: invalid value encountered in divide
  ret = ret.dtype.type(ret / rcount)
/Users/adityanagarsekar/Downloads/Courses/LOP_Snehanshu/FGBO/icbinb/train.py:36: RuntimeWarning: Mean of empty slice.
  mae = float(np.abs(p - t).mean())
/Users/adityanagarsekar/Downloads/Courses/LOP_Snehanshu/FGBO/icbinb/train.py:37: ConstantInputWarning: An input array is constant; the correlation coefficient is not defined.
  rho = float(spearmanr(p, t).statistic) if len(t) > 2 and np.std(p) > 0 else float("nan")
/Users/adityanagarsekar/Downloads/Courses/LOP_Snehanshu/FGBO/icbinb/train.py:37: ConstantInputWarning: An input array is constant; the correlation coefficient is not defined.
  rho = float(spearmanr(p, t).statistic) if len(t) > 2 and np.std(p) > 0 else float("nan")
/Users/adityanagarsekar/Downloads/Courses/LOP_Snehanshu/FGBO/icbinb/train.py:35: RuntimeWarning: Mean of empty slice.
  mse = float(((p - t) ** 2).mean())
/opt/anaconda3/envs/tf-ml-gpu/lib/python3.10/site-packages/numpy/core/_methods.py:129: RuntimeWarning: invalid value encountered in divide
  ret = ret.dtype.type(ret / rcount)
/Users/adityanagarsekar/Downloads/Courses/LOP_Snehanshu/FGBO/icbinb/train.py:36: RuntimeWarning: Mean of empty slice.
  mae = float(np.abs(p - t).mean())
/Users/adityanagarsekar/Downloads/Courses/LOP_Snehanshu/FGBO/icbinb/train.py:37: ConstantInputWarning: An input array is constant; the correlation coefficient is not defined.
  rho = float(spearmanr(p, t).statistic) if len(t) > 2 and np.std(p) > 0 else float("nan")
/Users/adityanagarsekar/Downloads/Courses/LOP_Snehanshu/FGBO/icbinb/train.py:35: RuntimeWarning: Mean of empty slice.
  mse = float(((p - t) ** 2).mean())
/opt/anaconda3/envs/tf-ml-gpu/lib/python3.10/site-packages/numpy/core/_methods.py:129: RuntimeWarning: invalid value encountered in divide
  ret = ret.dtype.type(ret / rcount)
/Users/adityanagarsekar/Downloads/Courses/LOP_Snehanshu/FGBO/icbinb/train.py:36: RuntimeWarning: Mean of empty slice.
  mae = float(np.abs(p - t).mean())
/Users/adityanagarsekar/Downloads/Courses/LOP_Snehanshu/FGBO/icbinb/train.py:35: RuntimeWarning: Mean of empty slice.
  mse = float(((p - t) ** 2).mean())
/opt/anaconda3/envs/tf-ml-gpu/lib/python3.10/site-packages/numpy/core/_methods.py:129: RuntimeWarning: invalid value encountered in divide
  ret = ret.dtype.type(ret / rcount)
/Users/adityanagarsekar/Downloads/Courses/LOP_Snehanshu/FGBO/icbinb/train.py:36: RuntimeWarning: Mean of empty slice.
  mae = float(np.abs(p - t).mean())
/Users/adityanagarsekar/Downloads/Courses/LOP_Snehanshu/FGBO/icbinb/train.py:37: ConstantInputWarning: An input array is constant; the correlation coefficient is not defined.
  rho = float(spearmanr(p, t).statistic) if len(t) > 2 and np.std(p) > 0 else float("nan")
/Users/adityanagarsekar/Downloads/Courses/LOP_Snehanshu/FGBO/icbinb/train.py:35: RuntimeWarning: Mean of empty slice.
  mse = float(((p - t) ** 2).mean())
/opt/anaconda3/envs/tf-ml-gpu/lib/python3.10/site-packages/numpy/core/_methods.py:129: RuntimeWarning: invalid value encountered in divide
  ret = ret.dtype.type(ret / rcount)
/Users/adityanagarsekar/Downloads/Courses/LOP_Snehanshu/FGBO/icbinb/train.py:36: RuntimeWarning: Mean of empty slice.
  mae = float(np.abs(p - t).mean())
/Users/adityanagarsekar/Downloads/Courses/LOP_Snehanshu/FGBO/icbinb/train.py:35: RuntimeWarning: Mean of empty slice.
  mse = float(((p - t) ** 2).mean())
/opt/anaconda3/envs/tf-ml-gpu/lib/python3.10/site-packages/numpy/core/_methods.py:129: RuntimeWarning: invalid value encountered in divide
  ret = ret.dtype.type(ret / rcount)
/Users/adityanagarsekar/Downloads/Courses/LOP_Snehanshu/FGBO/icbinb/train.py:36: RuntimeWarning: Mean of empty slice.
  mae = float(np.abs(p - t).mean())
/Users/adityanagarsekar/Downloads/Courses/LOP_Snehanshu/FGBO/icbinb/train.py:35: RuntimeWarning: Mean of empty slice.
  mse = float(((p - t) ** 2).mean())
/opt/anaconda3/envs/tf-ml-gpu/lib/python3.10/site-packages/numpy/core/_methods.py:129: RuntimeWarning: invalid value encountered in divide
  ret = ret.dtype.type(ret / rcount)
/Users/adityanagarsekar/Downloads/Courses/LOP_Snehanshu/FGBO/icbinb/train.py:36: RuntimeWarning: Mean of empty slice.
  mae = float(np.abs(p - t).mean())
/Users/adityanagarsekar/Downloads/Courses/LOP_Snehanshu/FGBO/icbinb/train.py:35: RuntimeWarning: Mean of empty slice.
  mse = float(((p - t) ** 2).mean())
/opt/anaconda3/envs/tf-ml-gpu/lib/python3.10/site-packages/numpy/core/_methods.py:129: RuntimeWarning: invalid value encountered in divide
  ret = ret.dtype.type(ret / rcount)
/Users/adityanagarsekar/Downloads/Courses/LOP_Snehanshu/FGBO/icbinb/train.py:36: RuntimeWarning: Mean of empty slice.
  mae = float(np.abs(p - t).mean())
/Users/adityanagarsekar/Downloads/Courses/LOP_Snehanshu/FGBO/icbinb/train.py:35: RuntimeWarning: Mean of empty slice.
  mse = float(((p - t) ** 2).mean())
/opt/anaconda3/envs/tf-ml-gpu/lib/python3.10/site-packages/numpy/core/_methods.py:129: RuntimeWarning: invalid value encountered in divide
  ret = ret.dtype.type(ret / rcount)
/Users/adityanagarsekar/Downloads/Courses/LOP_Snehanshu/FGBO/icbinb/train.py:36: RuntimeWarning: Mean of empty slice.
  mae = float(np.abs(p - t).mean())
/Users/adityanagarsekar/Downloads/Courses/LOP_Snehanshu/FGBO/icbinb/train.py:35: RuntimeWarning: Mean of empty slice.
  mse = float(((p - t) ** 2).mean())
/opt/anaconda3/envs/tf-ml-gpu/lib/python3.10/site-packages/numpy/core/_methods.py:129: RuntimeWarning: invalid value encountered in divide
  ret = ret.dtype.type(ret / rcount)
/Users/adityanagarsekar/Downloads/Courses/LOP_Snehanshu/FGBO/icbinb/train.py:36: RuntimeWarning: Mean of empty slice.
  mae = float(np.abs(p - t).mean())
/Users/adityanagarsekar/Downloads/Courses/LOP_Snehanshu/FGBO/icbinb/train.py:35: RuntimeWarning: Mean of empty slice.
  mse = float(((p - t) ** 2).mean())
/opt/anaconda3/envs/tf-ml-gpu/lib/python3.10/site-packages/numpy/core/_methods.py:129: RuntimeWarning: invalid value encountered in divide
  ret = ret.dtype.type(ret / rcount)
/Users/adityanagarsekar/Downloads/Courses/LOP_Snehanshu/FGBO/icbinb/train.py:36: RuntimeWarning: Mean of empty slice.
  mae = float(np.abs(p - t).mean())
/Users/adityanagarsekar/Downloads/Courses/LOP_Snehanshu/FGBO/icbinb/train.py:35: RuntimeWarning: Mean of empty slice.
  mse = float(((p - t) ** 2).mean())
/opt/anaconda3/envs/tf-ml-gpu/lib/python3.10/site-packages/numpy/core/_methods.py:129: RuntimeWarning: invalid value encountered in divide
  ret = ret.dtype.type(ret / rcount)
/Users/adityanagarsekar/Downloads/Courses/LOP_Snehanshu/FGBO/icbinb/train.py:36: RuntimeWarning: Mean of empty slice.
  mae = float(np.abs(p - t).mean())
  valfree_pool  amylase         outer005  48 rows   339.5s
/Users/adityanagarsekar/Downloads/Courses/LOP_Snehanshu/FGBO/icbinb/train.py:37: ConstantInputWarning: An input array is constant; the correlation coefficient is not defined.
  rho = float(spearmanr(p, t).statistic) if len(t) > 2 and np.std(p) > 0 else float("nan")
/Users/adityanagarsekar/Downloads/Courses/LOP_Snehanshu/FGBO/icbinb/train.py:35: RuntimeWarning: Mean of empty slice.
  mse = float(((p - t) ** 2).mean())
/opt/anaconda3/envs/tf-ml-gpu/lib/python3.10/site-packages/numpy/core/_methods.py:129: RuntimeWarning: invalid value encountered in divide
  ret = ret.dtype.type(ret / rcount)
/Users/adityanagarsekar/Downloads/Courses/LOP_Snehanshu/FGBO/icbinb/train.py:36: RuntimeWarning: Mean of empty slice.
  mae = float(np.abs(p - t).mean())
/Users/adityanagarsekar/Downloads/Courses/LOP_Snehanshu/FGBO/icbinb/train.py:35: RuntimeWarning: Mean of empty slice.
  mse = float(((p - t) ** 2).mean())
/opt/anaconda3/envs/tf-ml-gpu/lib/python3.10/site-packages/numpy/core/_methods.py:129: RuntimeWarning: invalid value encountered in divide
  ret = ret.dtype.type(ret / rcount)
/Users/adityanagarsekar/Downloads/Courses/LOP_Snehanshu/FGBO/icbinb/train.py:36: RuntimeWarning: Mean of empty slice.
  mae = float(np.abs(p - t).mean())
/Users/adityanagarsekar/Downloads/Courses/LOP_Snehanshu/FGBO/icbinb/train.py:37: ConstantInputWarning: An input array is constant; the correlation coefficient is not defined.
  rho = float(spearmanr(p, t).statistic) if len(t) > 2 and np.std(p) > 0 else float("nan")
/Users/adityanagarsekar/Downloads/Courses/LOP_Snehanshu/FGBO/icbinb/train.py:35: RuntimeWarning: Mean of empty slice.
  mse = float(((p - t) ** 2).mean())
/opt/anaconda3/envs/tf-ml-gpu/lib/python3.10/site-packages/numpy/core/_methods.py:129: RuntimeWarning: invalid value encountered in divide
  ret = ret.dtype.type(ret / rcount)
/Users/adityanagarsekar/Downloads/Courses/LOP_Snehanshu/FGBO/icbinb/train.py:36: RuntimeWarning: Mean of empty slice.
  mae = float(np.abs(p - t).mean())
/Users/adityanagarsekar/Downloads/Courses/LOP_Snehanshu/FGBO/icbinb/train.py:37: ConstantInputWarning: An input array is constant; the correlation coefficient is not defined.
  rho = float(spearmanr(p, t).statistic) if len(t) > 2 and np.std(p) > 0 else float("nan")
/Users/adityanagarsekar/Downloads/Courses/LOP_Snehanshu/FGBO/icbinb/train.py:35: RuntimeWarning: Mean of empty slice.
  mse = float(((p - t) ** 2).mean())
/opt/anaconda3/envs/tf-ml-gpu/lib/python3.10/site-packages/numpy/core/_methods.py:129: RuntimeWarning: invalid value encountered in divide
  ret = ret.dtype.type(ret / rcount)
/Users/adityanagarsekar/Downloads/Courses/LOP_Snehanshu/FGBO/icbinb/train.py:36: RuntimeWarning: Mean of empty slice.
  mae = float(np.abs(p - t).mean())
/Users/adityanagarsekar/Downloads/Courses/LOP_Snehanshu/FGBO/icbinb/train.py:35: RuntimeWarning: Mean of empty slice.
  mse = float(((p - t) ** 2).mean())
/opt/anaconda3/envs/tf-ml-gpu/lib/python3.10/site-packages/numpy/core/_methods.py:129: RuntimeWarning: invalid value encountered in divide
  ret = ret.dtype.type(ret / rcount)
/Users/adityanagarsekar/Downloads/Courses/LOP_Snehanshu/FGBO/icbinb/train.py:36: RuntimeWarning: Mean of empty slice.
  mae = float(np.abs(p - t).mean())
/Users/adityanagarsekar/Downloads/Courses/LOP_Snehanshu/FGBO/icbinb/train.py:35: RuntimeWarning: Mean of empty slice.
  mse = float(((p - t) ** 2).mean())
/opt/anaconda3/envs/tf-ml-gpu/lib/python3.10/site-packages/numpy/core/_methods.py:129: RuntimeWarning: invalid value encountered in divide
  ret = ret.dtype.type(ret / rcount)
/Users/adityanagarsekar/Downloads/Courses/LOP_Snehanshu/FGBO/icbinb/train.py:36: RuntimeWarning: Mean of empty slice.
  mae = float(np.abs(p - t).mean())
/Users/adityanagarsekar/Downloads/Courses/LOP_Snehanshu/FGBO/icbinb/train.py:37: ConstantInputWarning: An input array is constant; the correlation coefficient is not defined.
  rho = float(spearmanr(p, t).statistic) if len(t) > 2 and np.std(p) > 0 else float("nan")
/Users/adityanagarsekar/Downloads/Courses/LOP_Snehanshu/FGBO/icbinb/train.py:35: RuntimeWarning: Mean of empty slice.
  mse = float(((p - t) ** 2).mean())
/opt/anaconda3/envs/tf-ml-gpu/lib/python3.10/site-packages/numpy/core/_methods.py:129: RuntimeWarning: invalid value encountered in divide
  ret = ret.dtype.type(ret / rcount)
/Users/adityanagarsekar/Downloads/Courses/LOP_Snehanshu/FGBO/icbinb/train.py:36: RuntimeWarning: Mean of empty slice.
  mae = float(np.abs(p - t).mean())
/Users/adityanagarsekar/Downloads/Courses/LOP_Snehanshu/FGBO/icbinb/train.py:37: ConstantInputWarning: An input array is constant; the correlation coefficient is not defined.
  rho = float(spearmanr(p, t).statistic) if len(t) > 2 and np.std(p) > 0 else float("nan")
/Users/adityanagarsekar/Downloads/Courses/LOP_Snehanshu/FGBO/icbinb/train.py:35: RuntimeWarning: Mean of empty slice.
  mse = float(((p - t) ** 2).mean())
/opt/anaconda3/envs/tf-ml-gpu/lib/python3.10/site-packages/numpy/core/_methods.py:129: RuntimeWarning: invalid value encountered in divide
  ret = ret.dtype.type(ret / rcount)
/Users/adityanagarsekar/Downloads/Courses/LOP_Snehanshu/FGBO/icbinb/train.py:36: RuntimeWarning: Mean of empty slice.
  mae = float(np.abs(p - t).mean())
/Users/adityanagarsekar/Downloads/Courses/LOP_Snehanshu/FGBO/icbinb/train.py:35: RuntimeWarning: Mean of empty slice.
  mse = float(((p - t) ** 2).mean())
/opt/anaconda3/envs/tf-ml-gpu/lib/python3.10/site-packages/numpy/core/_methods.py:129: RuntimeWarning: invalid value encountered in divide
  ret = ret.dtype.type(ret / rcount)
/Users/adityanagarsekar/Downloads/Courses/LOP_Snehanshu/FGBO/icbinb/train.py:36: RuntimeWarning: Mean of empty slice.
  mae = float(np.abs(p - t).mean())
/Users/adityanagarsekar/Downloads/Courses/LOP_Snehanshu/FGBO/icbinb/train.py:37: ConstantInputWarning: An input array is constant; the correlation coefficient is not defined.
  rho = float(spearmanr(p, t).statistic) if len(t) > 2 and np.std(p) > 0 else float("nan")
/Users/adityanagarsekar/Downloads/Courses/LOP_Snehanshu/FGBO/icbinb/train.py:37: ConstantInputWarning: An input array is constant; the correlation coefficient is not defined.
  rho = float(spearmanr(p, t).statistic) if len(t) > 2 and np.std(p) > 0 else float("nan")
/Users/adityanagarsekar/Downloads/Courses/LOP_Snehanshu/FGBO/icbinb/train.py:35: RuntimeWarning: Mean of empty slice.
  mse = float(((p - t) ** 2).mean())
/opt/anaconda3/envs/tf-ml-gpu/lib/python3.10/site-packages/numpy/core/_methods.py:129: RuntimeWarning: invalid value encountered in divide
  ret = ret.dtype.type(ret / rcount)
/Users/adityanagarsekar/Downloads/Courses/LOP_Snehanshu/FGBO/icbinb/train.py:36: RuntimeWarning: Mean of empty slice.
  mae = float(np.abs(p - t).mean())
/Users/adityanagarsekar/Downloads/Courses/LOP_Snehanshu/FGBO/icbinb/train.py:35: RuntimeWarning: Mean of empty slice.
  mse = float(((p - t) ** 2).mean())
/opt/anaconda3/envs/tf-ml-gpu/lib/python3.10/site-packages/numpy/core/_methods.py:129: RuntimeWarning: invalid value encountered in divide
  ret = ret.dtype.type(ret / rcount)
/Users/adityanagarsekar/Downloads/Courses/LOP_Snehanshu/FGBO/icbinb/train.py:36: RuntimeWarning: Mean of empty slice.
  mae = float(np.abs(p - t).mean())
/Users/adityanagarsekar/Downloads/Courses/LOP_Snehanshu/FGBO/icbinb/train.py:35: RuntimeWarning: Mean of empty slice.
  mse = float(((p - t) ** 2).mean())
/opt/anaconda3/envs/tf-ml-gpu/lib/python3.10/site-packages/numpy/core/_methods.py:129: RuntimeWarning: invalid value encountered in divide
  ret = ret.dtype.type(ret / rcount)
/Users/adityanagarsekar/Downloads/Courses/LOP_Snehanshu/FGBO/icbinb/train.py:36: RuntimeWarning: Mean of empty slice.
  mae = float(np.abs(p - t).mean())
/Users/adityanagarsekar/Downloads/Courses/LOP_Snehanshu/FGBO/icbinb/train.py:35: RuntimeWarning: Mean of empty slice.
  mse = float(((p - t) ** 2).mean())
/opt/anaconda3/envs/tf-ml-gpu/lib/python3.10/site-packages/numpy/core/_methods.py:129: RuntimeWarning: invalid value encountered in divide
  ret = ret.dtype.type(ret / rcount)
/Users/adityanagarsekar/Downloads/Courses/LOP_Snehanshu/FGBO/icbinb/train.py:36: RuntimeWarning: Mean of empty slice.
  mae = float(np.abs(p - t).mean())
/Users/adityanagarsekar/Downloads/Courses/LOP_Snehanshu/FGBO/icbinb/train.py:37: ConstantInputWarning: An input array is constant; the correlation coefficient is not defined.
  rho = float(spearmanr(p, t).statistic) if len(t) > 2 and np.std(p) > 0 else float("nan")
/Users/adityanagarsekar/Downloads/Courses/LOP_Snehanshu/FGBO/icbinb/train.py:35: RuntimeWarning: Mean of empty slice.
  mse = float(((p - t) ** 2).mean())
/opt/anaconda3/envs/tf-ml-gpu/lib/python3.10/site-packages/numpy/core/_methods.py:129: RuntimeWarning: invalid value encountered in divide
  ret = ret.dtype.type(ret / rcount)
/Users/adityanagarsekar/Downloads/Courses/LOP_Snehanshu/FGBO/icbinb/train.py:36: RuntimeWarning: Mean of empty slice.
  mae = float(np.abs(p - t).mean())
/Users/adityanagarsekar/Downloads/Courses/LOP_Snehanshu/FGBO/icbinb/train.py:37: ConstantInputWarning: An input array is constant; the correlation coefficient is not defined.
  rho = float(spearmanr(p, t).statistic) if len(t) > 2 and np.std(p) > 0 else float("nan")
/Users/adityanagarsekar/Downloads/Courses/LOP_Snehanshu/FGBO/icbinb/train.py:35: RuntimeWarning: Mean of empty slice.
  mse = float(((p - t) ** 2).mean())
/opt/anaconda3/envs/tf-ml-gpu/lib/python3.10/site-packages/numpy/core/_methods.py:129: RuntimeWarning: invalid value encountered in divide
  ret = ret.dtype.type(ret / rcount)
/Users/adityanagarsekar/Downloads/Courses/LOP_Snehanshu/FGBO/icbinb/train.py:36: RuntimeWarning: Mean of empty slice.
  mae = float(np.abs(p - t).mean())
/Users/adityanagarsekar/Downloads/Courses/LOP_Snehanshu/FGBO/icbinb/train.py:35: RuntimeWarning: Mean of empty slice.
  mse = float(((p - t) ** 2).mean())
/opt/anaconda3/envs/tf-ml-gpu/lib/python3.10/site-packages/numpy/core/_methods.py:129: RuntimeWarning: invalid value encountered in divide
  ret = ret.dtype.type(ret / rcount)
/Users/adityanagarsekar/Downloads/Courses/LOP_Snehanshu/FGBO/icbinb/train.py:36: RuntimeWarning: Mean of empty slice.
  mae = float(np.abs(p - t).mean())
/Users/adityanagarsekar/Downloads/Courses/LOP_Snehanshu/FGBO/icbinb/train.py:37: ConstantInputWarning: An input array is constant; the correlation coefficient is not defined.
  rho = float(spearmanr(p, t).statistic) if len(t) > 2 and np.std(p) > 0 else float("nan")
/Users/adityanagarsekar/Downloads/Courses/LOP_Snehanshu/FGBO/icbinb/train.py:35: RuntimeWarning: Mean of empty slice.
  mse = float(((p - t) ** 2).mean())
/opt/anaconda3/envs/tf-ml-gpu/lib/python3.10/site-packages/numpy/core/_methods.py:129: RuntimeWarning: invalid value encountered in divide
  ret = ret.dtype.type(ret / rcount)
/Users/adityanagarsekar/Downloads/Courses/LOP_Snehanshu/FGBO/icbinb/train.py:36: RuntimeWarning: Mean of empty slice.
  mae = float(np.abs(p - t).mean())
/Users/adityanagarsekar/Downloads/Courses/LOP_Snehanshu/FGBO/icbinb/train.py:35: RuntimeWarning: Mean of empty slice.
  mse = float(((p - t) ** 2).mean())
/opt/anaconda3/envs/tf-ml-gpu/lib/python3.10/site-packages/numpy/core/_methods.py:129: RuntimeWarning: invalid value encountered in divide
  ret = ret.dtype.type(ret / rcount)
/Users/adityanagarsekar/Downloads/Courses/LOP_Snehanshu/FGBO/icbinb/train.py:36: RuntimeWarning: Mean of empty slice.
  mae = float(np.abs(p - t).mean())
/Users/adityanagarsekar/Downloads/Courses/LOP_Snehanshu/FGBO/icbinb/train.py:35: RuntimeWarning: Mean of empty slice.
  mse = float(((p - t) ** 2).mean())
/opt/anaconda3/envs/tf-ml-gpu/lib/python3.10/site-packages/numpy/core/_methods.py:129: RuntimeWarning: invalid value encountered in divide
  ret = ret.dtype.type(ret / rcount)
/Users/adityanagarsekar/Downloads/Courses/LOP_Snehanshu/FGBO/icbinb/train.py:36: RuntimeWarning: Mean of empty slice.
  mae = float(np.abs(p - t).mean())
/Users/adityanagarsekar/Downloads/Courses/LOP_Snehanshu/FGBO/icbinb/train.py:35: RuntimeWarning: Mean of empty slice.
  mse = float(((p - t) ** 2).mean())
/opt/anaconda3/envs/tf-ml-gpu/lib/python3.10/site-packages/numpy/core/_methods.py:129: RuntimeWarning: invalid value encountered in divide
  ret = ret.dtype.type(ret / rcount)
/Users/adityanagarsekar/Downloads/Courses/LOP_Snehanshu/FGBO/icbinb/train.py:36: RuntimeWarning: Mean of empty slice.
  mae = float(np.abs(p - t).mean())
/Users/adityanagarsekar/Downloads/Courses/LOP_Snehanshu/FGBO/icbinb/train.py:35: RuntimeWarning: Mean of empty slice.
  mse = float(((p - t) ** 2).mean())
/opt/anaconda3/envs/tf-ml-gpu/lib/python3.10/site-packages/numpy/core/_methods.py:129: RuntimeWarning: invalid value encountered in divide
  ret = ret.dtype.type(ret / rcount)
/Users/adityanagarsekar/Downloads/Courses/LOP_Snehanshu/FGBO/icbinb/train.py:36: RuntimeWarning: Mean of empty slice.
  mae = float(np.abs(p - t).mean())
/Users/adityanagarsekar/Downloads/Courses/LOP_Snehanshu/FGBO/icbinb/train.py:35: RuntimeWarning: Mean of empty slice.
  mse = float(((p - t) ** 2).mean())
/opt/anaconda3/envs/tf-ml-gpu/lib/python3.10/site-packages/numpy/core/_methods.py:129: RuntimeWarning: invalid value encountered in divide
  ret = ret.dtype.type(ret / rcount)
/Users/adityanagarsekar/Downloads/Courses/LOP_Snehanshu/FGBO/icbinb/train.py:36: RuntimeWarning: Mean of empty slice.
  mae = float(np.abs(p - t).mean())
/Users/adityanagarsekar/Downloads/Courses/LOP_Snehanshu/FGBO/icbinb/train.py:35: RuntimeWarning: Mean of empty slice.
  mse = float(((p - t) ** 2).mean())
/opt/anaconda3/envs/tf-ml-gpu/lib/python3.10/site-packages/numpy/core/_methods.py:129: RuntimeWarning: invalid value encountered in divide
  ret = ret.dtype.type(ret / rcount)
/Users/adityanagarsekar/Downloads/Courses/LOP_Snehanshu/FGBO/icbinb/train.py:36: RuntimeWarning: Mean of empty slice.
  mae = float(np.abs(p - t).mean())
/Users/adityanagarsekar/Downloads/Courses/LOP_Snehanshu/FGBO/icbinb/train.py:35: RuntimeWarning: Mean of empty slice.
  mse = float(((p - t) ** 2).mean())
/opt/anaconda3/envs/tf-ml-gpu/lib/python3.10/site-packages/numpy/core/_methods.py:129: RuntimeWarning: invalid value encountered in divide
  ret = ret.dtype.type(ret / rcount)
/Users/adityanagarsekar/Downloads/Courses/LOP_Snehanshu/FGBO/icbinb/train.py:36: RuntimeWarning: Mean of empty slice.
  mae = float(np.abs(p - t).mean())
/Users/adityanagarsekar/Downloads/Courses/LOP_Snehanshu/FGBO/icbinb/train.py:37: ConstantInputWarning: An input array is constant; the correlation coefficient is not defined.
  rho = float(spearmanr(p, t).statistic) if len(t) > 2 and np.std(p) > 0 else float("nan")
/Users/adityanagarsekar/Downloads/Courses/LOP_Snehanshu/FGBO/icbinb/train.py:35: RuntimeWarning: Mean of empty slice.
  mse = float(((p - t) ** 2).mean())
/opt/anaconda3/envs/tf-ml-gpu/lib/python3.10/site-packages/numpy/core/_methods.py:129: RuntimeWarning: invalid value encountered in divide
  ret = ret.dtype.type(ret / rcount)
/Users/adityanagarsekar/Downloads/Courses/LOP_Snehanshu/FGBO/icbinb/train.py:36: RuntimeWarning: Mean of empty slice.
  mae = float(np.abs(p - t).mean())
/Users/adityanagarsekar/Downloads/Courses/LOP_Snehanshu/FGBO/icbinb/train.py:35: RuntimeWarning: Mean of empty slice.
  mse = float(((p - t) ** 2).mean())
/opt/anaconda3/envs/tf-ml-gpu/lib/python3.10/site-packages/numpy/core/_methods.py:129: RuntimeWarning: invalid value encountered in divide
  ret = ret.dtype.type(ret / rcount)
/Users/adityanagarsekar/Downloads/Courses/LOP_Snehanshu/FGBO/icbinb/train.py:36: RuntimeWarning: Mean of empty slice.
  mae = float(np.abs(p - t).mean())
/Users/adityanagarsekar/Downloads/Courses/LOP_Snehanshu/FGBO/icbinb/train.py:35: RuntimeWarning: Mean of empty slice.
  mse = float(((p - t) ** 2).mean())
/opt/anaconda3/envs/tf-ml-gpu/lib/python3.10/site-packages/numpy/core/_methods.py:129: RuntimeWarning: invalid value encountered in divide
  ret = ret.dtype.type(ret / rcount)
/Users/adityanagarsekar/Downloads/Courses/LOP_Snehanshu/FGBO/icbinb/train.py:36: RuntimeWarning: Mean of empty slice.
  mae = float(np.abs(p - t).mean())
/Users/adityanagarsekar/Downloads/Courses/LOP_Snehanshu/FGBO/icbinb/train.py:35: RuntimeWarning: Mean of empty slice.
  mse = float(((p - t) ** 2).mean())
/opt/anaconda3/envs/tf-ml-gpu/lib/python3.10/site-packages/numpy/core/_methods.py:129: RuntimeWarning: invalid value encountered in divide
  ret = ret.dtype.type(ret / rcount)
/Users/adityanagarsekar/Downloads/Courses/LOP_Snehanshu/FGBO/icbinb/train.py:36: RuntimeWarning: Mean of empty slice.
  mae = float(np.abs(p - t).mean())
/Users/adityanagarsekar/Downloads/Courses/LOP_Snehanshu/FGBO/icbinb/train.py:37: ConstantInputWarning: An input array is constant; the correlation coefficient is not defined.
  rho = float(spearmanr(p, t).statistic) if len(t) > 2 and np.std(p) > 0 else float("nan")
/Users/adityanagarsekar/Downloads/Courses/LOP_Snehanshu/FGBO/icbinb/train.py:35: RuntimeWarning: Mean of empty slice.
  mse = float(((p - t) ** 2).mean())
/opt/anaconda3/envs/tf-ml-gpu/lib/python3.10/site-packages/numpy/core/_methods.py:129: RuntimeWarning: invalid value encountered in divide
  ret = ret.dtype.type(ret / rcount)
/Users/adityanagarsekar/Downloads/Courses/LOP_Snehanshu/FGBO/icbinb/train.py:36: RuntimeWarning: Mean of empty slice.
  mae = float(np.abs(p - t).mean())
/Users/adityanagarsekar/Downloads/Courses/LOP_Snehanshu/FGBO/icbinb/train.py:37: ConstantInputWarning: An input array is constant; the correlation coefficient is not defined.
  rho = float(spearmanr(p, t).statistic) if len(t) > 2 and np.std(p) > 0 else float("nan")
/Users/adityanagarsekar/Downloads/Courses/LOP_Snehanshu/FGBO/icbinb/train.py:35: RuntimeWarning: Mean of empty slice.
  mse = float(((p - t) ** 2).mean())
/opt/anaconda3/envs/tf-ml-gpu/lib/python3.10/site-packages/numpy/core/_methods.py:129: RuntimeWarning: invalid value encountered in divide
  ret = ret.dtype.type(ret / rcount)
/Users/adityanagarsekar/Downloads/Courses/LOP_Snehanshu/FGBO/icbinb/train.py:36: RuntimeWarning: Mean of empty slice.
  mae = float(np.abs(p - t).mean())
/Users/adityanagarsekar/Downloads/Courses/LOP_Snehanshu/FGBO/icbinb/train.py:35: RuntimeWarning: Mean of empty slice.
  mse = float(((p - t) ** 2).mean())
/opt/anaconda3/envs/tf-ml-gpu/lib/python3.10/site-packages/numpy/core/_methods.py:129: RuntimeWarning: invalid value encountered in divide
  ret = ret.dtype.type(ret / rcount)
/Users/adityanagarsekar/Downloads/Courses/LOP_Snehanshu/FGBO/icbinb/train.py:36: RuntimeWarning: Mean of empty slice.
  mae = float(np.abs(p - t).mean())
/Users/adityanagarsekar/Downloads/Courses/LOP_Snehanshu/FGBO/icbinb/train.py:35: RuntimeWarning: Mean of empty slice.
  mse = float(((p - t) ** 2).mean())
/opt/anaconda3/envs/tf-ml-gpu/lib/python3.10/site-packages/numpy/core/_methods.py:129: RuntimeWarning: invalid value encountered in divide
  ret = ret.dtype.type(ret / rcount)
/Users/adityanagarsekar/Downloads/Courses/LOP_Snehanshu/FGBO/icbinb/train.py:36: RuntimeWarning: Mean of empty slice.
  mae = float(np.abs(p - t).mean())
/Users/adityanagarsekar/Downloads/Courses/LOP_Snehanshu/FGBO/icbinb/train.py:35: RuntimeWarning: Mean of empty slice.
  mse = float(((p - t) ** 2).mean())
/opt/anaconda3/envs/tf-ml-gpu/lib/python3.10/site-packages/numpy/core/_methods.py:129: RuntimeWarning: invalid value encountered in divide
  ret = ret.dtype.type(ret / rcount)
/Users/adityanagarsekar/Downloads/Courses/LOP_Snehanshu/FGBO/icbinb/train.py:36: RuntimeWarning: Mean of empty slice.
  mae = float(np.abs(p - t).mean())
/Users/adityanagarsekar/Downloads/Courses/LOP_Snehanshu/FGBO/icbinb/train.py:35: RuntimeWarning: Mean of empty slice.
  mse = float(((p - t) ** 2).mean())
/opt/anaconda3/envs/tf-ml-gpu/lib/python3.10/site-packages/numpy/core/_methods.py:129: RuntimeWarning: invalid value encountered in divide
  ret = ret.dtype.type(ret / rcount)
/Users/adityanagarsekar/Downloads/Courses/LOP_Snehanshu/FGBO/icbinb/train.py:36: RuntimeWarning: Mean of empty slice.
  mae = float(np.abs(p - t).mean())
/Users/adityanagarsekar/Downloads/Courses/LOP_Snehanshu/FGBO/icbinb/train.py:35: RuntimeWarning: Mean of empty slice.
  mse = float(((p - t) ** 2).mean())
/opt/anaconda3/envs/tf-ml-gpu/lib/python3.10/site-packages/numpy/core/_methods.py:129: RuntimeWarning: invalid value encountered in divide
  ret = ret.dtype.type(ret / rcount)
/Users/adityanagarsekar/Downloads/Courses/LOP_Snehanshu/FGBO/icbinb/train.py:36: RuntimeWarning: Mean of empty slice.
  mae = float(np.abs(p - t).mean())
/Users/adityanagarsekar/Downloads/Courses/LOP_Snehanshu/FGBO/icbinb/train.py:35: RuntimeWarning: Mean of empty slice.
  mse = float(((p - t) ** 2).mean())
/opt/anaconda3/envs/tf-ml-gpu/lib/python3.10/site-packages/numpy/core/_methods.py:129: RuntimeWarning: invalid value encountered in divide
  ret = ret.dtype.type(ret / rcount)
/Users/adityanagarsekar/Downloads/Courses/LOP_Snehanshu/FGBO/icbinb/train.py:36: RuntimeWarning: Mean of empty slice.
  mae = float(np.abs(p - t).mean())
/Users/adityanagarsekar/Downloads/Courses/LOP_Snehanshu/FGBO/icbinb/train.py:37: ConstantInputWarning: An input array is constant; the correlation coefficient is not defined.
  rho = float(spearmanr(p, t).statistic) if len(t) > 2 and np.std(p) > 0 else float("nan")
/Users/adityanagarsekar/Downloads/Courses/LOP_Snehanshu/FGBO/icbinb/train.py:35: RuntimeWarning: Mean of empty slice.
  mse = float(((p - t) ** 2).mean())
/opt/anaconda3/envs/tf-ml-gpu/lib/python3.10/site-packages/numpy/core/_methods.py:129: RuntimeWarning: invalid value encountered in divide
  ret = ret.dtype.type(ret / rcount)
/Users/adityanagarsekar/Downloads/Courses/LOP_Snehanshu/FGBO/icbinb/train.py:36: RuntimeWarning: Mean of empty slice.
  mae = float(np.abs(p - t).mean())
/Users/adityanagarsekar/Downloads/Courses/LOP_Snehanshu/FGBO/icbinb/train.py:37: ConstantInputWarning: An input array is constant; the correlation coefficient is not defined.
  rho = float(spearmanr(p, t).statistic) if len(t) > 2 and np.std(p) > 0 else float("nan")
/Users/adityanagarsekar/Downloads/Courses/LOP_Snehanshu/FGBO/icbinb/train.py:35: RuntimeWarning: Mean of empty slice.
  mse = float(((p - t) ** 2).mean())
/opt/anaconda3/envs/tf-ml-gpu/lib/python3.10/site-packages/numpy/core/_methods.py:129: RuntimeWarning: invalid value encountered in divide
  ret = ret.dtype.type(ret / rcount)
/Users/adityanagarsekar/Downloads/Courses/LOP_Snehanshu/FGBO/icbinb/train.py:36: RuntimeWarning: Mean of empty slice.
  mae = float(np.abs(p - t).mean())
/Users/adityanagarsekar/Downloads/Courses/LOP_Snehanshu/FGBO/icbinb/train.py:35: RuntimeWarning: Mean of empty slice.
  mse = float(((p - t) ** 2).mean())
/opt/anaconda3/envs/tf-ml-gpu/lib/python3.10/site-packages/numpy/core/_methods.py:129: RuntimeWarning: invalid value encountered in divide
  ret = ret.dtype.type(ret / rcount)
/Users/adityanagarsekar/Downloads/Courses/LOP_Snehanshu/FGBO/icbinb/train.py:36: RuntimeWarning: Mean of empty slice.
  mae = float(np.abs(p - t).mean())
/Users/adityanagarsekar/Downloads/Courses/LOP_Snehanshu/FGBO/icbinb/train.py:35: RuntimeWarning: Mean of empty slice.
  mse = float(((p - t) ** 2).mean())
/opt/anaconda3/envs/tf-ml-gpu/lib/python3.10/site-packages/numpy/core/_methods.py:129: RuntimeWarning: invalid value encountered in divide
  ret = ret.dtype.type(ret / rcount)
/Users/adityanagarsekar/Downloads/Courses/LOP_Snehanshu/FGBO/icbinb/train.py:36: RuntimeWarning: Mean of empty slice.
  mae = float(np.abs(p - t).mean())
/Users/adityanagarsekar/Downloads/Courses/LOP_Snehanshu/FGBO/icbinb/train.py:35: RuntimeWarning: Mean of empty slice.
  mse = float(((p - t) ** 2).mean())
/opt/anaconda3/envs/tf-ml-gpu/lib/python3.10/site-packages/numpy/core/_methods.py:129: RuntimeWarning: invalid value encountered in divide
  ret = ret.dtype.type(ret / rcount)
/Users/adityanagarsekar/Downloads/Courses/LOP_Snehanshu/FGBO/icbinb/train.py:36: RuntimeWarning: Mean of empty slice.
  mae = float(np.abs(p - t).mean())
/Users/adityanagarsekar/Downloads/Courses/LOP_Snehanshu/FGBO/icbinb/train.py:37: ConstantInputWarning: An input array is constant; the correlation coefficient is not defined.
  rho = float(spearmanr(p, t).statistic) if len(t) > 2 and np.std(p) > 0 else float("nan")
/Users/adityanagarsekar/Downloads/Courses/LOP_Snehanshu/FGBO/icbinb/train.py:35: RuntimeWarning: Mean of empty slice.
  mse = float(((p - t) ** 2).mean())
/opt/anaconda3/envs/tf-ml-gpu/lib/python3.10/site-packages/numpy/core/_methods.py:129: RuntimeWarning: invalid value encountered in divide
  ret = ret.dtype.type(ret / rcount)
/Users/adityanagarsekar/Downloads/Courses/LOP_Snehanshu/FGBO/icbinb/train.py:36: RuntimeWarning: Mean of empty slice.
  mae = float(np.abs(p - t).mean())
/Users/adityanagarsekar/Downloads/Courses/LOP_Snehanshu/FGBO/icbinb/train.py:35: RuntimeWarning: Mean of empty slice.
  mse = float(((p - t) ** 2).mean())
/opt/anaconda3/envs/tf-ml-gpu/lib/python3.10/site-packages/numpy/core/_methods.py:129: RuntimeWarning: invalid value encountered in divide
  ret = ret.dtype.type(ret / rcount)
/Users/adityanagarsekar/Downloads/Courses/LOP_Snehanshu/FGBO/icbinb/train.py:36: RuntimeWarning: Mean of empty slice.
  mae = float(np.abs(p - t).mean())
/Users/adityanagarsekar/Downloads/Courses/LOP_Snehanshu/FGBO/icbinb/train.py:35: RuntimeWarning: Mean of empty slice.
  mse = float(((p - t) ** 2).mean())
/opt/anaconda3/envs/tf-ml-gpu/lib/python3.10/site-packages/numpy/core/_methods.py:129: RuntimeWarning: invalid value encountered in divide
  ret = ret.dtype.type(ret / rcount)
/Users/adityanagarsekar/Downloads/Courses/LOP_Snehanshu/FGBO/icbinb/train.py:36: RuntimeWarning: Mean of empty slice.
  mae = float(np.abs(p - t).mean())
/Users/adityanagarsekar/Downloads/Courses/LOP_Snehanshu/FGBO/icbinb/train.py:35: RuntimeWarning: Mean of empty slice.
  mse = float(((p - t) ** 2).mean())
/opt/anaconda3/envs/tf-ml-gpu/lib/python3.10/site-packages/numpy/core/_methods.py:129: RuntimeWarning: invalid value encountered in divide
  ret = ret.dtype.type(ret / rcount)
/Users/adityanagarsekar/Downloads/Courses/LOP_Snehanshu/FGBO/icbinb/train.py:36: RuntimeWarning: Mean of empty slice.
  mae = float(np.abs(p - t).mean())
/Users/adityanagarsekar/Downloads/Courses/LOP_Snehanshu/FGBO/icbinb/train.py:35: RuntimeWarning: Mean of empty slice.
  mse = float(((p - t) ** 2).mean())
/opt/anaconda3/envs/tf-ml-gpu/lib/python3.10/site-packages/numpy/core/_methods.py:129: RuntimeWarning: invalid value encountered in divide
  ret = ret.dtype.type(ret / rcount)
/Users/adityanagarsekar/Downloads/Courses/LOP_Snehanshu/FGBO/icbinb/train.py:36: RuntimeWarning: Mean of empty slice.
  mae = float(np.abs(p - t).mean())
/Users/adityanagarsekar/Downloads/Courses/LOP_Snehanshu/FGBO/icbinb/train.py:35: RuntimeWarning: Mean of empty slice.
  mse = float(((p - t) ** 2).mean())
/opt/anaconda3/envs/tf-ml-gpu/lib/python3.10/site-packages/numpy/core/_methods.py:129: RuntimeWarning: invalid value encountered in divide
  ret = ret.dtype.type(ret / rcount)
/Users/adityanagarsekar/Downloads/Courses/LOP_Snehanshu/FGBO/icbinb/train.py:36: RuntimeWarning: Mean of empty slice.
  mae = float(np.abs(p - t).mean())
/Users/adityanagarsekar/Downloads/Courses/LOP_Snehanshu/FGBO/icbinb/train.py:35: RuntimeWarning: Mean of empty slice.
  mse = float(((p - t) ** 2).mean())
/opt/anaconda3/envs/tf-ml-gpu/lib/python3.10/site-packages/numpy/core/_methods.py:129: RuntimeWarning: invalid value encountered in divide
  ret = ret.dtype.type(ret / rcount)
/Users/adityanagarsekar/Downloads/Courses/LOP_Snehanshu/FGBO/icbinb/train.py:36: RuntimeWarning: Mean of empty slice.
  mae = float(np.abs(p - t).mean())
  valfree_pool  amylase         outer006  48 rows   366.6s
/Users/adityanagarsekar/Downloads/Courses/LOP_Snehanshu/FGBO/icbinb/train.py:35: RuntimeWarning: Mean of empty slice.
  mse = float(((p - t) ** 2).mean())
/opt/anaconda3/envs/tf-ml-gpu/lib/python3.10/site-packages/numpy/core/_methods.py:129: RuntimeWarning: invalid value encountered in divide
  ret = ret.dtype.type(ret / rcount)
/Users/adityanagarsekar/Downloads/Courses/LOP_Snehanshu/FGBO/icbinb/train.py:36: RuntimeWarning: Mean of empty slice.
  mae = float(np.abs(p - t).mean())
/Users/adityanagarsekar/Downloads/Courses/LOP_Snehanshu/FGBO/icbinb/train.py:35: RuntimeWarning: Mean of empty slice.
  mse = float(((p - t) ** 2).mean())
/opt/anaconda3/envs/tf-ml-gpu/lib/python3.10/site-packages/numpy/core/_methods.py:129: RuntimeWarning: invalid value encountered in divide
  ret = ret.dtype.type(ret / rcount)
/Users/adityanagarsekar/Downloads/Courses/LOP_Snehanshu/FGBO/icbinb/train.py:36: RuntimeWarning: Mean of empty slice.
  mae = float(np.abs(p - t).mean())
/Users/adityanagarsekar/Downloads/Courses/LOP_Snehanshu/FGBO/icbinb/train.py:35: RuntimeWarning: Mean of empty slice.
  mse = float(((p - t) ** 2).mean())
/opt/anaconda3/envs/tf-ml-gpu/lib/python3.10/site-packages/numpy/core/_methods.py:129: RuntimeWarning: invalid value encountered in divide
  ret = ret.dtype.type(ret / rcount)
/Users/adityanagarsekar/Downloads/Courses/LOP_Snehanshu/FGBO/icbinb/train.py:36: RuntimeWarning: Mean of empty slice.
  mae = float(np.abs(p - t).mean())
/Users/adityanagarsekar/Downloads/Courses/LOP_Snehanshu/FGBO/icbinb/train.py:35: RuntimeWarning: Mean of empty slice.
  mse = float(((p - t) ** 2).mean())
/opt/anaconda3/envs/tf-ml-gpu/lib/python3.10/site-packages/numpy/core/_methods.py:129: RuntimeWarning: invalid value encountered in divide
  ret = ret.dtype.type(ret / rcount)
/Users/adityanagarsekar/Downloads/Courses/LOP_Snehanshu/FGBO/icbinb/train.py:36: RuntimeWarning: Mean of empty slice.
  mae = float(np.abs(p - t).mean())
/Users/adityanagarsekar/Downloads/Courses/LOP_Snehanshu/FGBO/icbinb/train.py:35: RuntimeWarning: Mean of empty slice.
  mse = float(((p - t) ** 2).mean())
/opt/anaconda3/envs/tf-ml-gpu/lib/python3.10/site-packages/numpy/core/_methods.py:129: RuntimeWarning: invalid value encountered in divide
  ret = ret.dtype.type(ret / rcount)
/Users/adityanagarsekar/Downloads/Courses/LOP_Snehanshu/FGBO/icbinb/train.py:36: RuntimeWarning: Mean of empty slice.
  mae = float(np.abs(p - t).mean())
/Users/adityanagarsekar/Downloads/Courses/LOP_Snehanshu/FGBO/icbinb/train.py:35: RuntimeWarning: Mean of empty slice.
  mse = float(((p - t) ** 2).mean())
/opt/anaconda3/envs/tf-ml-gpu/lib/python3.10/site-packages/numpy/core/_methods.py:129: RuntimeWarning: invalid value encountered in divide
  ret = ret.dtype.type(ret / rcount)
/Users/adityanagarsekar/Downloads/Courses/LOP_Snehanshu/FGBO/icbinb/train.py:36: RuntimeWarning: Mean of empty slice.
  mae = float(np.abs(p - t).mean())
/Users/adityanagarsekar/Downloads/Courses/LOP_Snehanshu/FGBO/icbinb/train.py:37: ConstantInputWarning: An input array is constant; the correlation coefficient is not defined.
  rho = float(spearmanr(p, t).statistic) if len(t) > 2 and np.std(p) > 0 else float("nan")
/Users/adityanagarsekar/Downloads/Courses/LOP_Snehanshu/FGBO/icbinb/train.py:35: RuntimeWarning: Mean of empty slice.
  mse = float(((p - t) ** 2).mean())
/opt/anaconda3/envs/tf-ml-gpu/lib/python3.10/site-packages/numpy/core/_methods.py:129: RuntimeWarning: invalid value encountered in divide
  ret = ret.dtype.type(ret / rcount)
/Users/adityanagarsekar/Downloads/Courses/LOP_Snehanshu/FGBO/icbinb/train.py:36: RuntimeWarning: Mean of empty slice.
  mae = float(np.abs(p - t).mean())
/Users/adityanagarsekar/Downloads/Courses/LOP_Snehanshu/FGBO/icbinb/train.py:35: RuntimeWarning: Mean of empty slice.
  mse = float(((p - t) ** 2).mean())
/opt/anaconda3/envs/tf-ml-gpu/lib/python3.10/site-packages/numpy/core/_methods.py:129: RuntimeWarning: invalid value encountered in divide
  ret = ret.dtype.type(ret / rcount)
/Users/adityanagarsekar/Downloads/Courses/LOP_Snehanshu/FGBO/icbinb/train.py:36: RuntimeWarning: Mean of empty slice.
  mae = float(np.abs(p - t).mean())
/Users/adityanagarsekar/Downloads/Courses/LOP_Snehanshu/FGBO/icbinb/train.py:35: RuntimeWarning: Mean of empty slice.
  mse = float(((p - t) ** 2).mean())
/opt/anaconda3/envs/tf-ml-gpu/lib/python3.10/site-packages/numpy/core/_methods.py:129: RuntimeWarning: invalid value encountered in divide
  ret = ret.dtype.type(ret / rcount)
/Users/adityanagarsekar/Downloads/Courses/LOP_Snehanshu/FGBO/icbinb/train.py:36: RuntimeWarning: Mean of empty slice.
  mae = float(np.abs(p - t).mean())
/Users/adityanagarsekar/Downloads/Courses/LOP_Snehanshu/FGBO/icbinb/train.py:35: RuntimeWarning: Mean of empty slice.
  mse = float(((p - t) ** 2).mean())
/opt/anaconda3/envs/tf-ml-gpu/lib/python3.10/site-packages/numpy/core/_methods.py:129: RuntimeWarning: invalid value encountered in divide
  ret = ret.dtype.type(ret / rcount)
/Users/adityanagarsekar/Downloads/Courses/LOP_Snehanshu/FGBO/icbinb/train.py:36: RuntimeWarning: Mean of empty slice.
  mae = float(np.abs(p - t).mean())
/Users/adityanagarsekar/Downloads/Courses/LOP_Snehanshu/FGBO/icbinb/train.py:35: RuntimeWarning: Mean of empty slice.
  mse = float(((p - t) ** 2).mean())
/opt/anaconda3/envs/tf-ml-gpu/lib/python3.10/site-packages/numpy/core/_methods.py:129: RuntimeWarning: invalid value encountered in divide
  ret = ret.dtype.type(ret / rcount)
/Users/adityanagarsekar/Downloads/Courses/LOP_Snehanshu/FGBO/icbinb/train.py:36: RuntimeWarning: Mean of empty slice.
  mae = float(np.abs(p - t).mean())
/Users/adityanagarsekar/Downloads/Courses/LOP_Snehanshu/FGBO/icbinb/train.py:35: RuntimeWarning: Mean of empty slice.
  mse = float(((p - t) ** 2).mean())
/opt/anaconda3/envs/tf-ml-gpu/lib/python3.10/site-packages/numpy/core/_methods.py:129: RuntimeWarning: invalid value encountered in divide
  ret = ret.dtype.type(ret / rcount)
/Users/adityanagarsekar/Downloads/Courses/LOP_Snehanshu/FGBO/icbinb/train.py:36: RuntimeWarning: Mean of empty slice.
  mae = float(np.abs(p - t).mean())
/Users/adityanagarsekar/Downloads/Courses/LOP_Snehanshu/FGBO/icbinb/train.py:37: ConstantInputWarning: An input array is constant; the correlation coefficient is not defined.
  rho = float(spearmanr(p, t).statistic) if len(t) > 2 and np.std(p) > 0 else float("nan")
/Users/adityanagarsekar/Downloads/Courses/LOP_Snehanshu/FGBO/icbinb/train.py:35: RuntimeWarning: Mean of empty slice.
  mse = float(((p - t) ** 2).mean())
/opt/anaconda3/envs/tf-ml-gpu/lib/python3.10/site-packages/numpy/core/_methods.py:129: RuntimeWarning: invalid value encountered in divide
  ret = ret.dtype.type(ret / rcount)
/Users/adityanagarsekar/Downloads/Courses/LOP_Snehanshu/FGBO/icbinb/train.py:36: RuntimeWarning: Mean of empty slice.
  mae = float(np.abs(p - t).mean())
/Users/adityanagarsekar/Downloads/Courses/LOP_Snehanshu/FGBO/icbinb/train.py:35: RuntimeWarning: Mean of empty slice.
  mse = float(((p - t) ** 2).mean())
/opt/anaconda3/envs/tf-ml-gpu/lib/python3.10/site-packages/numpy/core/_methods.py:129: RuntimeWarning: invalid value encountered in divide
  ret = ret.dtype.type(ret / rcount)
/Users/adityanagarsekar/Downloads/Courses/LOP_Snehanshu/FGBO/icbinb/train.py:36: RuntimeWarning: Mean of empty slice.
  mae = float(np.abs(p - t).mean())
/Users/adityanagarsekar/Downloads/Courses/LOP_Snehanshu/FGBO/icbinb/train.py:35: RuntimeWarning: Mean of empty slice.
  mse = float(((p - t) ** 2).mean())
/opt/anaconda3/envs/tf-ml-gpu/lib/python3.10/site-packages/numpy/core/_methods.py:129: RuntimeWarning: invalid value encountered in divide
  ret = ret.dtype.type(ret / rcount)
/Users/adityanagarsekar/Downloads/Courses/LOP_Snehanshu/FGBO/icbinb/train.py:36: RuntimeWarning: Mean of empty slice.
  mae = float(np.abs(p - t).mean())
/Users/adityanagarsekar/Downloads/Courses/LOP_Snehanshu/FGBO/icbinb/train.py:35: RuntimeWarning: Mean of empty slice.
  mse = float(((p - t) ** 2).mean())
/opt/anaconda3/envs/tf-ml-gpu/lib/python3.10/site-packages/numpy/core/_methods.py:129: RuntimeWarning: invalid value encountered in divide
  ret = ret.dtype.type(ret / rcount)
/Users/adityanagarsekar/Downloads/Courses/LOP_Snehanshu/FGBO/icbinb/train.py:36: RuntimeWarning: Mean of empty slice.
  mae = float(np.abs(p - t).mean())
/Users/adityanagarsekar/Downloads/Courses/LOP_Snehanshu/FGBO/icbinb/train.py:35: RuntimeWarning: Mean of empty slice.
  mse = float(((p - t) ** 2).mean())
/opt/anaconda3/envs/tf-ml-gpu/lib/python3.10/site-packages/numpy/core/_methods.py:129: RuntimeWarning: invalid value encountered in divide
  ret = ret.dtype.type(ret / rcount)
/Users/adityanagarsekar/Downloads/Courses/LOP_Snehanshu/FGBO/icbinb/train.py:36: RuntimeWarning: Mean of empty slice.
  mae = float(np.abs(p - t).mean())
/Users/adityanagarsekar/Downloads/Courses/LOP_Snehanshu/FGBO/icbinb/train.py:35: RuntimeWarning: Mean of empty slice.
  mse = float(((p - t) ** 2).mean())
/opt/anaconda3/envs/tf-ml-gpu/lib/python3.10/site-packages/numpy/core/_methods.py:129: RuntimeWarning: invalid value encountered in divide
  ret = ret.dtype.type(ret / rcount)
/Users/adityanagarsekar/Downloads/Courses/LOP_Snehanshu/FGBO/icbinb/train.py:36: RuntimeWarning: Mean of empty slice.
  mae = float(np.abs(p - t).mean())
/Users/adityanagarsekar/Downloads/Courses/LOP_Snehanshu/FGBO/icbinb/train.py:37: ConstantInputWarning: An input array is constant; the correlation coefficient is not defined.
  rho = float(spearmanr(p, t).statistic) if len(t) > 2 and np.std(p) > 0 else float("nan")
/Users/adityanagarsekar/Downloads/Courses/LOP_Snehanshu/FGBO/icbinb/train.py:35: RuntimeWarning: Mean of empty slice.
  mse = float(((p - t) ** 2).mean())
/opt/anaconda3/envs/tf-ml-gpu/lib/python3.10/site-packages/numpy/core/_methods.py:129: RuntimeWarning: invalid value encountered in divide
  ret = ret.dtype.type(ret / rcount)
/Users/adityanagarsekar/Downloads/Courses/LOP_Snehanshu/FGBO/icbinb/train.py:36: RuntimeWarning: Mean of empty slice.
  mae = float(np.abs(p - t).mean())
/Users/adityanagarsekar/Downloads/Courses/LOP_Snehanshu/FGBO/icbinb/train.py:35: RuntimeWarning: Mean of empty slice.
  mse = float(((p - t) ** 2).mean())
/opt/anaconda3/envs/tf-ml-gpu/lib/python3.10/site-packages/numpy/core/_methods.py:129: RuntimeWarning: invalid value encountered in divide
  ret = ret.dtype.type(ret / rcount)
/Users/adityanagarsekar/Downloads/Courses/LOP_Snehanshu/FGBO/icbinb/train.py:36: RuntimeWarning: Mean of empty slice.
  mae = float(np.abs(p - t).mean())
/Users/adityanagarsekar/Downloads/Courses/LOP_Snehanshu/FGBO/icbinb/train.py:35: RuntimeWarning: Mean of empty slice.
  mse = float(((p - t) ** 2).mean())
/opt/anaconda3/envs/tf-ml-gpu/lib/python3.10/site-packages/numpy/core/_methods.py:129: RuntimeWarning: invalid value encountered in divide
  ret = ret.dtype.type(ret / rcount)
/Users/adityanagarsekar/Downloads/Courses/LOP_Snehanshu/FGBO/icbinb/train.py:36: RuntimeWarning: Mean of empty slice.
  mae = float(np.abs(p - t).mean())
/Users/adityanagarsekar/Downloads/Courses/LOP_Snehanshu/FGBO/icbinb/train.py:35: RuntimeWarning: Mean of empty slice.
  mse = float(((p - t) ** 2).mean())
/opt/anaconda3/envs/tf-ml-gpu/lib/python3.10/site-packages/numpy/core/_methods.py:129: RuntimeWarning: invalid value encountered in divide
  ret = ret.dtype.type(ret / rcount)
/Users/adityanagarsekar/Downloads/Courses/LOP_Snehanshu/FGBO/icbinb/train.py:36: RuntimeWarning: Mean of empty slice.
  mae = float(np.abs(p - t).mean())
/Users/adityanagarsekar/Downloads/Courses/LOP_Snehanshu/FGBO/icbinb/train.py:35: RuntimeWarning: Mean of empty slice.
  mse = float(((p - t) ** 2).mean())
/opt/anaconda3/envs/tf-ml-gpu/lib/python3.10/site-packages/numpy/core/_methods.py:129: RuntimeWarning: invalid value encountered in divide
  ret = ret.dtype.type(ret / rcount)
/Users/adityanagarsekar/Downloads/Courses/LOP_Snehanshu/FGBO/icbinb/train.py:36: RuntimeWarning: Mean of empty slice.
  mae = float(np.abs(p - t).mean())
/Users/adityanagarsekar/Downloads/Courses/LOP_Snehanshu/FGBO/icbinb/train.py:35: RuntimeWarning: Mean of empty slice.
  mse = float(((p - t) ** 2).mean())
/opt/anaconda3/envs/tf-ml-gpu/lib/python3.10/site-packages/numpy/core/_methods.py:129: RuntimeWarning: invalid value encountered in divide
  ret = ret.dtype.type(ret / rcount)
/Users/adityanagarsekar/Downloads/Courses/LOP_Snehanshu/FGBO/icbinb/train.py:36: RuntimeWarning: Mean of empty slice.
  mae = float(np.abs(p - t).mean())
/Users/adityanagarsekar/Downloads/Courses/LOP_Snehanshu/FGBO/icbinb/train.py:35: RuntimeWarning: Mean of empty slice.
  mse = float(((p - t) ** 2).mean())
/opt/anaconda3/envs/tf-ml-gpu/lib/python3.10/site-packages/numpy/core/_methods.py:129: RuntimeWarning: invalid value encountered in divide
  ret = ret.dtype.type(ret / rcount)
/Users/adityanagarsekar/Downloads/Courses/LOP_Snehanshu/FGBO/icbinb/train.py:36: RuntimeWarning: Mean of empty slice.
  mae = float(np.abs(p - t).mean())
/Users/adityanagarsekar/Downloads/Courses/LOP_Snehanshu/FGBO/icbinb/train.py:35: RuntimeWarning: Mean of empty slice.
  mse = float(((p - t) ** 2).mean())
/opt/anaconda3/envs/tf-ml-gpu/lib/python3.10/site-packages/numpy/core/_methods.py:129: RuntimeWarning: invalid value encountered in divide
  ret = ret.dtype.type(ret / rcount)
/Users/adityanagarsekar/Downloads/Courses/LOP_Snehanshu/FGBO/icbinb/train.py:36: RuntimeWarning: Mean of empty slice.
  mae = float(np.abs(p - t).mean())
/Users/adityanagarsekar/Downloads/Courses/LOP_Snehanshu/FGBO/icbinb/train.py:35: RuntimeWarning: Mean of empty slice.
  mse = float(((p - t) ** 2).mean())
/opt/anaconda3/envs/tf-ml-gpu/lib/python3.10/site-packages/numpy/core/_methods.py:129: RuntimeWarning: invalid value encountered in divide
  ret = ret.dtype.type(ret / rcount)
/Users/adityanagarsekar/Downloads/Courses/LOP_Snehanshu/FGBO/icbinb/train.py:36: RuntimeWarning: Mean of empty slice.
  mae = float(np.abs(p - t).mean())
/Users/adityanagarsekar/Downloads/Courses/LOP_Snehanshu/FGBO/icbinb/train.py:35: RuntimeWarning: Mean of empty slice.
  mse = float(((p - t) ** 2).mean())
/opt/anaconda3/envs/tf-ml-gpu/lib/python3.10/site-packages/numpy/core/_methods.py:129: RuntimeWarning: invalid value encountered in divide
  ret = ret.dtype.type(ret / rcount)
/Users/adityanagarsekar/Downloads/Courses/LOP_Snehanshu/FGBO/icbinb/train.py:36: RuntimeWarning: Mean of empty slice.
  mae = float(np.abs(p - t).mean())
/Users/adityanagarsekar/Downloads/Courses/LOP_Snehanshu/FGBO/icbinb/train.py:35: RuntimeWarning: Mean of empty slice.
  mse = float(((p - t) ** 2).mean())
/opt/anaconda3/envs/tf-ml-gpu/lib/python3.10/site-packages/numpy/core/_methods.py:129: RuntimeWarning: invalid value encountered in divide
  ret = ret.dtype.type(ret / rcount)
/Users/adityanagarsekar/Downloads/Courses/LOP_Snehanshu/FGBO/icbinb/train.py:36: RuntimeWarning: Mean of empty slice.
  mae = float(np.abs(p - t).mean())
/Users/adityanagarsekar/Downloads/Courses/LOP_Snehanshu/FGBO/icbinb/train.py:37: ConstantInputWarning: An input array is constant; the correlation coefficient is not defined.
  rho = float(spearmanr(p, t).statistic) if len(t) > 2 and np.std(p) > 0 else float("nan")
/Users/adityanagarsekar/Downloads/Courses/LOP_Snehanshu/FGBO/icbinb/train.py:35: RuntimeWarning: Mean of empty slice.
  mse = float(((p - t) ** 2).mean())
/opt/anaconda3/envs/tf-ml-gpu/lib/python3.10/site-packages/numpy/core/_methods.py:129: RuntimeWarning: invalid value encountered in divide
  ret = ret.dtype.type(ret / rcount)
/Users/adityanagarsekar/Downloads/Courses/LOP_Snehanshu/FGBO/icbinb/train.py:36: RuntimeWarning: Mean of empty slice.
  mae = float(np.abs(p - t).mean())
/Users/adityanagarsekar/Downloads/Courses/LOP_Snehanshu/FGBO/icbinb/train.py:37: ConstantInputWarning: An input array is constant; the correlation coefficient is not defined.
  rho = float(spearmanr(p, t).statistic) if len(t) > 2 and np.std(p) > 0 else float("nan")
/Users/adityanagarsekar/Downloads/Courses/LOP_Snehanshu/FGBO/icbinb/train.py:35: RuntimeWarning: Mean of empty slice.
  mse = float(((p - t) ** 2).mean())
/opt/anaconda3/envs/tf-ml-gpu/lib/python3.10/site-packages/numpy/core/_methods.py:129: RuntimeWarning: invalid value encountered in divide
  ret = ret.dtype.type(ret / rcount)
/Users/adityanagarsekar/Downloads/Courses/LOP_Snehanshu/FGBO/icbinb/train.py:36: RuntimeWarning: Mean of empty slice.
  mae = float(np.abs(p - t).mean())
/Users/adityanagarsekar/Downloads/Courses/LOP_Snehanshu/FGBO/icbinb/train.py:37: ConstantInputWarning: An input array is constant; the correlation coefficient is not defined.
  rho = float(spearmanr(p, t).statistic) if len(t) > 2 and np.std(p) > 0 else float("nan")
/Users/adityanagarsekar/Downloads/Courses/LOP_Snehanshu/FGBO/icbinb/train.py:35: RuntimeWarning: Mean of empty slice.
  mse = float(((p - t) ** 2).mean())
/opt/anaconda3/envs/tf-ml-gpu/lib/python3.10/site-packages/numpy/core/_methods.py:129: RuntimeWarning: invalid value encountered in divide
  ret = ret.dtype.type(ret / rcount)
/Users/adityanagarsekar/Downloads/Courses/LOP_Snehanshu/FGBO/icbinb/train.py:36: RuntimeWarning: Mean of empty slice.
  mae = float(np.abs(p - t).mean())
/Users/adityanagarsekar/Downloads/Courses/LOP_Snehanshu/FGBO/icbinb/train.py:37: ConstantInputWarning: An input array is constant; the correlation coefficient is not defined.
  rho = float(spearmanr(p, t).statistic) if len(t) > 2 and np.std(p) > 0 else float("nan")
/Users/adityanagarsekar/Downloads/Courses/LOP_Snehanshu/FGBO/icbinb/train.py:35: RuntimeWarning: Mean of empty slice.
  mse = float(((p - t) ** 2).mean())
/opt/anaconda3/envs/tf-ml-gpu/lib/python3.10/site-packages/numpy/core/_methods.py:129: RuntimeWarning: invalid value encountered in divide
  ret = ret.dtype.type(ret / rcount)
/Users/adityanagarsekar/Downloads/Courses/LOP_Snehanshu/FGBO/icbinb/train.py:36: RuntimeWarning: Mean of empty slice.
  mae = float(np.abs(p - t).mean())
/Users/adityanagarsekar/Downloads/Courses/LOP_Snehanshu/FGBO/icbinb/train.py:35: RuntimeWarning: Mean of empty slice.
  mse = float(((p - t) ** 2).mean())
/opt/anaconda3/envs/tf-ml-gpu/lib/python3.10/site-packages/numpy/core/_methods.py:129: RuntimeWarning: invalid value encountered in divide
  ret = ret.dtype.type(ret / rcount)
/Users/adityanagarsekar/Downloads/Courses/LOP_Snehanshu/FGBO/icbinb/train.py:36: RuntimeWarning: Mean of empty slice.
  mae = float(np.abs(p - t).mean())
/Users/adityanagarsekar/Downloads/Courses/LOP_Snehanshu/FGBO/icbinb/train.py:37: ConstantInputWarning: An input array is constant; the correlation coefficient is not defined.
  rho = float(spearmanr(p, t).statistic) if len(t) > 2 and np.std(p) > 0 else float("nan")
/Users/adityanagarsekar/Downloads/Courses/LOP_Snehanshu/FGBO/icbinb/train.py:35: RuntimeWarning: Mean of empty slice.
  mse = float(((p - t) ** 2).mean())
/opt/anaconda3/envs/tf-ml-gpu/lib/python3.10/site-packages/numpy/core/_methods.py:129: RuntimeWarning: invalid value encountered in divide
  ret = ret.dtype.type(ret / rcount)
/Users/adityanagarsekar/Downloads/Courses/LOP_Snehanshu/FGBO/icbinb/train.py:36: RuntimeWarning: Mean of empty slice.
  mae = float(np.abs(p - t).mean())
/Users/adityanagarsekar/Downloads/Courses/LOP_Snehanshu/FGBO/icbinb/train.py:37: ConstantInputWarning: An input array is constant; the correlation coefficient is not defined.
  rho = float(spearmanr(p, t).statistic) if len(t) > 2 and np.std(p) > 0 else float("nan")
/Users/adityanagarsekar/Downloads/Courses/LOP_Snehanshu/FGBO/icbinb/train.py:35: RuntimeWarning: Mean of empty slice.
  mse = float(((p - t) ** 2).mean())
/opt/anaconda3/envs/tf-ml-gpu/lib/python3.10/site-packages/numpy/core/_methods.py:129: RuntimeWarning: invalid value encountered in divide
  ret = ret.dtype.type(ret / rcount)
/Users/adityanagarsekar/Downloads/Courses/LOP_Snehanshu/FGBO/icbinb/train.py:36: RuntimeWarning: Mean of empty slice.
  mae = float(np.abs(p - t).mean())
/Users/adityanagarsekar/Downloads/Courses/LOP_Snehanshu/FGBO/icbinb/train.py:35: RuntimeWarning: Mean of empty slice.
  mse = float(((p - t) ** 2).mean())
/opt/anaconda3/envs/tf-ml-gpu/lib/python3.10/site-packages/numpy/core/_methods.py:129: RuntimeWarning: invalid value encountered in divide
  ret = ret.dtype.type(ret / rcount)
/Users/adityanagarsekar/Downloads/Courses/LOP_Snehanshu/FGBO/icbinb/train.py:36: RuntimeWarning: Mean of empty slice.
  mae = float(np.abs(p - t).mean())
/Users/adityanagarsekar/Downloads/Courses/LOP_Snehanshu/FGBO/icbinb/train.py:35: RuntimeWarning: Mean of empty slice.
  mse = float(((p - t) ** 2).mean())
/opt/anaconda3/envs/tf-ml-gpu/lib/python3.10/site-packages/numpy/core/_methods.py:129: RuntimeWarning: invalid value encountered in divide
  ret = ret.dtype.type(ret / rcount)
/Users/adityanagarsekar/Downloads/Courses/LOP_Snehanshu/FGBO/icbinb/train.py:36: RuntimeWarning: Mean of empty slice.
  mae = float(np.abs(p - t).mean())
/Users/adityanagarsekar/Downloads/Courses/LOP_Snehanshu/FGBO/icbinb/train.py:35: RuntimeWarning: Mean of empty slice.
  mse = float(((p - t) ** 2).mean())
/opt/anaconda3/envs/tf-ml-gpu/lib/python3.10/site-packages/numpy/core/_methods.py:129: RuntimeWarning: invalid value encountered in divide
  ret = ret.dtype.type(ret / rcount)
/Users/adityanagarsekar/Downloads/Courses/LOP_Snehanshu/FGBO/icbinb/train.py:36: RuntimeWarning: Mean of empty slice.
  mae = float(np.abs(p - t).mean())
/Users/adityanagarsekar/Downloads/Courses/LOP_Snehanshu/FGBO/icbinb/train.py:35: RuntimeWarning: Mean of empty slice.
  mse = float(((p - t) ** 2).mean())
/opt/anaconda3/envs/tf-ml-gpu/lib/python3.10/site-packages/numpy/core/_methods.py:129: RuntimeWarning: invalid value encountered in divide
  ret = ret.dtype.type(ret / rcount)
/Users/adityanagarsekar/Downloads/Courses/LOP_Snehanshu/FGBO/icbinb/train.py:36: RuntimeWarning: Mean of empty slice.
  mae = float(np.abs(p - t).mean())
/Users/adityanagarsekar/Downloads/Courses/LOP_Snehanshu/FGBO/icbinb/train.py:35: RuntimeWarning: Mean of empty slice.
  mse = float(((p - t) ** 2).mean())
/opt/anaconda3/envs/tf-ml-gpu/lib/python3.10/site-packages/numpy/core/_methods.py:129: RuntimeWarning: invalid value encountered in divide
  ret = ret.dtype.type(ret / rcount)
/Users/adityanagarsekar/Downloads/Courses/LOP_Snehanshu/FGBO/icbinb/train.py:36: RuntimeWarning: Mean of empty slice.
  mae = float(np.abs(p - t).mean())
/Users/adityanagarsekar/Downloads/Courses/LOP_Snehanshu/FGBO/icbinb/train.py:35: RuntimeWarning: Mean of empty slice.
  mse = float(((p - t) ** 2).mean())
/opt/anaconda3/envs/tf-ml-gpu/lib/python3.10/site-packages/numpy/core/_methods.py:129: RuntimeWarning: invalid value encountered in divide
  ret = ret.dtype.type(ret / rcount)
/Users/adityanagarsekar/Downloads/Courses/LOP_Snehanshu/FGBO/icbinb/train.py:36: RuntimeWarning: Mean of empty slice.
  mae = float(np.abs(p - t).mean())
/Users/adityanagarsekar/Downloads/Courses/LOP_Snehanshu/FGBO/icbinb/train.py:35: RuntimeWarning: Mean of empty slice.
  mse = float(((p - t) ** 2).mean())
/opt/anaconda3/envs/tf-ml-gpu/lib/python3.10/site-packages/numpy/core/_methods.py:129: RuntimeWarning: invalid value encountered in divide
  ret = ret.dtype.type(ret / rcount)
/Users/adityanagarsekar/Downloads/Courses/LOP_Snehanshu/FGBO/icbinb/train.py:36: RuntimeWarning: Mean of empty slice.
  mae = float(np.abs(p - t).mean())
/Users/adityanagarsekar/Downloads/Courses/LOP_Snehanshu/FGBO/icbinb/train.py:37: ConstantInputWarning: An input array is constant; the correlation coefficient is not defined.
  rho = float(spearmanr(p, t).statistic) if len(t) > 2 and np.std(p) > 0 else float("nan")
/Users/adityanagarsekar/Downloads/Courses/LOP_Snehanshu/FGBO/icbinb/train.py:35: RuntimeWarning: Mean of empty slice.
  mse = float(((p - t) ** 2).mean())
/opt/anaconda3/envs/tf-ml-gpu/lib/python3.10/site-packages/numpy/core/_methods.py:129: RuntimeWarning: invalid value encountered in divide
  ret = ret.dtype.type(ret / rcount)
/Users/adityanagarsekar/Downloads/Courses/LOP_Snehanshu/FGBO/icbinb/train.py:36: RuntimeWarning: Mean of empty slice.
  mae = float(np.abs(p - t).mean())
/Users/adityanagarsekar/Downloads/Courses/LOP_Snehanshu/FGBO/icbinb/train.py:35: RuntimeWarning: Mean of empty slice.
  mse = float(((p - t) ** 2).mean())
/opt/anaconda3/envs/tf-ml-gpu/lib/python3.10/site-packages/numpy/core/_methods.py:129: RuntimeWarning: invalid value encountered in divide
  ret = ret.dtype.type(ret / rcount)
/Users/adityanagarsekar/Downloads/Courses/LOP_Snehanshu/FGBO/icbinb/train.py:36: RuntimeWarning: Mean of empty slice.
  mae = float(np.abs(p - t).mean())
/Users/adityanagarsekar/Downloads/Courses/LOP_Snehanshu/FGBO/icbinb/train.py:37: ConstantInputWarning: An input array is constant; the correlation coefficient is not defined.
  rho = float(spearmanr(p, t).statistic) if len(t) > 2 and np.std(p) > 0 else float("nan")
/Users/adityanagarsekar/Downloads/Courses/LOP_Snehanshu/FGBO/icbinb/train.py:35: RuntimeWarning: Mean of empty slice.
  mse = float(((p - t) ** 2).mean())
/opt/anaconda3/envs/tf-ml-gpu/lib/python3.10/site-packages/numpy/core/_methods.py:129: RuntimeWarning: invalid value encountered in divide
  ret = ret.dtype.type(ret / rcount)
/Users/adityanagarsekar/Downloads/Courses/LOP_Snehanshu/FGBO/icbinb/train.py:36: RuntimeWarning: Mean of empty slice.
  mae = float(np.abs(p - t).mean())
/Users/adityanagarsekar/Downloads/Courses/LOP_Snehanshu/FGBO/icbinb/train.py:35: RuntimeWarning: Mean of empty slice.
  mse = float(((p - t) ** 2).mean())
/opt/anaconda3/envs/tf-ml-gpu/lib/python3.10/site-packages/numpy/core/_methods.py:129: RuntimeWarning: invalid value encountered in divide
  ret = ret.dtype.type(ret / rcount)
/Users/adityanagarsekar/Downloads/Courses/LOP_Snehanshu/FGBO/icbinb/train.py:36: RuntimeWarning: Mean of empty slice.
  mae = float(np.abs(p - t).mean())
/Users/adityanagarsekar/Downloads/Courses/LOP_Snehanshu/FGBO/icbinb/train.py:35: RuntimeWarning: Mean of empty slice.
  mse = float(((p - t) ** 2).mean())
/opt/anaconda3/envs/tf-ml-gpu/lib/python3.10/site-packages/numpy/core/_methods.py:129: RuntimeWarning: invalid value encountered in divide
  ret = ret.dtype.type(ret / rcount)
/Users/adityanagarsekar/Downloads/Courses/LOP_Snehanshu/FGBO/icbinb/train.py:36: RuntimeWarning: Mean of empty slice.
  mae = float(np.abs(p - t).mean())
  valfree_pool  amylase         outer007  48 rows   365.7s
/Users/adityanagarsekar/Downloads/Courses/LOP_Snehanshu/FGBO/icbinb/train.py:37: ConstantInputWarning: An input array is constant; the correlation coefficient is not defined.
  rho = float(spearmanr(p, t).statistic) if len(t) > 2 and np.std(p) > 0 else float("nan")
/Users/adityanagarsekar/Downloads/Courses/LOP_Snehanshu/FGBO/icbinb/train.py:35: RuntimeWarning: Mean of empty slice.
  mse = float(((p - t) ** 2).mean())
/opt/anaconda3/envs/tf-ml-gpu/lib/python3.10/site-packages/numpy/core/_methods.py:129: RuntimeWarning: invalid value encountered in divide
  ret = ret.dtype.type(ret / rcount)
/Users/adityanagarsekar/Downloads/Courses/LOP_Snehanshu/FGBO/icbinb/train.py:36: RuntimeWarning: Mean of empty slice.
  mae = float(np.abs(p - t).mean())
/Users/adityanagarsekar/Downloads/Courses/LOP_Snehanshu/FGBO/icbinb/train.py:35: RuntimeWarning: Mean of empty slice.
  mse = float(((p - t) ** 2).mean())
/opt/anaconda3/envs/tf-ml-gpu/lib/python3.10/site-packages/numpy/core/_methods.py:129: RuntimeWarning: invalid value encountered in divide
  ret = ret.dtype.type(ret / rcount)
/Users/adityanagarsekar/Downloads/Courses/LOP_Snehanshu/FGBO/icbinb/train.py:36: RuntimeWarning: Mean of empty slice.
  mae = float(np.abs(p - t).mean())
/Users/adityanagarsekar/Downloads/Courses/LOP_Snehanshu/FGBO/icbinb/train.py:37: ConstantInputWarning: An input array is constant; the correlation coefficient is not defined.
  rho = float(spearmanr(p, t).statistic) if len(t) > 2 and np.std(p) > 0 else float("nan")
/Users/adityanagarsekar/Downloads/Courses/LOP_Snehanshu/FGBO/icbinb/train.py:37: ConstantInputWarning: An input array is constant; the correlation coefficient is not defined.
  rho = float(spearmanr(p, t).statistic) if len(t) > 2 and np.std(p) > 0 else float("nan")
/Users/adityanagarsekar/Downloads/Courses/LOP_Snehanshu/FGBO/icbinb/train.py:35: RuntimeWarning: Mean of empty slice.
  mse = float(((p - t) ** 2).mean())
/opt/anaconda3/envs/tf-ml-gpu/lib/python3.10/site-packages/numpy/core/_methods.py:129: RuntimeWarning: invalid value encountered in divide
  ret = ret.dtype.type(ret / rcount)
/Users/adityanagarsekar/Downloads/Courses/LOP_Snehanshu/FGBO/icbinb/train.py:36: RuntimeWarning: Mean of empty slice.
  mae = float(np.abs(p - t).mean())
/Users/adityanagarsekar/Downloads/Courses/LOP_Snehanshu/FGBO/icbinb/train.py:37: ConstantInputWarning: An input array is constant; the correlation coefficient is not defined.
  rho = float(spearmanr(p, t).statistic) if len(t) > 2 and np.std(p) > 0 else float("nan")
/Users/adityanagarsekar/Downloads/Courses/LOP_Snehanshu/FGBO/icbinb/train.py:35: RuntimeWarning: Mean of empty slice.
  mse = float(((p - t) ** 2).mean())
/opt/anaconda3/envs/tf-ml-gpu/lib/python3.10/site-packages/numpy/core/_methods.py:129: RuntimeWarning: invalid value encountered in divide
  ret = ret.dtype.type(ret / rcount)
/Users/adityanagarsekar/Downloads/Courses/LOP_Snehanshu/FGBO/icbinb/train.py:36: RuntimeWarning: Mean of empty slice.
  mae = float(np.abs(p - t).mean())
/Users/adityanagarsekar/Downloads/Courses/LOP_Snehanshu/FGBO/icbinb/train.py:35: RuntimeWarning: Mean of empty slice.
  mse = float(((p - t) ** 2).mean())
/opt/anaconda3/envs/tf-ml-gpu/lib/python3.10/site-packages/numpy/core/_methods.py:129: RuntimeWarning: invalid value encountered in divide
  ret = ret.dtype.type(ret / rcount)
/Users/adityanagarsekar/Downloads/Courses/LOP_Snehanshu/FGBO/icbinb/train.py:36: RuntimeWarning: Mean of empty slice.
  mae = float(np.abs(p - t).mean())
/Users/adityanagarsekar/Downloads/Courses/LOP_Snehanshu/FGBO/icbinb/train.py:37: ConstantInputWarning: An input array is constant; the correlation coefficient is not defined.
  rho = float(spearmanr(p, t).statistic) if len(t) > 2 and np.std(p) > 0 else float("nan")
/Users/adityanagarsekar/Downloads/Courses/LOP_Snehanshu/FGBO/icbinb/train.py:35: RuntimeWarning: Mean of empty slice.
  mse = float(((p - t) ** 2).mean())
/opt/anaconda3/envs/tf-ml-gpu/lib/python3.10/site-packages/numpy/core/_methods.py:129: RuntimeWarning: invalid value encountered in divide
  ret = ret.dtype.type(ret / rcount)
/Users/adityanagarsekar/Downloads/Courses/LOP_Snehanshu/FGBO/icbinb/train.py:36: RuntimeWarning: Mean of empty slice.
  mae = float(np.abs(p - t).mean())
/Users/adityanagarsekar/Downloads/Courses/LOP_Snehanshu/FGBO/icbinb/train.py:35: RuntimeWarning: Mean of empty slice.
  mse = float(((p - t) ** 2).mean())
/opt/anaconda3/envs/tf-ml-gpu/lib/python3.10/site-packages/numpy/core/_methods.py:129: RuntimeWarning: invalid value encountered in divide
  ret = ret.dtype.type(ret / rcount)
/Users/adityanagarsekar/Downloads/Courses/LOP_Snehanshu/FGBO/icbinb/train.py:36: RuntimeWarning: Mean of empty slice.
  mae = float(np.abs(p - t).mean())
/Users/adityanagarsekar/Downloads/Courses/LOP_Snehanshu/FGBO/icbinb/train.py:37: ConstantInputWarning: An input array is constant; the correlation coefficient is not defined.
  rho = float(spearmanr(p, t).statistic) if len(t) > 2 and np.std(p) > 0 else float("nan")
/Users/adityanagarsekar/Downloads/Courses/LOP_Snehanshu/FGBO/icbinb/train.py:35: RuntimeWarning: Mean of empty slice.
  mse = float(((p - t) ** 2).mean())
/opt/anaconda3/envs/tf-ml-gpu/lib/python3.10/site-packages/numpy/core/_methods.py:129: RuntimeWarning: invalid value encountered in divide
  ret = ret.dtype.type(ret / rcount)
/Users/adityanagarsekar/Downloads/Courses/LOP_Snehanshu/FGBO/icbinb/train.py:36: RuntimeWarning: Mean of empty slice.
  mae = float(np.abs(p - t).mean())
/Users/adityanagarsekar/Downloads/Courses/LOP_Snehanshu/FGBO/icbinb/train.py:35: RuntimeWarning: Mean of empty slice.
  mse = float(((p - t) ** 2).mean())
/opt/anaconda3/envs/tf-ml-gpu/lib/python3.10/site-packages/numpy/core/_methods.py:129: RuntimeWarning: invalid value encountered in divide
  ret = ret.dtype.type(ret / rcount)
/Users/adityanagarsekar/Downloads/Courses/LOP_Snehanshu/FGBO/icbinb/train.py:36: RuntimeWarning: Mean of empty slice.
  mae = float(np.abs(p - t).mean())
/Users/adityanagarsekar/Downloads/Courses/LOP_Snehanshu/FGBO/icbinb/train.py:37: ConstantInputWarning: An input array is constant; the correlation coefficient is not defined.
  rho = float(spearmanr(p, t).statistic) if len(t) > 2 and np.std(p) > 0 else float("nan")
/Users/adityanagarsekar/Downloads/Courses/LOP_Snehanshu/FGBO/icbinb/train.py:35: RuntimeWarning: Mean of empty slice.
  mse = float(((p - t) ** 2).mean())
/opt/anaconda3/envs/tf-ml-gpu/lib/python3.10/site-packages/numpy/core/_methods.py:129: RuntimeWarning: invalid value encountered in divide
  ret = ret.dtype.type(ret / rcount)
/Users/adityanagarsekar/Downloads/Courses/LOP_Snehanshu/FGBO/icbinb/train.py:36: RuntimeWarning: Mean of empty slice.
  mae = float(np.abs(p - t).mean())
/Users/adityanagarsekar/Downloads/Courses/LOP_Snehanshu/FGBO/icbinb/train.py:35: RuntimeWarning: Mean of empty slice.
  mse = float(((p - t) ** 2).mean())
/opt/anaconda3/envs/tf-ml-gpu/lib/python3.10/site-packages/numpy/core/_methods.py:129: RuntimeWarning: invalid value encountered in divide
  ret = ret.dtype.type(ret / rcount)
/Users/adityanagarsekar/Downloads/Courses/LOP_Snehanshu/FGBO/icbinb/train.py:36: RuntimeWarning: Mean of empty slice.
  mae = float(np.abs(p - t).mean())
/Users/adityanagarsekar/Downloads/Courses/LOP_Snehanshu/FGBO/icbinb/train.py:35: RuntimeWarning: Mean of empty slice.
  mse = float(((p - t) ** 2).mean())
/opt/anaconda3/envs/tf-ml-gpu/lib/python3.10/site-packages/numpy/core/_methods.py:129: RuntimeWarning: invalid value encountered in divide
  ret = ret.dtype.type(ret / rcount)
/Users/adityanagarsekar/Downloads/Courses/LOP_Snehanshu/FGBO/icbinb/train.py:36: RuntimeWarning: Mean of empty slice.
  mae = float(np.abs(p - t).mean())
/Users/adityanagarsekar/Downloads/Courses/LOP_Snehanshu/FGBO/icbinb/train.py:35: RuntimeWarning: Mean of empty slice.
  mse = float(((p - t) ** 2).mean())
/opt/anaconda3/envs/tf-ml-gpu/lib/python3.10/site-packages/numpy/core/_methods.py:129: RuntimeWarning: invalid value encountered in divide
  ret = ret.dtype.type(ret / rcount)
/Users/adityanagarsekar/Downloads/Courses/LOP_Snehanshu/FGBO/icbinb/train.py:36: RuntimeWarning: Mean of empty slice.
  mae = float(np.abs(p - t).mean())
/Users/adityanagarsekar/Downloads/Courses/LOP_Snehanshu/FGBO/icbinb/train.py:35: RuntimeWarning: Mean of empty slice.
  mse = float(((p - t) ** 2).mean())
/opt/anaconda3/envs/tf-ml-gpu/lib/python3.10/site-packages/numpy/core/_methods.py:129: RuntimeWarning: invalid value encountered in divide
  ret = ret.dtype.type(ret / rcount)
/Users/adityanagarsekar/Downloads/Courses/LOP_Snehanshu/FGBO/icbinb/train.py:36: RuntimeWarning: Mean of empty slice.
  mae = float(np.abs(p - t).mean())
/Users/adityanagarsekar/Downloads/Courses/LOP_Snehanshu/FGBO/icbinb/train.py:35: RuntimeWarning: Mean of empty slice.
  mse = float(((p - t) ** 2).mean())
/opt/anaconda3/envs/tf-ml-gpu/lib/python3.10/site-packages/numpy/core/_methods.py:129: RuntimeWarning: invalid value encountered in divide
  ret = ret.dtype.type(ret / rcount)
/Users/adityanagarsekar/Downloads/Courses/LOP_Snehanshu/FGBO/icbinb/train.py:36: RuntimeWarning: Mean of empty slice.
  mae = float(np.abs(p - t).mean())
/Users/adityanagarsekar/Downloads/Courses/LOP_Snehanshu/FGBO/icbinb/train.py:35: RuntimeWarning: Mean of empty slice.
  mse = float(((p - t) ** 2).mean())
/opt/anaconda3/envs/tf-ml-gpu/lib/python3.10/site-packages/numpy/core/_methods.py:129: RuntimeWarning: invalid value encountered in divide
  ret = ret.dtype.type(ret / rcount)
/Users/adityanagarsekar/Downloads/Courses/LOP_Snehanshu/FGBO/icbinb/train.py:36: RuntimeWarning: Mean of empty slice.
  mae = float(np.abs(p - t).mean())
/Users/adityanagarsekar/Downloads/Courses/LOP_Snehanshu/FGBO/icbinb/train.py:35: RuntimeWarning: Mean of empty slice.
  mse = float(((p - t) ** 2).mean())
/opt/anaconda3/envs/tf-ml-gpu/lib/python3.10/site-packages/numpy/core/_methods.py:129: RuntimeWarning: invalid value encountered in divide
  ret = ret.dtype.type(ret / rcount)
/Users/adityanagarsekar/Downloads/Courses/LOP_Snehanshu/FGBO/icbinb/train.py:36: RuntimeWarning: Mean of empty slice.
  mae = float(np.abs(p - t).mean())
/Users/adityanagarsekar/Downloads/Courses/LOP_Snehanshu/FGBO/icbinb/train.py:37: ConstantInputWarning: An input array is constant; the correlation coefficient is not defined.
  rho = float(spearmanr(p, t).statistic) if len(t) > 2 and np.std(p) > 0 else float("nan")
/Users/adityanagarsekar/Downloads/Courses/LOP_Snehanshu/FGBO/icbinb/train.py:35: RuntimeWarning: Mean of empty slice.
  mse = float(((p - t) ** 2).mean())
/opt/anaconda3/envs/tf-ml-gpu/lib/python3.10/site-packages/numpy/core/_methods.py:129: RuntimeWarning: invalid value encountered in divide
  ret = ret.dtype.type(ret / rcount)
/Users/adityanagarsekar/Downloads/Courses/LOP_Snehanshu/FGBO/icbinb/train.py:36: RuntimeWarning: Mean of empty slice.
  mae = float(np.abs(p - t).mean())
/Users/adityanagarsekar/Downloads/Courses/LOP_Snehanshu/FGBO/icbinb/train.py:35: RuntimeWarning: Mean of empty slice.
  mse = float(((p - t) ** 2).mean())
/opt/anaconda3/envs/tf-ml-gpu/lib/python3.10/site-packages/numpy/core/_methods.py:129: RuntimeWarning: invalid value encountered in divide
  ret = ret.dtype.type(ret / rcount)
/Users/adityanagarsekar/Downloads/Courses/LOP_Snehanshu/FGBO/icbinb/train.py:36: RuntimeWarning: Mean of empty slice.
  mae = float(np.abs(p - t).mean())
/Users/adityanagarsekar/Downloads/Courses/LOP_Snehanshu/FGBO/icbinb/train.py:35: RuntimeWarning: Mean of empty slice.
  mse = float(((p - t) ** 2).mean())
/opt/anaconda3/envs/tf-ml-gpu/lib/python3.10/site-packages/numpy/core/_methods.py:129: RuntimeWarning: invalid value encountered in divide
  ret = ret.dtype.type(ret / rcount)
/Users/adityanagarsekar/Downloads/Courses/LOP_Snehanshu/FGBO/icbinb/train.py:36: RuntimeWarning: Mean of empty slice.
  mae = float(np.abs(p - t).mean())
/Users/adityanagarsekar/Downloads/Courses/LOP_Snehanshu/FGBO/icbinb/train.py:35: RuntimeWarning: Mean of empty slice.
  mse = float(((p - t) ** 2).mean())
/opt/anaconda3/envs/tf-ml-gpu/lib/python3.10/site-packages/numpy/core/_methods.py:129: RuntimeWarning: invalid value encountered in divide
  ret = ret.dtype.type(ret / rcount)
/Users/adityanagarsekar/Downloads/Courses/LOP_Snehanshu/FGBO/icbinb/train.py:36: RuntimeWarning: Mean of empty slice.
  mae = float(np.abs(p - t).mean())
/Users/adityanagarsekar/Downloads/Courses/LOP_Snehanshu/FGBO/icbinb/train.py:35: RuntimeWarning: Mean of empty slice.
  mse = float(((p - t) ** 2).mean())
/opt/anaconda3/envs/tf-ml-gpu/lib/python3.10/site-packages/numpy/core/_methods.py:129: RuntimeWarning: invalid value encountered in divide
  ret = ret.dtype.type(ret / rcount)
/Users/adityanagarsekar/Downloads/Courses/LOP_Snehanshu/FGBO/icbinb/train.py:36: RuntimeWarning: Mean of empty slice.
  mae = float(np.abs(p - t).mean())
/Users/adityanagarsekar/Downloads/Courses/LOP_Snehanshu/FGBO/icbinb/train.py:35: RuntimeWarning: Mean of empty slice.
  mse = float(((p - t) ** 2).mean())
/opt/anaconda3/envs/tf-ml-gpu/lib/python3.10/site-packages/numpy/core/_methods.py:129: RuntimeWarning: invalid value encountered in divide
  ret = ret.dtype.type(ret / rcount)
/Users/adityanagarsekar/Downloads/Courses/LOP_Snehanshu/FGBO/icbinb/train.py:36: RuntimeWarning: Mean of empty slice.
  mae = float(np.abs(p - t).mean())
/Users/adityanagarsekar/Downloads/Courses/LOP_Snehanshu/FGBO/icbinb/train.py:37: ConstantInputWarning: An input array is constant; the correlation coefficient is not defined.
  rho = float(spearmanr(p, t).statistic) if len(t) > 2 and np.std(p) > 0 else float("nan")
/Users/adityanagarsekar/Downloads/Courses/LOP_Snehanshu/FGBO/icbinb/train.py:35: RuntimeWarning: Mean of empty slice.
  mse = float(((p - t) ** 2).mean())
/opt/anaconda3/envs/tf-ml-gpu/lib/python3.10/site-packages/numpy/core/_methods.py:129: RuntimeWarning: invalid value encountered in divide
  ret = ret.dtype.type(ret / rcount)
/Users/adityanagarsekar/Downloads/Courses/LOP_Snehanshu/FGBO/icbinb/train.py:36: RuntimeWarning: Mean of empty slice.
  mae = float(np.abs(p - t).mean())
/Users/adityanagarsekar/Downloads/Courses/LOP_Snehanshu/FGBO/icbinb/train.py:35: RuntimeWarning: Mean of empty slice.
  mse = float(((p - t) ** 2).mean())
/opt/anaconda3/envs/tf-ml-gpu/lib/python3.10/site-packages/numpy/core/_methods.py:129: RuntimeWarning: invalid value encountered in divide
  ret = ret.dtype.type(ret / rcount)
/Users/adityanagarsekar/Downloads/Courses/LOP_Snehanshu/FGBO/icbinb/train.py:36: RuntimeWarning: Mean of empty slice.
  mae = float(np.abs(p - t).mean())
/Users/adityanagarsekar/Downloads/Courses/LOP_Snehanshu/FGBO/icbinb/train.py:35: RuntimeWarning: Mean of empty slice.
  mse = float(((p - t) ** 2).mean())
/opt/anaconda3/envs/tf-ml-gpu/lib/python3.10/site-packages/numpy/core/_methods.py:129: RuntimeWarning: invalid value encountered in divide
  ret = ret.dtype.type(ret / rcount)
/Users/adityanagarsekar/Downloads/Courses/LOP_Snehanshu/FGBO/icbinb/train.py:36: RuntimeWarning: Mean of empty slice.
  mae = float(np.abs(p - t).mean())
/Users/adityanagarsekar/Downloads/Courses/LOP_Snehanshu/FGBO/icbinb/train.py:35: RuntimeWarning: Mean of empty slice.
  mse = float(((p - t) ** 2).mean())
/opt/anaconda3/envs/tf-ml-gpu/lib/python3.10/site-packages/numpy/core/_methods.py:129: RuntimeWarning: invalid value encountered in divide
  ret = ret.dtype.type(ret / rcount)
/Users/adityanagarsekar/Downloads/Courses/LOP_Snehanshu/FGBO/icbinb/train.py:36: RuntimeWarning: Mean of empty slice.
  mae = float(np.abs(p - t).mean())
/Users/adityanagarsekar/Downloads/Courses/LOP_Snehanshu/FGBO/icbinb/train.py:35: RuntimeWarning: Mean of empty slice.
  mse = float(((p - t) ** 2).mean())
/opt/anaconda3/envs/tf-ml-gpu/lib/python3.10/site-packages/numpy/core/_methods.py:129: RuntimeWarning: invalid value encountered in divide
  ret = ret.dtype.type(ret / rcount)
/Users/adityanagarsekar/Downloads/Courses/LOP_Snehanshu/FGBO/icbinb/train.py:36: RuntimeWarning: Mean of empty slice.
  mae = float(np.abs(p - t).mean())
/Users/adityanagarsekar/Downloads/Courses/LOP_Snehanshu/FGBO/icbinb/train.py:37: ConstantInputWarning: An input array is constant; the correlation coefficient is not defined.
  rho = float(spearmanr(p, t).statistic) if len(t) > 2 and np.std(p) > 0 else float("nan")
/Users/adityanagarsekar/Downloads/Courses/LOP_Snehanshu/FGBO/icbinb/train.py:35: RuntimeWarning: Mean of empty slice.
  mse = float(((p - t) ** 2).mean())
/opt/anaconda3/envs/tf-ml-gpu/lib/python3.10/site-packages/numpy/core/_methods.py:129: RuntimeWarning: invalid value encountered in divide
  ret = ret.dtype.type(ret / rcount)
/Users/adityanagarsekar/Downloads/Courses/LOP_Snehanshu/FGBO/icbinb/train.py:36: RuntimeWarning: Mean of empty slice.
  mae = float(np.abs(p - t).mean())
/Users/adityanagarsekar/Downloads/Courses/LOP_Snehanshu/FGBO/icbinb/train.py:35: RuntimeWarning: Mean of empty slice.
  mse = float(((p - t) ** 2).mean())
/opt/anaconda3/envs/tf-ml-gpu/lib/python3.10/site-packages/numpy/core/_methods.py:129: RuntimeWarning: invalid value encountered in divide
  ret = ret.dtype.type(ret / rcount)
/Users/adityanagarsekar/Downloads/Courses/LOP_Snehanshu/FGBO/icbinb/train.py:36: RuntimeWarning: Mean of empty slice.
  mae = float(np.abs(p - t).mean())
/Users/adityanagarsekar/Downloads/Courses/LOP_Snehanshu/FGBO/icbinb/train.py:35: RuntimeWarning: Mean of empty slice.
  mse = float(((p - t) ** 2).mean())
/opt/anaconda3/envs/tf-ml-gpu/lib/python3.10/site-packages/numpy/core/_methods.py:129: RuntimeWarning: invalid value encountered in divide
  ret = ret.dtype.type(ret / rcount)
/Users/adityanagarsekar/Downloads/Courses/LOP_Snehanshu/FGBO/icbinb/train.py:36: RuntimeWarning: Mean of empty slice.
  mae = float(np.abs(p - t).mean())
/Users/adityanagarsekar/Downloads/Courses/LOP_Snehanshu/FGBO/icbinb/train.py:35: RuntimeWarning: Mean of empty slice.
  mse = float(((p - t) ** 2).mean())
/opt/anaconda3/envs/tf-ml-gpu/lib/python3.10/site-packages/numpy/core/_methods.py:129: RuntimeWarning: invalid value encountered in divide
  ret = ret.dtype.type(ret / rcount)
/Users/adityanagarsekar/Downloads/Courses/LOP_Snehanshu/FGBO/icbinb/train.py:36: RuntimeWarning: Mean of empty slice.
  mae = float(np.abs(p - t).mean())
/Users/adityanagarsekar/Downloads/Courses/LOP_Snehanshu/FGBO/icbinb/train.py:35: RuntimeWarning: Mean of empty slice.
  mse = float(((p - t) ** 2).mean())
/opt/anaconda3/envs/tf-ml-gpu/lib/python3.10/site-packages/numpy/core/_methods.py:129: RuntimeWarning: invalid value encountered in divide
  ret = ret.dtype.type(ret / rcount)
/Users/adityanagarsekar/Downloads/Courses/LOP_Snehanshu/FGBO/icbinb/train.py:36: RuntimeWarning: Mean of empty slice.
  mae = float(np.abs(p - t).mean())
/Users/adityanagarsekar/Downloads/Courses/LOP_Snehanshu/FGBO/icbinb/train.py:35: RuntimeWarning: Mean of empty slice.
  mse = float(((p - t) ** 2).mean())
/opt/anaconda3/envs/tf-ml-gpu/lib/python3.10/site-packages/numpy/core/_methods.py:129: RuntimeWarning: invalid value encountered in divide
  ret = ret.dtype.type(ret / rcount)
/Users/adityanagarsekar/Downloads/Courses/LOP_Snehanshu/FGBO/icbinb/train.py:36: RuntimeWarning: Mean of empty slice.
  mae = float(np.abs(p - t).mean())
/Users/adityanagarsekar/Downloads/Courses/LOP_Snehanshu/FGBO/icbinb/train.py:35: RuntimeWarning: Mean of empty slice.
  mse = float(((p - t) ** 2).mean())
/opt/anaconda3/envs/tf-ml-gpu/lib/python3.10/site-packages/numpy/core/_methods.py:129: RuntimeWarning: invalid value encountered in divide
  ret = ret.dtype.type(ret / rcount)
/Users/adityanagarsekar/Downloads/Courses/LOP_Snehanshu/FGBO/icbinb/train.py:36: RuntimeWarning: Mean of empty slice.
  mae = float(np.abs(p - t).mean())
/Users/adityanagarsekar/Downloads/Courses/LOP_Snehanshu/FGBO/icbinb/train.py:35: RuntimeWarning: Mean of empty slice.
  mse = float(((p - t) ** 2).mean())
/opt/anaconda3/envs/tf-ml-gpu/lib/python3.10/site-packages/numpy/core/_methods.py:129: RuntimeWarning: invalid value encountered in divide
  ret = ret.dtype.type(ret / rcount)
/Users/adityanagarsekar/Downloads/Courses/LOP_Snehanshu/FGBO/icbinb/train.py:36: RuntimeWarning: Mean of empty slice.
  mae = float(np.abs(p - t).mean())
/Users/adityanagarsekar/Downloads/Courses/LOP_Snehanshu/FGBO/icbinb/train.py:35: RuntimeWarning: Mean of empty slice.
  mse = float(((p - t) ** 2).mean())
/opt/anaconda3/envs/tf-ml-gpu/lib/python3.10/site-packages/numpy/core/_methods.py:129: RuntimeWarning: invalid value encountered in divide
  ret = ret.dtype.type(ret / rcount)
/Users/adityanagarsekar/Downloads/Courses/LOP_Snehanshu/FGBO/icbinb/train.py:36: RuntimeWarning: Mean of empty slice.
  mae = float(np.abs(p - t).mean())
/Users/adityanagarsekar/Downloads/Courses/LOP_Snehanshu/FGBO/icbinb/train.py:35: RuntimeWarning: Mean of empty slice.
  mse = float(((p - t) ** 2).mean())
/opt/anaconda3/envs/tf-ml-gpu/lib/python3.10/site-packages/numpy/core/_methods.py:129: RuntimeWarning: invalid value encountered in divide
  ret = ret.dtype.type(ret / rcount)
/Users/adityanagarsekar/Downloads/Courses/LOP_Snehanshu/FGBO/icbinb/train.py:36: RuntimeWarning: Mean of empty slice.
  mae = float(np.abs(p - t).mean())
/Users/adityanagarsekar/Downloads/Courses/LOP_Snehanshu/FGBO/icbinb/train.py:37: ConstantInputWarning: An input array is constant; the correlation coefficient is not defined.
  rho = float(spearmanr(p, t).statistic) if len(t) > 2 and np.std(p) > 0 else float("nan")
/Users/adityanagarsekar/Downloads/Courses/LOP_Snehanshu/FGBO/icbinb/train.py:35: RuntimeWarning: Mean of empty slice.
  mse = float(((p - t) ** 2).mean())
/opt/anaconda3/envs/tf-ml-gpu/lib/python3.10/site-packages/numpy/core/_methods.py:129: RuntimeWarning: invalid value encountered in divide
  ret = ret.dtype.type(ret / rcount)
/Users/adityanagarsekar/Downloads/Courses/LOP_Snehanshu/FGBO/icbinb/train.py:36: RuntimeWarning: Mean of empty slice.
  mae = float(np.abs(p - t).mean())
/Users/adityanagarsekar/Downloads/Courses/LOP_Snehanshu/FGBO/icbinb/train.py:35: RuntimeWarning: Mean of empty slice.
  mse = float(((p - t) ** 2).mean())
/opt/anaconda3/envs/tf-ml-gpu/lib/python3.10/site-packages/numpy/core/_methods.py:129: RuntimeWarning: invalid value encountered in divide
  ret = ret.dtype.type(ret / rcount)
/Users/adityanagarsekar/Downloads/Courses/LOP_Snehanshu/FGBO/icbinb/train.py:36: RuntimeWarning: Mean of empty slice.
  mae = float(np.abs(p - t).mean())
/Users/adityanagarsekar/Downloads/Courses/LOP_Snehanshu/FGBO/icbinb/train.py:37: ConstantInputWarning: An input array is constant; the correlation coefficient is not defined.
  rho = float(spearmanr(p, t).statistic) if len(t) > 2 and np.std(p) > 0 else float("nan")
/Users/adityanagarsekar/Downloads/Courses/LOP_Snehanshu/FGBO/icbinb/train.py:35: RuntimeWarning: Mean of empty slice.
  mse = float(((p - t) ** 2).mean())
/opt/anaconda3/envs/tf-ml-gpu/lib/python3.10/site-packages/numpy/core/_methods.py:129: RuntimeWarning: invalid value encountered in divide
  ret = ret.dtype.type(ret / rcount)
/Users/adityanagarsekar/Downloads/Courses/LOP_Snehanshu/FGBO/icbinb/train.py:36: RuntimeWarning: Mean of empty slice.
  mae = float(np.abs(p - t).mean())
/Users/adityanagarsekar/Downloads/Courses/LOP_Snehanshu/FGBO/icbinb/train.py:35: RuntimeWarning: Mean of empty slice.
  mse = float(((p - t) ** 2).mean())
/opt/anaconda3/envs/tf-ml-gpu/lib/python3.10/site-packages/numpy/core/_methods.py:129: RuntimeWarning: invalid value encountered in divide
  ret = ret.dtype.type(ret / rcount)
/Users/adityanagarsekar/Downloads/Courses/LOP_Snehanshu/FGBO/icbinb/train.py:36: RuntimeWarning: Mean of empty slice.
  mae = float(np.abs(p - t).mean())
/Users/adityanagarsekar/Downloads/Courses/LOP_Snehanshu/FGBO/icbinb/train.py:35: RuntimeWarning: Mean of empty slice.
  mse = float(((p - t) ** 2).mean())
/opt/anaconda3/envs/tf-ml-gpu/lib/python3.10/site-packages/numpy/core/_methods.py:129: RuntimeWarning: invalid value encountered in divide
  ret = ret.dtype.type(ret / rcount)
/Users/adityanagarsekar/Downloads/Courses/LOP_Snehanshu/FGBO/icbinb/train.py:36: RuntimeWarning: Mean of empty slice.
  mae = float(np.abs(p - t).mean())
/Users/adityanagarsekar/Downloads/Courses/LOP_Snehanshu/FGBO/icbinb/train.py:35: RuntimeWarning: Mean of empty slice.
  mse = float(((p - t) ** 2).mean())
/opt/anaconda3/envs/tf-ml-gpu/lib/python3.10/site-packages/numpy/core/_methods.py:129: RuntimeWarning: invalid value encountered in divide
  ret = ret.dtype.type(ret / rcount)
/Users/adityanagarsekar/Downloads/Courses/LOP_Snehanshu/FGBO/icbinb/train.py:36: RuntimeWarning: Mean of empty slice.
  mae = float(np.abs(p - t).mean())
/Users/adityanagarsekar/Downloads/Courses/LOP_Snehanshu/FGBO/icbinb/train.py:35: RuntimeWarning: Mean of empty slice.
  mse = float(((p - t) ** 2).mean())
/opt/anaconda3/envs/tf-ml-gpu/lib/python3.10/site-packages/numpy/core/_methods.py:129: RuntimeWarning: invalid value encountered in divide
  ret = ret.dtype.type(ret / rcount)
/Users/adityanagarsekar/Downloads/Courses/LOP_Snehanshu/FGBO/icbinb/train.py:36: RuntimeWarning: Mean of empty slice.
  mae = float(np.abs(p - t).mean())
/Users/adityanagarsekar/Downloads/Courses/LOP_Snehanshu/FGBO/icbinb/train.py:37: ConstantInputWarning: An input array is constant; the correlation coefficient is not defined.
  rho = float(spearmanr(p, t).statistic) if len(t) > 2 and np.std(p) > 0 else float("nan")
/Users/adityanagarsekar/Downloads/Courses/LOP_Snehanshu/FGBO/icbinb/train.py:35: RuntimeWarning: Mean of empty slice.
  mse = float(((p - t) ** 2).mean())
/opt/anaconda3/envs/tf-ml-gpu/lib/python3.10/site-packages/numpy/core/_methods.py:129: RuntimeWarning: invalid value encountered in divide
  ret = ret.dtype.type(ret / rcount)
/Users/adityanagarsekar/Downloads/Courses/LOP_Snehanshu/FGBO/icbinb/train.py:36: RuntimeWarning: Mean of empty slice.
  mae = float(np.abs(p - t).mean())
/Users/adityanagarsekar/Downloads/Courses/LOP_Snehanshu/FGBO/icbinb/train.py:35: RuntimeWarning: Mean of empty slice.
  mse = float(((p - t) ** 2).mean())
/opt/anaconda3/envs/tf-ml-gpu/lib/python3.10/site-packages/numpy/core/_methods.py:129: RuntimeWarning: invalid value encountered in divide
  ret = ret.dtype.type(ret / rcount)
/Users/adityanagarsekar/Downloads/Courses/LOP_Snehanshu/FGBO/icbinb/train.py:36: RuntimeWarning: Mean of empty slice.
  mae = float(np.abs(p - t).mean())
/Users/adityanagarsekar/Downloads/Courses/LOP_Snehanshu/FGBO/icbinb/train.py:37: ConstantInputWarning: An input array is constant; the correlation coefficient is not defined.
  rho = float(spearmanr(p, t).statistic) if len(t) > 2 and np.std(p) > 0 else float("nan")
/Users/adityanagarsekar/Downloads/Courses/LOP_Snehanshu/FGBO/icbinb/train.py:35: RuntimeWarning: Mean of empty slice.
  mse = float(((p - t) ** 2).mean())
/opt/anaconda3/envs/tf-ml-gpu/lib/python3.10/site-packages/numpy/core/_methods.py:129: RuntimeWarning: invalid value encountered in divide
  ret = ret.dtype.type(ret / rcount)
/Users/adityanagarsekar/Downloads/Courses/LOP_Snehanshu/FGBO/icbinb/train.py:36: RuntimeWarning: Mean of empty slice.
  mae = float(np.abs(p - t).mean())
  valfree_pool  amylase         outer008  48 rows   355.0s
/Users/adityanagarsekar/Downloads/Courses/LOP_Snehanshu/FGBO/icbinb/train.py:35: RuntimeWarning: Mean of empty slice.
  mse = float(((p - t) ** 2).mean())
/opt/anaconda3/envs/tf-ml-gpu/lib/python3.10/site-packages/numpy/core/_methods.py:129: RuntimeWarning: invalid value encountered in divide
  ret = ret.dtype.type(ret / rcount)
/Users/adityanagarsekar/Downloads/Courses/LOP_Snehanshu/FGBO/icbinb/train.py:36: RuntimeWarning: Mean of empty slice.
  mae = float(np.abs(p - t).mean())
/Users/adityanagarsekar/Downloads/Courses/LOP_Snehanshu/FGBO/icbinb/train.py:35: RuntimeWarning: Mean of empty slice.
  mse = float(((p - t) ** 2).mean())
/opt/anaconda3/envs/tf-ml-gpu/lib/python3.10/site-packages/numpy/core/_methods.py:129: RuntimeWarning: invalid value encountered in divide
  ret = ret.dtype.type(ret / rcount)
/Users/adityanagarsekar/Downloads/Courses/LOP_Snehanshu/FGBO/icbinb/train.py:36: RuntimeWarning: Mean of empty slice.
  mae = float(np.abs(p - t).mean())
/Users/adityanagarsekar/Downloads/Courses/LOP_Snehanshu/FGBO/icbinb/train.py:37: ConstantInputWarning: An input array is constant; the correlation coefficient is not defined.
  rho = float(spearmanr(p, t).statistic) if len(t) > 2 and np.std(p) > 0 else float("nan")
/Users/adityanagarsekar/Downloads/Courses/LOP_Snehanshu/FGBO/icbinb/train.py:35: RuntimeWarning: Mean of empty slice.
  mse = float(((p - t) ** 2).mean())
/opt/anaconda3/envs/tf-ml-gpu/lib/python3.10/site-packages/numpy/core/_methods.py:129: RuntimeWarning: invalid value encountered in divide
  ret = ret.dtype.type(ret / rcount)
/Users/adityanagarsekar/Downloads/Courses/LOP_Snehanshu/FGBO/icbinb/train.py:36: RuntimeWarning: Mean of empty slice.
  mae = float(np.abs(p - t).mean())
/Users/adityanagarsekar/Downloads/Courses/LOP_Snehanshu/FGBO/icbinb/train.py:37: ConstantInputWarning: An input array is constant; the correlation coefficient is not defined.
  rho = float(spearmanr(p, t).statistic) if len(t) > 2 and np.std(p) > 0 else float("nan")
/Users/adityanagarsekar/Downloads/Courses/LOP_Snehanshu/FGBO/icbinb/train.py:35: RuntimeWarning: Mean of empty slice.
  mse = float(((p - t) ** 2).mean())
/opt/anaconda3/envs/tf-ml-gpu/lib/python3.10/site-packages/numpy/core/_methods.py:129: RuntimeWarning: invalid value encountered in divide
  ret = ret.dtype.type(ret / rcount)
/Users/adityanagarsekar/Downloads/Courses/LOP_Snehanshu/FGBO/icbinb/train.py:36: RuntimeWarning: Mean of empty slice.
  mae = float(np.abs(p - t).mean())
/Users/adityanagarsekar/Downloads/Courses/LOP_Snehanshu/FGBO/icbinb/train.py:37: ConstantInputWarning: An input array is constant; the correlation coefficient is not defined.
  rho = float(spearmanr(p, t).statistic) if len(t) > 2 and np.std(p) > 0 else float("nan")
/Users/adityanagarsekar/Downloads/Courses/LOP_Snehanshu/FGBO/icbinb/train.py:35: RuntimeWarning: Mean of empty slice.
  mse = float(((p - t) ** 2).mean())
/opt/anaconda3/envs/tf-ml-gpu/lib/python3.10/site-packages/numpy/core/_methods.py:129: RuntimeWarning: invalid value encountered in divide
  ret = ret.dtype.type(ret / rcount)
/Users/adityanagarsekar/Downloads/Courses/LOP_Snehanshu/FGBO/icbinb/train.py:36: RuntimeWarning: Mean of empty slice.
  mae = float(np.abs(p - t).mean())
/Users/adityanagarsekar/Downloads/Courses/LOP_Snehanshu/FGBO/icbinb/train.py:35: RuntimeWarning: Mean of empty slice.
  mse = float(((p - t) ** 2).mean())
/opt/anaconda3/envs/tf-ml-gpu/lib/python3.10/site-packages/numpy/core/_methods.py:129: RuntimeWarning: invalid value encountered in divide
  ret = ret.dtype.type(ret / rcount)
/Users/adityanagarsekar/Downloads/Courses/LOP_Snehanshu/FGBO/icbinb/train.py:36: RuntimeWarning: Mean of empty slice.
  mae = float(np.abs(p - t).mean())
/Users/adityanagarsekar/Downloads/Courses/LOP_Snehanshu/FGBO/icbinb/train.py:35: RuntimeWarning: Mean of empty slice.
  mse = float(((p - t) ** 2).mean())
/opt/anaconda3/envs/tf-ml-gpu/lib/python3.10/site-packages/numpy/core/_methods.py:129: RuntimeWarning: invalid value encountered in divide
  ret = ret.dtype.type(ret / rcount)
/Users/adityanagarsekar/Downloads/Courses/LOP_Snehanshu/FGBO/icbinb/train.py:36: RuntimeWarning: Mean of empty slice.
  mae = float(np.abs(p - t).mean())
/Users/adityanagarsekar/Downloads/Courses/LOP_Snehanshu/FGBO/icbinb/train.py:37: ConstantInputWarning: An input array is constant; the correlation coefficient is not defined.
  rho = float(spearmanr(p, t).statistic) if len(t) > 2 and np.std(p) > 0 else float("nan")
/Users/adityanagarsekar/Downloads/Courses/LOP_Snehanshu/FGBO/icbinb/train.py:35: RuntimeWarning: Mean of empty slice.
  mse = float(((p - t) ** 2).mean())
/opt/anaconda3/envs/tf-ml-gpu/lib/python3.10/site-packages/numpy/core/_methods.py:129: RuntimeWarning: invalid value encountered in divide
  ret = ret.dtype.type(ret / rcount)
/Users/adityanagarsekar/Downloads/Courses/LOP_Snehanshu/FGBO/icbinb/train.py:36: RuntimeWarning: Mean of empty slice.
  mae = float(np.abs(p - t).mean())
/Users/adityanagarsekar/Downloads/Courses/LOP_Snehanshu/FGBO/icbinb/train.py:37: ConstantInputWarning: An input array is constant; the correlation coefficient is not defined.
  rho = float(spearmanr(p, t).statistic) if len(t) > 2 and np.std(p) > 0 else float("nan")
/Users/adityanagarsekar/Downloads/Courses/LOP_Snehanshu/FGBO/icbinb/train.py:35: RuntimeWarning: Mean of empty slice.
  mse = float(((p - t) ** 2).mean())
/opt/anaconda3/envs/tf-ml-gpu/lib/python3.10/site-packages/numpy/core/_methods.py:129: RuntimeWarning: invalid value encountered in divide
  ret = ret.dtype.type(ret / rcount)
/Users/adityanagarsekar/Downloads/Courses/LOP_Snehanshu/FGBO/icbinb/train.py:36: RuntimeWarning: Mean of empty slice.
  mae = float(np.abs(p - t).mean())
/Users/adityanagarsekar/Downloads/Courses/LOP_Snehanshu/FGBO/icbinb/train.py:37: ConstantInputWarning: An input array is constant; the correlation coefficient is not defined.
  rho = float(spearmanr(p, t).statistic) if len(t) > 2 and np.std(p) > 0 else float("nan")
/Users/adityanagarsekar/Downloads/Courses/LOP_Snehanshu/FGBO/icbinb/train.py:35: RuntimeWarning: Mean of empty slice.
  mse = float(((p - t) ** 2).mean())
/opt/anaconda3/envs/tf-ml-gpu/lib/python3.10/site-packages/numpy/core/_methods.py:129: RuntimeWarning: invalid value encountered in divide
  ret = ret.dtype.type(ret / rcount)
/Users/adityanagarsekar/Downloads/Courses/LOP_Snehanshu/FGBO/icbinb/train.py:36: RuntimeWarning: Mean of empty slice.
  mae = float(np.abs(p - t).mean())
/Users/adityanagarsekar/Downloads/Courses/LOP_Snehanshu/FGBO/icbinb/train.py:35: RuntimeWarning: Mean of empty slice.
  mse = float(((p - t) ** 2).mean())
/opt/anaconda3/envs/tf-ml-gpu/lib/python3.10/site-packages/numpy/core/_methods.py:129: RuntimeWarning: invalid value encountered in divide
  ret = ret.dtype.type(ret / rcount)
/Users/adityanagarsekar/Downloads/Courses/LOP_Snehanshu/FGBO/icbinb/train.py:36: RuntimeWarning: Mean of empty slice.
  mae = float(np.abs(p - t).mean())
/Users/adityanagarsekar/Downloads/Courses/LOP_Snehanshu/FGBO/icbinb/train.py:35: RuntimeWarning: Mean of empty slice.
  mse = float(((p - t) ** 2).mean())
/opt/anaconda3/envs/tf-ml-gpu/lib/python3.10/site-packages/numpy/core/_methods.py:129: RuntimeWarning: invalid value encountered in divide
  ret = ret.dtype.type(ret / rcount)
/Users/adityanagarsekar/Downloads/Courses/LOP_Snehanshu/FGBO/icbinb/train.py:36: RuntimeWarning: Mean of empty slice.
  mae = float(np.abs(p - t).mean())
/Users/adityanagarsekar/Downloads/Courses/LOP_Snehanshu/FGBO/icbinb/train.py:35: RuntimeWarning: Mean of empty slice.
  mse = float(((p - t) ** 2).mean())
/opt/anaconda3/envs/tf-ml-gpu/lib/python3.10/site-packages/numpy/core/_methods.py:129: RuntimeWarning: invalid value encountered in divide
  ret = ret.dtype.type(ret / rcount)
/Users/adityanagarsekar/Downloads/Courses/LOP_Snehanshu/FGBO/icbinb/train.py:36: RuntimeWarning: Mean of empty slice.
  mae = float(np.abs(p - t).mean())
/Users/adityanagarsekar/Downloads/Courses/LOP_Snehanshu/FGBO/icbinb/train.py:35: RuntimeWarning: Mean of empty slice.
  mse = float(((p - t) ** 2).mean())
/opt/anaconda3/envs/tf-ml-gpu/lib/python3.10/site-packages/numpy/core/_methods.py:129: RuntimeWarning: invalid value encountered in divide
  ret = ret.dtype.type(ret / rcount)
/Users/adityanagarsekar/Downloads/Courses/LOP_Snehanshu/FGBO/icbinb/train.py:36: RuntimeWarning: Mean of empty slice.
  mae = float(np.abs(p - t).mean())
/Users/adityanagarsekar/Downloads/Courses/LOP_Snehanshu/FGBO/icbinb/train.py:35: RuntimeWarning: Mean of empty slice.
  mse = float(((p - t) ** 2).mean())
/opt/anaconda3/envs/tf-ml-gpu/lib/python3.10/site-packages/numpy/core/_methods.py:129: RuntimeWarning: invalid value encountered in divide
  ret = ret.dtype.type(ret / rcount)
/Users/adityanagarsekar/Downloads/Courses/LOP_Snehanshu/FGBO/icbinb/train.py:36: RuntimeWarning: Mean of empty slice.
  mae = float(np.abs(p - t).mean())
/Users/adityanagarsekar/Downloads/Courses/LOP_Snehanshu/FGBO/icbinb/train.py:35: RuntimeWarning: Mean of empty slice.
  mse = float(((p - t) ** 2).mean())
/opt/anaconda3/envs/tf-ml-gpu/lib/python3.10/site-packages/numpy/core/_methods.py:129: RuntimeWarning: invalid value encountered in divide
  ret = ret.dtype.type(ret / rcount)
/Users/adityanagarsekar/Downloads/Courses/LOP_Snehanshu/FGBO/icbinb/train.py:36: RuntimeWarning: Mean of empty slice.
  mae = float(np.abs(p - t).mean())
/Users/adityanagarsekar/Downloads/Courses/LOP_Snehanshu/FGBO/icbinb/train.py:35: RuntimeWarning: Mean of empty slice.
  mse = float(((p - t) ** 2).mean())
/opt/anaconda3/envs/tf-ml-gpu/lib/python3.10/site-packages/numpy/core/_methods.py:129: RuntimeWarning: invalid value encountered in divide
  ret = ret.dtype.type(ret / rcount)
/Users/adityanagarsekar/Downloads/Courses/LOP_Snehanshu/FGBO/icbinb/train.py:36: RuntimeWarning: Mean of empty slice.
  mae = float(np.abs(p - t).mean())
/Users/adityanagarsekar/Downloads/Courses/LOP_Snehanshu/FGBO/icbinb/train.py:35: RuntimeWarning: Mean of empty slice.
  mse = float(((p - t) ** 2).mean())
/opt/anaconda3/envs/tf-ml-gpu/lib/python3.10/site-packages/numpy/core/_methods.py:129: RuntimeWarning: invalid value encountered in divide
  ret = ret.dtype.type(ret / rcount)
/Users/adityanagarsekar/Downloads/Courses/LOP_Snehanshu/FGBO/icbinb/train.py:36: RuntimeWarning: Mean of empty slice.
  mae = float(np.abs(p - t).mean())
/Users/adityanagarsekar/Downloads/Courses/LOP_Snehanshu/FGBO/icbinb/train.py:37: ConstantInputWarning: An input array is constant; the correlation coefficient is not defined.
  rho = float(spearmanr(p, t).statistic) if len(t) > 2 and np.std(p) > 0 else float("nan")
/Users/adityanagarsekar/Downloads/Courses/LOP_Snehanshu/FGBO/icbinb/train.py:35: RuntimeWarning: Mean of empty slice.
  mse = float(((p - t) ** 2).mean())
/opt/anaconda3/envs/tf-ml-gpu/lib/python3.10/site-packages/numpy/core/_methods.py:129: RuntimeWarning: invalid value encountered in divide
  ret = ret.dtype.type(ret / rcount)
/Users/adityanagarsekar/Downloads/Courses/LOP_Snehanshu/FGBO/icbinb/train.py:36: RuntimeWarning: Mean of empty slice.
  mae = float(np.abs(p - t).mean())
/Users/adityanagarsekar/Downloads/Courses/LOP_Snehanshu/FGBO/icbinb/train.py:35: RuntimeWarning: Mean of empty slice.
  mse = float(((p - t) ** 2).mean())
/opt/anaconda3/envs/tf-ml-gpu/lib/python3.10/site-packages/numpy/core/_methods.py:129: RuntimeWarning: invalid value encountered in divide
  ret = ret.dtype.type(ret / rcount)
/Users/adityanagarsekar/Downloads/Courses/LOP_Snehanshu/FGBO/icbinb/train.py:36: RuntimeWarning: Mean of empty slice.
  mae = float(np.abs(p - t).mean())
/Users/adityanagarsekar/Downloads/Courses/LOP_Snehanshu/FGBO/icbinb/train.py:35: RuntimeWarning: Mean of empty slice.
  mse = float(((p - t) ** 2).mean())
/opt/anaconda3/envs/tf-ml-gpu/lib/python3.10/site-packages/numpy/core/_methods.py:129: RuntimeWarning: invalid value encountered in divide
  ret = ret.dtype.type(ret / rcount)
/Users/adityanagarsekar/Downloads/Courses/LOP_Snehanshu/FGBO/icbinb/train.py:36: RuntimeWarning: Mean of empty slice.
  mae = float(np.abs(p - t).mean())
/Users/adityanagarsekar/Downloads/Courses/LOP_Snehanshu/FGBO/icbinb/train.py:35: RuntimeWarning: Mean of empty slice.
  mse = float(((p - t) ** 2).mean())
/opt/anaconda3/envs/tf-ml-gpu/lib/python3.10/site-packages/numpy/core/_methods.py:129: RuntimeWarning: invalid value encountered in divide
  ret = ret.dtype.type(ret / rcount)
/Users/adityanagarsekar/Downloads/Courses/LOP_Snehanshu/FGBO/icbinb/train.py:36: RuntimeWarning: Mean of empty slice.
  mae = float(np.abs(p - t).mean())
/Users/adityanagarsekar/Downloads/Courses/LOP_Snehanshu/FGBO/icbinb/train.py:37: ConstantInputWarning: An input array is constant; the correlation coefficient is not defined.
  rho = float(spearmanr(p, t).statistic) if len(t) > 2 and np.std(p) > 0 else float("nan")
/Users/adityanagarsekar/Downloads/Courses/LOP_Snehanshu/FGBO/icbinb/train.py:35: RuntimeWarning: Mean of empty slice.
  mse = float(((p - t) ** 2).mean())
/opt/anaconda3/envs/tf-ml-gpu/lib/python3.10/site-packages/numpy/core/_methods.py:129: RuntimeWarning: invalid value encountered in divide
  ret = ret.dtype.type(ret / rcount)
/Users/adityanagarsekar/Downloads/Courses/LOP_Snehanshu/FGBO/icbinb/train.py:36: RuntimeWarning: Mean of empty slice.
  mae = float(np.abs(p - t).mean())
/Users/adityanagarsekar/Downloads/Courses/LOP_Snehanshu/FGBO/icbinb/train.py:35: RuntimeWarning: Mean of empty slice.
  mse = float(((p - t) ** 2).mean())
/opt/anaconda3/envs/tf-ml-gpu/lib/python3.10/site-packages/numpy/core/_methods.py:129: RuntimeWarning: invalid value encountered in divide
  ret = ret.dtype.type(ret / rcount)
/Users/adityanagarsekar/Downloads/Courses/LOP_Snehanshu/FGBO/icbinb/train.py:36: RuntimeWarning: Mean of empty slice.
  mae = float(np.abs(p - t).mean())
/Users/adityanagarsekar/Downloads/Courses/LOP_Snehanshu/FGBO/icbinb/train.py:35: RuntimeWarning: Mean of empty slice.
  mse = float(((p - t) ** 2).mean())
/opt/anaconda3/envs/tf-ml-gpu/lib/python3.10/site-packages/numpy/core/_methods.py:129: RuntimeWarning: invalid value encountered in divide
  ret = ret.dtype.type(ret / rcount)
/Users/adityanagarsekar/Downloads/Courses/LOP_Snehanshu/FGBO/icbinb/train.py:36: RuntimeWarning: Mean of empty slice.
  mae = float(np.abs(p - t).mean())
/Users/adityanagarsekar/Downloads/Courses/LOP_Snehanshu/FGBO/icbinb/train.py:35: RuntimeWarning: Mean of empty slice.
  mse = float(((p - t) ** 2).mean())
/opt/anaconda3/envs/tf-ml-gpu/lib/python3.10/site-packages/numpy/core/_methods.py:129: RuntimeWarning: invalid value encountered in divide
  ret = ret.dtype.type(ret / rcount)
/Users/adityanagarsekar/Downloads/Courses/LOP_Snehanshu/FGBO/icbinb/train.py:36: RuntimeWarning: Mean of empty slice.
  mae = float(np.abs(p - t).mean())
/Users/adityanagarsekar/Downloads/Courses/LOP_Snehanshu/FGBO/icbinb/train.py:35: RuntimeWarning: Mean of empty slice.
  mse = float(((p - t) ** 2).mean())
/opt/anaconda3/envs/tf-ml-gpu/lib/python3.10/site-packages/numpy/core/_methods.py:129: RuntimeWarning: invalid value encountered in divide
  ret = ret.dtype.type(ret / rcount)
/Users/adityanagarsekar/Downloads/Courses/LOP_Snehanshu/FGBO/icbinb/train.py:36: RuntimeWarning: Mean of empty slice.
  mae = float(np.abs(p - t).mean())
/Users/adityanagarsekar/Downloads/Courses/LOP_Snehanshu/FGBO/icbinb/train.py:35: RuntimeWarning: Mean of empty slice.
  mse = float(((p - t) ** 2).mean())
/opt/anaconda3/envs/tf-ml-gpu/lib/python3.10/site-packages/numpy/core/_methods.py:129: RuntimeWarning: invalid value encountered in divide
  ret = ret.dtype.type(ret / rcount)
/Users/adityanagarsekar/Downloads/Courses/LOP_Snehanshu/FGBO/icbinb/train.py:36: RuntimeWarning: Mean of empty slice.
  mae = float(np.abs(p - t).mean())
/Users/adityanagarsekar/Downloads/Courses/LOP_Snehanshu/FGBO/icbinb/train.py:35: RuntimeWarning: Mean of empty slice.
  mse = float(((p - t) ** 2).mean())
/opt/anaconda3/envs/tf-ml-gpu/lib/python3.10/site-packages/numpy/core/_methods.py:129: RuntimeWarning: invalid value encountered in divide
  ret = ret.dtype.type(ret / rcount)
/Users/adityanagarsekar/Downloads/Courses/LOP_Snehanshu/FGBO/icbinb/train.py:36: RuntimeWarning: Mean of empty slice.
  mae = float(np.abs(p - t).mean())
/Users/adityanagarsekar/Downloads/Courses/LOP_Snehanshu/FGBO/icbinb/train.py:37: ConstantInputWarning: An input array is constant; the correlation coefficient is not defined.
  rho = float(spearmanr(p, t).statistic) if len(t) > 2 and np.std(p) > 0 else float("nan")
/Users/adityanagarsekar/Downloads/Courses/LOP_Snehanshu/FGBO/icbinb/train.py:35: RuntimeWarning: Mean of empty slice.
  mse = float(((p - t) ** 2).mean())
/opt/anaconda3/envs/tf-ml-gpu/lib/python3.10/site-packages/numpy/core/_methods.py:129: RuntimeWarning: invalid value encountered in divide
  ret = ret.dtype.type(ret / rcount)
/Users/adityanagarsekar/Downloads/Courses/LOP_Snehanshu/FGBO/icbinb/train.py:36: RuntimeWarning: Mean of empty slice.
  mae = float(np.abs(p - t).mean())
/Users/adityanagarsekar/Downloads/Courses/LOP_Snehanshu/FGBO/icbinb/train.py:35: RuntimeWarning: Mean of empty slice.
  mse = float(((p - t) ** 2).mean())
/opt/anaconda3/envs/tf-ml-gpu/lib/python3.10/site-packages/numpy/core/_methods.py:129: RuntimeWarning: invalid value encountered in divide
  ret = ret.dtype.type(ret / rcount)
/Users/adityanagarsekar/Downloads/Courses/LOP_Snehanshu/FGBO/icbinb/train.py:36: RuntimeWarning: Mean of empty slice.
  mae = float(np.abs(p - t).mean())
/Users/adityanagarsekar/Downloads/Courses/LOP_Snehanshu/FGBO/icbinb/train.py:37: ConstantInputWarning: An input array is constant; the correlation coefficient is not defined.
  rho = float(spearmanr(p, t).statistic) if len(t) > 2 and np.std(p) > 0 else float("nan")
/Users/adityanagarsekar/Downloads/Courses/LOP_Snehanshu/FGBO/icbinb/train.py:35: RuntimeWarning: Mean of empty slice.
  mse = float(((p - t) ** 2).mean())
/opt/anaconda3/envs/tf-ml-gpu/lib/python3.10/site-packages/numpy/core/_methods.py:129: RuntimeWarning: invalid value encountered in divide
  ret = ret.dtype.type(ret / rcount)
/Users/adityanagarsekar/Downloads/Courses/LOP_Snehanshu/FGBO/icbinb/train.py:36: RuntimeWarning: Mean of empty slice.
  mae = float(np.abs(p - t).mean())
/Users/adityanagarsekar/Downloads/Courses/LOP_Snehanshu/FGBO/icbinb/train.py:35: RuntimeWarning: Mean of empty slice.
  mse = float(((p - t) ** 2).mean())
/opt/anaconda3/envs/tf-ml-gpu/lib/python3.10/site-packages/numpy/core/_methods.py:129: RuntimeWarning: invalid value encountered in divide
  ret = ret.dtype.type(ret / rcount)
/Users/adityanagarsekar/Downloads/Courses/LOP_Snehanshu/FGBO/icbinb/train.py:36: RuntimeWarning: Mean of empty slice.
  mae = float(np.abs(p - t).mean())
/Users/adityanagarsekar/Downloads/Courses/LOP_Snehanshu/FGBO/icbinb/train.py:35: RuntimeWarning: Mean of empty slice.
  mse = float(((p - t) ** 2).mean())
/opt/anaconda3/envs/tf-ml-gpu/lib/python3.10/site-packages/numpy/core/_methods.py:129: RuntimeWarning: invalid value encountered in divide
  ret = ret.dtype.type(ret / rcount)
/Users/adityanagarsekar/Downloads/Courses/LOP_Snehanshu/FGBO/icbinb/train.py:36: RuntimeWarning: Mean of empty slice.
  mae = float(np.abs(p - t).mean())
/Users/adityanagarsekar/Downloads/Courses/LOP_Snehanshu/FGBO/icbinb/train.py:37: ConstantInputWarning: An input array is constant; the correlation coefficient is not defined.
  rho = float(spearmanr(p, t).statistic) if len(t) > 2 and np.std(p) > 0 else float("nan")
/Users/adityanagarsekar/Downloads/Courses/LOP_Snehanshu/FGBO/icbinb/train.py:35: RuntimeWarning: Mean of empty slice.
  mse = float(((p - t) ** 2).mean())
/opt/anaconda3/envs/tf-ml-gpu/lib/python3.10/site-packages/numpy/core/_methods.py:129: RuntimeWarning: invalid value encountered in divide
  ret = ret.dtype.type(ret / rcount)
/Users/adityanagarsekar/Downloads/Courses/LOP_Snehanshu/FGBO/icbinb/train.py:36: RuntimeWarning: Mean of empty slice.
  mae = float(np.abs(p - t).mean())
/Users/adityanagarsekar/Downloads/Courses/LOP_Snehanshu/FGBO/icbinb/train.py:35: RuntimeWarning: Mean of empty slice.
  mse = float(((p - t) ** 2).mean())
/opt/anaconda3/envs/tf-ml-gpu/lib/python3.10/site-packages/numpy/core/_methods.py:129: RuntimeWarning: invalid value encountered in divide
  ret = ret.dtype.type(ret / rcount)
/Users/adityanagarsekar/Downloads/Courses/LOP_Snehanshu/FGBO/icbinb/train.py:36: RuntimeWarning: Mean of empty slice.
  mae = float(np.abs(p - t).mean())
/Users/adityanagarsekar/Downloads/Courses/LOP_Snehanshu/FGBO/icbinb/train.py:35: RuntimeWarning: Mean of empty slice.
  mse = float(((p - t) ** 2).mean())
/opt/anaconda3/envs/tf-ml-gpu/lib/python3.10/site-packages/numpy/core/_methods.py:129: RuntimeWarning: invalid value encountered in divide
  ret = ret.dtype.type(ret / rcount)
/Users/adityanagarsekar/Downloads/Courses/LOP_Snehanshu/FGBO/icbinb/train.py:36: RuntimeWarning: Mean of empty slice.
  mae = float(np.abs(p - t).mean())
/Users/adityanagarsekar/Downloads/Courses/LOP_Snehanshu/FGBO/icbinb/train.py:35: RuntimeWarning: Mean of empty slice.
  mse = float(((p - t) ** 2).mean())
/opt/anaconda3/envs/tf-ml-gpu/lib/python3.10/site-packages/numpy/core/_methods.py:129: RuntimeWarning: invalid value encountered in divide
  ret = ret.dtype.type(ret / rcount)
/Users/adityanagarsekar/Downloads/Courses/LOP_Snehanshu/FGBO/icbinb/train.py:36: RuntimeWarning: Mean of empty slice.
  mae = float(np.abs(p - t).mean())
/Users/adityanagarsekar/Downloads/Courses/LOP_Snehanshu/FGBO/icbinb/train.py:35: RuntimeWarning: Mean of empty slice.
  mse = float(((p - t) ** 2).mean())
/opt/anaconda3/envs/tf-ml-gpu/lib/python3.10/site-packages/numpy/core/_methods.py:129: RuntimeWarning: invalid value encountered in divide
  ret = ret.dtype.type(ret / rcount)
/Users/adityanagarsekar/Downloads/Courses/LOP_Snehanshu/FGBO/icbinb/train.py:36: RuntimeWarning: Mean of empty slice.
  mae = float(np.abs(p - t).mean())
/Users/adityanagarsekar/Downloads/Courses/LOP_Snehanshu/FGBO/icbinb/train.py:35: RuntimeWarning: Mean of empty slice.
  mse = float(((p - t) ** 2).mean())
/opt/anaconda3/envs/tf-ml-gpu/lib/python3.10/site-packages/numpy/core/_methods.py:129: RuntimeWarning: invalid value encountered in divide
  ret = ret.dtype.type(ret / rcount)
/Users/adityanagarsekar/Downloads/Courses/LOP_Snehanshu/FGBO/icbinb/train.py:36: RuntimeWarning: Mean of empty slice.
  mae = float(np.abs(p - t).mean())
/Users/adityanagarsekar/Downloads/Courses/LOP_Snehanshu/FGBO/icbinb/train.py:35: RuntimeWarning: Mean of empty slice.
  mse = float(((p - t) ** 2).mean())
/opt/anaconda3/envs/tf-ml-gpu/lib/python3.10/site-packages/numpy/core/_methods.py:129: RuntimeWarning: invalid value encountered in divide
  ret = ret.dtype.type(ret / rcount)
/Users/adityanagarsekar/Downloads/Courses/LOP_Snehanshu/FGBO/icbinb/train.py:36: RuntimeWarning: Mean of empty slice.
  mae = float(np.abs(p - t).mean())
/Users/adityanagarsekar/Downloads/Courses/LOP_Snehanshu/FGBO/icbinb/train.py:37: ConstantInputWarning: An input array is constant; the correlation coefficient is not defined.
  rho = float(spearmanr(p, t).statistic) if len(t) > 2 and np.std(p) > 0 else float("nan")
/Users/adityanagarsekar/Downloads/Courses/LOP_Snehanshu/FGBO/icbinb/train.py:35: RuntimeWarning: Mean of empty slice.
  mse = float(((p - t) ** 2).mean())
/opt/anaconda3/envs/tf-ml-gpu/lib/python3.10/site-packages/numpy/core/_methods.py:129: RuntimeWarning: invalid value encountered in divide
  ret = ret.dtype.type(ret / rcount)
/Users/adityanagarsekar/Downloads/Courses/LOP_Snehanshu/FGBO/icbinb/train.py:36: RuntimeWarning: Mean of empty slice.
  mae = float(np.abs(p - t).mean())
/Users/adityanagarsekar/Downloads/Courses/LOP_Snehanshu/FGBO/icbinb/train.py:35: RuntimeWarning: Mean of empty slice.
  mse = float(((p - t) ** 2).mean())
/opt/anaconda3/envs/tf-ml-gpu/lib/python3.10/site-packages/numpy/core/_methods.py:129: RuntimeWarning: invalid value encountered in divide
  ret = ret.dtype.type(ret / rcount)
/Users/adityanagarsekar/Downloads/Courses/LOP_Snehanshu/FGBO/icbinb/train.py:36: RuntimeWarning: Mean of empty slice.
  mae = float(np.abs(p - t).mean())
/Users/adityanagarsekar/Downloads/Courses/LOP_Snehanshu/FGBO/icbinb/train.py:35: RuntimeWarning: Mean of empty slice.
  mse = float(((p - t) ** 2).mean())
/opt/anaconda3/envs/tf-ml-gpu/lib/python3.10/site-packages/numpy/core/_methods.py:129: RuntimeWarning: invalid value encountered in divide
  ret = ret.dtype.type(ret / rcount)
/Users/adityanagarsekar/Downloads/Courses/LOP_Snehanshu/FGBO/icbinb/train.py:36: RuntimeWarning: Mean of empty slice.
  mae = float(np.abs(p - t).mean())
/Users/adityanagarsekar/Downloads/Courses/LOP_Snehanshu/FGBO/icbinb/train.py:37: ConstantInputWarning: An input array is constant; the correlation coefficient is not defined.
  rho = float(spearmanr(p, t).statistic) if len(t) > 2 and np.std(p) > 0 else float("nan")
/Users/adityanagarsekar/Downloads/Courses/LOP_Snehanshu/FGBO/icbinb/train.py:35: RuntimeWarning: Mean of empty slice.
  mse = float(((p - t) ** 2).mean())
/opt/anaconda3/envs/tf-ml-gpu/lib/python3.10/site-packages/numpy/core/_methods.py:129: RuntimeWarning: invalid value encountered in divide
  ret = ret.dtype.type(ret / rcount)
/Users/adityanagarsekar/Downloads/Courses/LOP_Snehanshu/FGBO/icbinb/train.py:36: RuntimeWarning: Mean of empty slice.
  mae = float(np.abs(p - t).mean())
/Users/adityanagarsekar/Downloads/Courses/LOP_Snehanshu/FGBO/icbinb/train.py:35: RuntimeWarning: Mean of empty slice.
  mse = float(((p - t) ** 2).mean())
/opt/anaconda3/envs/tf-ml-gpu/lib/python3.10/site-packages/numpy/core/_methods.py:129: RuntimeWarning: invalid value encountered in divide
  ret = ret.dtype.type(ret / rcount)
/Users/adityanagarsekar/Downloads/Courses/LOP_Snehanshu/FGBO/icbinb/train.py:36: RuntimeWarning: Mean of empty slice.
  mae = float(np.abs(p - t).mean())
/Users/adityanagarsekar/Downloads/Courses/LOP_Snehanshu/FGBO/icbinb/train.py:37: ConstantInputWarning: An input array is constant; the correlation coefficient is not defined.
  rho = float(spearmanr(p, t).statistic) if len(t) > 2 and np.std(p) > 0 else float("nan")
/Users/adityanagarsekar/Downloads/Courses/LOP_Snehanshu/FGBO/icbinb/train.py:35: RuntimeWarning: Mean of empty slice.
  mse = float(((p - t) ** 2).mean())
/opt/anaconda3/envs/tf-ml-gpu/lib/python3.10/site-packages/numpy/core/_methods.py:129: RuntimeWarning: invalid value encountered in divide
  ret = ret.dtype.type(ret / rcount)
/Users/adityanagarsekar/Downloads/Courses/LOP_Snehanshu/FGBO/icbinb/train.py:36: RuntimeWarning: Mean of empty slice.
  mae = float(np.abs(p - t).mean())
/Users/adityanagarsekar/Downloads/Courses/LOP_Snehanshu/FGBO/icbinb/train.py:35: RuntimeWarning: Mean of empty slice.
  mse = float(((p - t) ** 2).mean())
/opt/anaconda3/envs/tf-ml-gpu/lib/python3.10/site-packages/numpy/core/_methods.py:129: RuntimeWarning: invalid value encountered in divide
  ret = ret.dtype.type(ret / rcount)
/Users/adityanagarsekar/Downloads/Courses/LOP_Snehanshu/FGBO/icbinb/train.py:36: RuntimeWarning: Mean of empty slice.
  mae = float(np.abs(p - t).mean())
  valfree_pool  amylase         outer009  48 rows   344.1s
/Users/adityanagarsekar/Downloads/Courses/LOP_Snehanshu/FGBO/icbinb/train.py:35: RuntimeWarning: Mean of empty slice.
  mse = float(((p - t) ** 2).mean())
/opt/anaconda3/envs/tf-ml-gpu/lib/python3.10/site-packages/numpy/core/_methods.py:129: RuntimeWarning: invalid value encountered in divide
  ret = ret.dtype.type(ret / rcount)
/Users/adityanagarsekar/Downloads/Courses/LOP_Snehanshu/FGBO/icbinb/train.py:36: RuntimeWarning: Mean of empty slice.
  mae = float(np.abs(p - t).mean())
/Users/adityanagarsekar/Downloads/Courses/LOP_Snehanshu/FGBO/icbinb/train.py:35: RuntimeWarning: Mean of empty slice.
  mse = float(((p - t) ** 2).mean())
/opt/anaconda3/envs/tf-ml-gpu/lib/python3.10/site-packages/numpy/core/_methods.py:129: RuntimeWarning: invalid value encountered in divide
  ret = ret.dtype.type(ret / rcount)
/Users/adityanagarsekar/Downloads/Courses/LOP_Snehanshu/FGBO/icbinb/train.py:36: RuntimeWarning: Mean of empty slice.
  mae = float(np.abs(p - t).mean())
/Users/adityanagarsekar/Downloads/Courses/LOP_Snehanshu/FGBO/icbinb/train.py:37: ConstantInputWarning: An input array is constant; the correlation coefficient is not defined.
  rho = float(spearmanr(p, t).statistic) if len(t) > 2 and np.std(p) > 0 else float("nan")
/Users/adityanagarsekar/Downloads/Courses/LOP_Snehanshu/FGBO/icbinb/train.py:35: RuntimeWarning: Mean of empty slice.
  mse = float(((p - t) ** 2).mean())
/opt/anaconda3/envs/tf-ml-gpu/lib/python3.10/site-packages/numpy/core/_methods.py:129: RuntimeWarning: invalid value encountered in divide
  ret = ret.dtype.type(ret / rcount)
/Users/adityanagarsekar/Downloads/Courses/LOP_Snehanshu/FGBO/icbinb/train.py:36: RuntimeWarning: Mean of empty slice.
  mae = float(np.abs(p - t).mean())
/Users/adityanagarsekar/Downloads/Courses/LOP_Snehanshu/FGBO/icbinb/train.py:37: ConstantInputWarning: An input array is constant; the correlation coefficient is not defined.
  rho = float(spearmanr(p, t).statistic) if len(t) > 2 and np.std(p) > 0 else float("nan")
/Users/adityanagarsekar/Downloads/Courses/LOP_Snehanshu/FGBO/icbinb/train.py:35: RuntimeWarning: Mean of empty slice.
  mse = float(((p - t) ** 2).mean())
/opt/anaconda3/envs/tf-ml-gpu/lib/python3.10/site-packages/numpy/core/_methods.py:129: RuntimeWarning: invalid value encountered in divide
  ret = ret.dtype.type(ret / rcount)
/Users/adityanagarsekar/Downloads/Courses/LOP_Snehanshu/FGBO/icbinb/train.py:36: RuntimeWarning: Mean of empty slice.
  mae = float(np.abs(p - t).mean())
/Users/adityanagarsekar/Downloads/Courses/LOP_Snehanshu/FGBO/icbinb/train.py:37: ConstantInputWarning: An input array is constant; the correlation coefficient is not defined.
  rho = float(spearmanr(p, t).statistic) if len(t) > 2 and np.std(p) > 0 else float("nan")
/Users/adityanagarsekar/Downloads/Courses/LOP_Snehanshu/FGBO/icbinb/train.py:35: RuntimeWarning: Mean of empty slice.
  mse = float(((p - t) ** 2).mean())
/opt/anaconda3/envs/tf-ml-gpu/lib/python3.10/site-packages/numpy/core/_methods.py:129: RuntimeWarning: invalid value encountered in divide
  ret = ret.dtype.type(ret / rcount)
/Users/adityanagarsekar/Downloads/Courses/LOP_Snehanshu/FGBO/icbinb/train.py:36: RuntimeWarning: Mean of empty slice.
  mae = float(np.abs(p - t).mean())
/Users/adityanagarsekar/Downloads/Courses/LOP_Snehanshu/FGBO/icbinb/train.py:35: RuntimeWarning: Mean of empty slice.
  mse = float(((p - t) ** 2).mean())
/opt/anaconda3/envs/tf-ml-gpu/lib/python3.10/site-packages/numpy/core/_methods.py:129: RuntimeWarning: invalid value encountered in divide
  ret = ret.dtype.type(ret / rcount)
/Users/adityanagarsekar/Downloads/Courses/LOP_Snehanshu/FGBO/icbinb/train.py:36: RuntimeWarning: Mean of empty slice.
  mae = float(np.abs(p - t).mean())
/Users/adityanagarsekar/Downloads/Courses/LOP_Snehanshu/FGBO/icbinb/train.py:35: RuntimeWarning: Mean of empty slice.
  mse = float(((p - t) ** 2).mean())
/opt/anaconda3/envs/tf-ml-gpu/lib/python3.10/site-packages/numpy/core/_methods.py:129: RuntimeWarning: invalid value encountered in divide
  ret = ret.dtype.type(ret / rcount)
/Users/adityanagarsekar/Downloads/Courses/LOP_Snehanshu/FGBO/icbinb/train.py:36: RuntimeWarning: Mean of empty slice.
  mae = float(np.abs(p - t).mean())
/Users/adityanagarsekar/Downloads/Courses/LOP_Snehanshu/FGBO/icbinb/train.py:35: RuntimeWarning: Mean of empty slice.
  mse = float(((p - t) ** 2).mean())
/opt/anaconda3/envs/tf-ml-gpu/lib/python3.10/site-packages/numpy/core/_methods.py:129: RuntimeWarning: invalid value encountered in divide
  ret = ret.dtype.type(ret / rcount)
/Users/adityanagarsekar/Downloads/Courses/LOP_Snehanshu/FGBO/icbinb/train.py:36: RuntimeWarning: Mean of empty slice.
  mae = float(np.abs(p - t).mean())
/Users/adityanagarsekar/Downloads/Courses/LOP_Snehanshu/FGBO/icbinb/train.py:35: RuntimeWarning: Mean of empty slice.
  mse = float(((p - t) ** 2).mean())
/opt/anaconda3/envs/tf-ml-gpu/lib/python3.10/site-packages/numpy/core/_methods.py:129: RuntimeWarning: invalid value encountered in divide
  ret = ret.dtype.type(ret / rcount)
/Users/adityanagarsekar/Downloads/Courses/LOP_Snehanshu/FGBO/icbinb/train.py:36: RuntimeWarning: Mean of empty slice.
  mae = float(np.abs(p - t).mean())
/Users/adityanagarsekar/Downloads/Courses/LOP_Snehanshu/FGBO/icbinb/train.py:35: RuntimeWarning: Mean of empty slice.
  mse = float(((p - t) ** 2).mean())
/opt/anaconda3/envs/tf-ml-gpu/lib/python3.10/site-packages/numpy/core/_methods.py:129: RuntimeWarning: invalid value encountered in divide
  ret = ret.dtype.type(ret / rcount)
/Users/adityanagarsekar/Downloads/Courses/LOP_Snehanshu/FGBO/icbinb/train.py:36: RuntimeWarning: Mean of empty slice.
  mae = float(np.abs(p - t).mean())
/Users/adityanagarsekar/Downloads/Courses/LOP_Snehanshu/FGBO/icbinb/train.py:37: ConstantInputWarning: An input array is constant; the correlation coefficient is not defined.
  rho = float(spearmanr(p, t).statistic) if len(t) > 2 and np.std(p) > 0 else float("nan")
/Users/adityanagarsekar/Downloads/Courses/LOP_Snehanshu/FGBO/icbinb/train.py:35: RuntimeWarning: Mean of empty slice.
  mse = float(((p - t) ** 2).mean())
/opt/anaconda3/envs/tf-ml-gpu/lib/python3.10/site-packages/numpy/core/_methods.py:129: RuntimeWarning: invalid value encountered in divide
  ret = ret.dtype.type(ret / rcount)
/Users/adityanagarsekar/Downloads/Courses/LOP_Snehanshu/FGBO/icbinb/train.py:36: RuntimeWarning: Mean of empty slice.
  mae = float(np.abs(p - t).mean())
/Users/adityanagarsekar/Downloads/Courses/LOP_Snehanshu/FGBO/icbinb/train.py:35: RuntimeWarning: Mean of empty slice.
  mse = float(((p - t) ** 2).mean())
/opt/anaconda3/envs/tf-ml-gpu/lib/python3.10/site-packages/numpy/core/_methods.py:129: RuntimeWarning: invalid value encountered in divide
  ret = ret.dtype.type(ret / rcount)
/Users/adityanagarsekar/Downloads/Courses/LOP_Snehanshu/FGBO/icbinb/train.py:36: RuntimeWarning: Mean of empty slice.
  mae = float(np.abs(p - t).mean())
/Users/adityanagarsekar/Downloads/Courses/LOP_Snehanshu/FGBO/icbinb/train.py:35: RuntimeWarning: Mean of empty slice.
  mse = float(((p - t) ** 2).mean())
/opt/anaconda3/envs/tf-ml-gpu/lib/python3.10/site-packages/numpy/core/_methods.py:129: RuntimeWarning: invalid value encountered in divide
  ret = ret.dtype.type(ret / rcount)
/Users/adityanagarsekar/Downloads/Courses/LOP_Snehanshu/FGBO/icbinb/train.py:36: RuntimeWarning: Mean of empty slice.
  mae = float(np.abs(p - t).mean())
/Users/adityanagarsekar/Downloads/Courses/LOP_Snehanshu/FGBO/icbinb/train.py:35: RuntimeWarning: Mean of empty slice.
  mse = float(((p - t) ** 2).mean())
/opt/anaconda3/envs/tf-ml-gpu/lib/python3.10/site-packages/numpy/core/_methods.py:129: RuntimeWarning: invalid value encountered in divide
  ret = ret.dtype.type(ret / rcount)
/Users/adityanagarsekar/Downloads/Courses/LOP_Snehanshu/FGBO/icbinb/train.py:36: RuntimeWarning: Mean of empty slice.
  mae = float(np.abs(p - t).mean())
/Users/adityanagarsekar/Downloads/Courses/LOP_Snehanshu/FGBO/icbinb/train.py:35: RuntimeWarning: Mean of empty slice.
  mse = float(((p - t) ** 2).mean())
/opt/anaconda3/envs/tf-ml-gpu/lib/python3.10/site-packages/numpy/core/_methods.py:129: RuntimeWarning: invalid value encountered in divide
  ret = ret.dtype.type(ret / rcount)
/Users/adityanagarsekar/Downloads/Courses/LOP_Snehanshu/FGBO/icbinb/train.py:36: RuntimeWarning: Mean of empty slice.
  mae = float(np.abs(p - t).mean())
/Users/adityanagarsekar/Downloads/Courses/LOP_Snehanshu/FGBO/icbinb/train.py:35: RuntimeWarning: Mean of empty slice.
  mse = float(((p - t) ** 2).mean())
/opt/anaconda3/envs/tf-ml-gpu/lib/python3.10/site-packages/numpy/core/_methods.py:129: RuntimeWarning: invalid value encountered in divide
  ret = ret.dtype.type(ret / rcount)
/Users/adityanagarsekar/Downloads/Courses/LOP_Snehanshu/FGBO/icbinb/train.py:36: RuntimeWarning: Mean of empty slice.
  mae = float(np.abs(p - t).mean())
/Users/adityanagarsekar/Downloads/Courses/LOP_Snehanshu/FGBO/icbinb/train.py:35: RuntimeWarning: Mean of empty slice.
  mse = float(((p - t) ** 2).mean())
/opt/anaconda3/envs/tf-ml-gpu/lib/python3.10/site-packages/numpy/core/_methods.py:129: RuntimeWarning: invalid value encountered in divide
  ret = ret.dtype.type(ret / rcount)
/Users/adityanagarsekar/Downloads/Courses/LOP_Snehanshu/FGBO/icbinb/train.py:36: RuntimeWarning: Mean of empty slice.
  mae = float(np.abs(p - t).mean())
/Users/adityanagarsekar/Downloads/Courses/LOP_Snehanshu/FGBO/icbinb/train.py:35: RuntimeWarning: Mean of empty slice.
  mse = float(((p - t) ** 2).mean())
/opt/anaconda3/envs/tf-ml-gpu/lib/python3.10/site-packages/numpy/core/_methods.py:129: RuntimeWarning: invalid value encountered in divide
  ret = ret.dtype.type(ret / rcount)
/Users/adityanagarsekar/Downloads/Courses/LOP_Snehanshu/FGBO/icbinb/train.py:36: RuntimeWarning: Mean of empty slice.
  mae = float(np.abs(p - t).mean())
/Users/adityanagarsekar/Downloads/Courses/LOP_Snehanshu/FGBO/icbinb/train.py:35: RuntimeWarning: Mean of empty slice.
  mse = float(((p - t) ** 2).mean())
/opt/anaconda3/envs/tf-ml-gpu/lib/python3.10/site-packages/numpy/core/_methods.py:129: RuntimeWarning: invalid value encountered in divide
  ret = ret.dtype.type(ret / rcount)
/Users/adityanagarsekar/Downloads/Courses/LOP_Snehanshu/FGBO/icbinb/train.py:36: RuntimeWarning: Mean of empty slice.
  mae = float(np.abs(p - t).mean())
/Users/adityanagarsekar/Downloads/Courses/LOP_Snehanshu/FGBO/icbinb/train.py:35: RuntimeWarning: Mean of empty slice.
  mse = float(((p - t) ** 2).mean())
/opt/anaconda3/envs/tf-ml-gpu/lib/python3.10/site-packages/numpy/core/_methods.py:129: RuntimeWarning: invalid value encountered in divide
  ret = ret.dtype.type(ret / rcount)
/Users/adityanagarsekar/Downloads/Courses/LOP_Snehanshu/FGBO/icbinb/train.py:36: RuntimeWarning: Mean of empty slice.
  mae = float(np.abs(p - t).mean())
/Users/adityanagarsekar/Downloads/Courses/LOP_Snehanshu/FGBO/icbinb/train.py:35: RuntimeWarning: Mean of empty slice.
  mse = float(((p - t) ** 2).mean())
/opt/anaconda3/envs/tf-ml-gpu/lib/python3.10/site-packages/numpy/core/_methods.py:129: RuntimeWarning: invalid value encountered in divide
  ret = ret.dtype.type(ret / rcount)
/Users/adityanagarsekar/Downloads/Courses/LOP_Snehanshu/FGBO/icbinb/train.py:36: RuntimeWarning: Mean of empty slice.
  mae = float(np.abs(p - t).mean())
/Users/adityanagarsekar/Downloads/Courses/LOP_Snehanshu/FGBO/icbinb/train.py:35: RuntimeWarning: Mean of empty slice.
  mse = float(((p - t) ** 2).mean())
/opt/anaconda3/envs/tf-ml-gpu/lib/python3.10/site-packages/numpy/core/_methods.py:129: RuntimeWarning: invalid value encountered in divide
  ret = ret.dtype.type(ret / rcount)
/Users/adityanagarsekar/Downloads/Courses/LOP_Snehanshu/FGBO/icbinb/train.py:36: RuntimeWarning: Mean of empty slice.
  mae = float(np.abs(p - t).mean())
/Users/adityanagarsekar/Downloads/Courses/LOP_Snehanshu/FGBO/icbinb/train.py:37: ConstantInputWarning: An input array is constant; the correlation coefficient is not defined.
  rho = float(spearmanr(p, t).statistic) if len(t) > 2 and np.std(p) > 0 else float("nan")
/Users/adityanagarsekar/Downloads/Courses/LOP_Snehanshu/FGBO/icbinb/train.py:35: RuntimeWarning: Mean of empty slice.
  mse = float(((p - t) ** 2).mean())
/opt/anaconda3/envs/tf-ml-gpu/lib/python3.10/site-packages/numpy/core/_methods.py:129: RuntimeWarning: invalid value encountered in divide
  ret = ret.dtype.type(ret / rcount)
/Users/adityanagarsekar/Downloads/Courses/LOP_Snehanshu/FGBO/icbinb/train.py:36: RuntimeWarning: Mean of empty slice.
  mae = float(np.abs(p - t).mean())
/Users/adityanagarsekar/Downloads/Courses/LOP_Snehanshu/FGBO/icbinb/train.py:35: RuntimeWarning: Mean of empty slice.
  mse = float(((p - t) ** 2).mean())
/opt/anaconda3/envs/tf-ml-gpu/lib/python3.10/site-packages/numpy/core/_methods.py:129: RuntimeWarning: invalid value encountered in divide
  ret = ret.dtype.type(ret / rcount)
/Users/adityanagarsekar/Downloads/Courses/LOP_Snehanshu/FGBO/icbinb/train.py:36: RuntimeWarning: Mean of empty slice.
  mae = float(np.abs(p - t).mean())
/Users/adityanagarsekar/Downloads/Courses/LOP_Snehanshu/FGBO/icbinb/train.py:35: RuntimeWarning: Mean of empty slice.
  mse = float(((p - t) ** 2).mean())
/opt/anaconda3/envs/tf-ml-gpu/lib/python3.10/site-packages/numpy/core/_methods.py:129: RuntimeWarning: invalid value encountered in divide
  ret = ret.dtype.type(ret / rcount)
/Users/adityanagarsekar/Downloads/Courses/LOP_Snehanshu/FGBO/icbinb/train.py:36: RuntimeWarning: Mean of empty slice.
  mae = float(np.abs(p - t).mean())
/Users/adityanagarsekar/Downloads/Courses/LOP_Snehanshu/FGBO/icbinb/train.py:35: RuntimeWarning: Mean of empty slice.
  mse = float(((p - t) ** 2).mean())
/opt/anaconda3/envs/tf-ml-gpu/lib/python3.10/site-packages/numpy/core/_methods.py:129: RuntimeWarning: invalid value encountered in divide
  ret = ret.dtype.type(ret / rcount)
/Users/adityanagarsekar/Downloads/Courses/LOP_Snehanshu/FGBO/icbinb/train.py:36: RuntimeWarning: Mean of empty slice.
  mae = float(np.abs(p - t).mean())
/Users/adityanagarsekar/Downloads/Courses/LOP_Snehanshu/FGBO/icbinb/train.py:35: RuntimeWarning: Mean of empty slice.
  mse = float(((p - t) ** 2).mean())
/opt/anaconda3/envs/tf-ml-gpu/lib/python3.10/site-packages/numpy/core/_methods.py:129: RuntimeWarning: invalid value encountered in divide
  ret = ret.dtype.type(ret / rcount)
/Users/adityanagarsekar/Downloads/Courses/LOP_Snehanshu/FGBO/icbinb/train.py:36: RuntimeWarning: Mean of empty slice.
  mae = float(np.abs(p - t).mean())
/Users/adityanagarsekar/Downloads/Courses/LOP_Snehanshu/FGBO/icbinb/train.py:35: RuntimeWarning: Mean of empty slice.
  mse = float(((p - t) ** 2).mean())
/opt/anaconda3/envs/tf-ml-gpu/lib/python3.10/site-packages/numpy/core/_methods.py:129: RuntimeWarning: invalid value encountered in divide
  ret = ret.dtype.type(ret / rcount)
/Users/adityanagarsekar/Downloads/Courses/LOP_Snehanshu/FGBO/icbinb/train.py:36: RuntimeWarning: Mean of empty slice.
  mae = float(np.abs(p - t).mean())
/Users/adityanagarsekar/Downloads/Courses/LOP_Snehanshu/FGBO/icbinb/train.py:35: RuntimeWarning: Mean of empty slice.
  mse = float(((p - t) ** 2).mean())
/opt/anaconda3/envs/tf-ml-gpu/lib/python3.10/site-packages/numpy/core/_methods.py:129: RuntimeWarning: invalid value encountered in divide
  ret = ret.dtype.type(ret / rcount)
/Users/adityanagarsekar/Downloads/Courses/LOP_Snehanshu/FGBO/icbinb/train.py:36: RuntimeWarning: Mean of empty slice.
  mae = float(np.abs(p - t).mean())
/Users/adityanagarsekar/Downloads/Courses/LOP_Snehanshu/FGBO/icbinb/train.py:37: ConstantInputWarning: An input array is constant; the correlation coefficient is not defined.
  rho = float(spearmanr(p, t).statistic) if len(t) > 2 and np.std(p) > 0 else float("nan")
/Users/adityanagarsekar/Downloads/Courses/LOP_Snehanshu/FGBO/icbinb/train.py:35: RuntimeWarning: Mean of empty slice.
  mse = float(((p - t) ** 2).mean())
/opt/anaconda3/envs/tf-ml-gpu/lib/python3.10/site-packages/numpy/core/_methods.py:129: RuntimeWarning: invalid value encountered in divide
  ret = ret.dtype.type(ret / rcount)
/Users/adityanagarsekar/Downloads/Courses/LOP_Snehanshu/FGBO/icbinb/train.py:36: RuntimeWarning: Mean of empty slice.
  mae = float(np.abs(p - t).mean())
/Users/adityanagarsekar/Downloads/Courses/LOP_Snehanshu/FGBO/icbinb/train.py:37: ConstantInputWarning: An input array is constant; the correlation coefficient is not defined.
  rho = float(spearmanr(p, t).statistic) if len(t) > 2 and np.std(p) > 0 else float("nan")
/Users/adityanagarsekar/Downloads/Courses/LOP_Snehanshu/FGBO/icbinb/train.py:35: RuntimeWarning: Mean of empty slice.
  mse = float(((p - t) ** 2).mean())
/opt/anaconda3/envs/tf-ml-gpu/lib/python3.10/site-packages/numpy/core/_methods.py:129: RuntimeWarning: invalid value encountered in divide
  ret = ret.dtype.type(ret / rcount)
/Users/adityanagarsekar/Downloads/Courses/LOP_Snehanshu/FGBO/icbinb/train.py:36: RuntimeWarning: Mean of empty slice.
  mae = float(np.abs(p - t).mean())
/Users/adityanagarsekar/Downloads/Courses/LOP_Snehanshu/FGBO/icbinb/train.py:35: RuntimeWarning: Mean of empty slice.
  mse = float(((p - t) ** 2).mean())
/opt/anaconda3/envs/tf-ml-gpu/lib/python3.10/site-packages/numpy/core/_methods.py:129: RuntimeWarning: invalid value encountered in divide
  ret = ret.dtype.type(ret / rcount)
/Users/adityanagarsekar/Downloads/Courses/LOP_Snehanshu/FGBO/icbinb/train.py:36: RuntimeWarning: Mean of empty slice.
  mae = float(np.abs(p - t).mean())
/Users/adityanagarsekar/Downloads/Courses/LOP_Snehanshu/FGBO/icbinb/train.py:35: RuntimeWarning: Mean of empty slice.
  mse = float(((p - t) ** 2).mean())
/opt/anaconda3/envs/tf-ml-gpu/lib/python3.10/site-packages/numpy/core/_methods.py:129: RuntimeWarning: invalid value encountered in divide
  ret = ret.dtype.type(ret / rcount)
/Users/adityanagarsekar/Downloads/Courses/LOP_Snehanshu/FGBO/icbinb/train.py:36: RuntimeWarning: Mean of empty slice.
  mae = float(np.abs(p - t).mean())
/Users/adityanagarsekar/Downloads/Courses/LOP_Snehanshu/FGBO/icbinb/train.py:35: RuntimeWarning: Mean of empty slice.
  mse = float(((p - t) ** 2).mean())
/opt/anaconda3/envs/tf-ml-gpu/lib/python3.10/site-packages/numpy/core/_methods.py:129: RuntimeWarning: invalid value encountered in divide
  ret = ret.dtype.type(ret / rcount)
/Users/adityanagarsekar/Downloads/Courses/LOP_Snehanshu/FGBO/icbinb/train.py:36: RuntimeWarning: Mean of empty slice.
  mae = float(np.abs(p - t).mean())
/Users/adityanagarsekar/Downloads/Courses/LOP_Snehanshu/FGBO/icbinb/train.py:35: RuntimeWarning: Mean of empty slice.
  mse = float(((p - t) ** 2).mean())
/opt/anaconda3/envs/tf-ml-gpu/lib/python3.10/site-packages/numpy/core/_methods.py:129: RuntimeWarning: invalid value encountered in divide
  ret = ret.dtype.type(ret / rcount)
/Users/adityanagarsekar/Downloads/Courses/LOP_Snehanshu/FGBO/icbinb/train.py:36: RuntimeWarning: Mean of empty slice.
  mae = float(np.abs(p - t).mean())
/Users/adityanagarsekar/Downloads/Courses/LOP_Snehanshu/FGBO/icbinb/train.py:35: RuntimeWarning: Mean of empty slice.
  mse = float(((p - t) ** 2).mean())
/opt/anaconda3/envs/tf-ml-gpu/lib/python3.10/site-packages/numpy/core/_methods.py:129: RuntimeWarning: invalid value encountered in divide
  ret = ret.dtype.type(ret / rcount)
/Users/adityanagarsekar/Downloads/Courses/LOP_Snehanshu/FGBO/icbinb/train.py:36: RuntimeWarning: Mean of empty slice.
  mae = float(np.abs(p - t).mean())
/Users/adityanagarsekar/Downloads/Courses/LOP_Snehanshu/FGBO/icbinb/train.py:35: RuntimeWarning: Mean of empty slice.
  mse = float(((p - t) ** 2).mean())
/opt/anaconda3/envs/tf-ml-gpu/lib/python3.10/site-packages/numpy/core/_methods.py:129: RuntimeWarning: invalid value encountered in divide
  ret = ret.dtype.type(ret / rcount)
/Users/adityanagarsekar/Downloads/Courses/LOP_Snehanshu/FGBO/icbinb/train.py:36: RuntimeWarning: Mean of empty slice.
  mae = float(np.abs(p - t).mean())
/Users/adityanagarsekar/Downloads/Courses/LOP_Snehanshu/FGBO/icbinb/train.py:35: RuntimeWarning: Mean of empty slice.
  mse = float(((p - t) ** 2).mean())
/opt/anaconda3/envs/tf-ml-gpu/lib/python3.10/site-packages/numpy/core/_methods.py:129: RuntimeWarning: invalid value encountered in divide
  ret = ret.dtype.type(ret / rcount)
/Users/adityanagarsekar/Downloads/Courses/LOP_Snehanshu/FGBO/icbinb/train.py:36: RuntimeWarning: Mean of empty slice.
  mae = float(np.abs(p - t).mean())
/Users/adityanagarsekar/Downloads/Courses/LOP_Snehanshu/FGBO/icbinb/train.py:35: RuntimeWarning: Mean of empty slice.
  mse = float(((p - t) ** 2).mean())
/opt/anaconda3/envs/tf-ml-gpu/lib/python3.10/site-packages/numpy/core/_methods.py:129: RuntimeWarning: invalid value encountered in divide
  ret = ret.dtype.type(ret / rcount)
/Users/adityanagarsekar/Downloads/Courses/LOP_Snehanshu/FGBO/icbinb/train.py:36: RuntimeWarning: Mean of empty slice.
  mae = float(np.abs(p - t).mean())
/Users/adityanagarsekar/Downloads/Courses/LOP_Snehanshu/FGBO/icbinb/train.py:35: RuntimeWarning: Mean of empty slice.
  mse = float(((p - t) ** 2).mean())
/opt/anaconda3/envs/tf-ml-gpu/lib/python3.10/site-packages/numpy/core/_methods.py:129: RuntimeWarning: invalid value encountered in divide
  ret = ret.dtype.type(ret / rcount)
/Users/adityanagarsekar/Downloads/Courses/LOP_Snehanshu/FGBO/icbinb/train.py:36: RuntimeWarning: Mean of empty slice.
  mae = float(np.abs(p - t).mean())
/Users/adityanagarsekar/Downloads/Courses/LOP_Snehanshu/FGBO/icbinb/train.py:35: RuntimeWarning: Mean of empty slice.
  mse = float(((p - t) ** 2).mean())
/opt/anaconda3/envs/tf-ml-gpu/lib/python3.10/site-packages/numpy/core/_methods.py:129: RuntimeWarning: invalid value encountered in divide
  ret = ret.dtype.type(ret / rcount)
/Users/adityanagarsekar/Downloads/Courses/LOP_Snehanshu/FGBO/icbinb/train.py:36: RuntimeWarning: Mean of empty slice.
  mae = float(np.abs(p - t).mean())
/Users/adityanagarsekar/Downloads/Courses/LOP_Snehanshu/FGBO/icbinb/train.py:37: ConstantInputWarning: An input array is constant; the correlation coefficient is not defined.
  rho = float(spearmanr(p, t).statistic) if len(t) > 2 and np.std(p) > 0 else float("nan")
/Users/adityanagarsekar/Downloads/Courses/LOP_Snehanshu/FGBO/icbinb/train.py:35: RuntimeWarning: Mean of empty slice.
  mse = float(((p - t) ** 2).mean())
/opt/anaconda3/envs/tf-ml-gpu/lib/python3.10/site-packages/numpy/core/_methods.py:129: RuntimeWarning: invalid value encountered in divide
  ret = ret.dtype.type(ret / rcount)
/Users/adityanagarsekar/Downloads/Courses/LOP_Snehanshu/FGBO/icbinb/train.py:36: RuntimeWarning: Mean of empty slice.
  mae = float(np.abs(p - t).mean())
/Users/adityanagarsekar/Downloads/Courses/LOP_Snehanshu/FGBO/icbinb/train.py:35: RuntimeWarning: Mean of empty slice.
  mse = float(((p - t) ** 2).mean())
/opt/anaconda3/envs/tf-ml-gpu/lib/python3.10/site-packages/numpy/core/_methods.py:129: RuntimeWarning: invalid value encountered in divide
  ret = ret.dtype.type(ret / rcount)
/Users/adityanagarsekar/Downloads/Courses/LOP_Snehanshu/FGBO/icbinb/train.py:36: RuntimeWarning: Mean of empty slice.
  mae = float(np.abs(p - t).mean())
/Users/adityanagarsekar/Downloads/Courses/LOP_Snehanshu/FGBO/icbinb/train.py:37: ConstantInputWarning: An input array is constant; the correlation coefficient is not defined.
  rho = float(spearmanr(p, t).statistic) if len(t) > 2 and np.std(p) > 0 else float("nan")
/Users/adityanagarsekar/Downloads/Courses/LOP_Snehanshu/FGBO/icbinb/train.py:37: ConstantInputWarning: An input array is constant; the correlation coefficient is not defined.
  rho = float(spearmanr(p, t).statistic) if len(t) > 2 and np.std(p) > 0 else float("nan")
/Users/adityanagarsekar/Downloads/Courses/LOP_Snehanshu/FGBO/icbinb/train.py:35: RuntimeWarning: Mean of empty slice.
  mse = float(((p - t) ** 2).mean())
/opt/anaconda3/envs/tf-ml-gpu/lib/python3.10/site-packages/numpy/core/_methods.py:129: RuntimeWarning: invalid value encountered in divide
  ret = ret.dtype.type(ret / rcount)
/Users/adityanagarsekar/Downloads/Courses/LOP_Snehanshu/FGBO/icbinb/train.py:36: RuntimeWarning: Mean of empty slice.
  mae = float(np.abs(p - t).mean())
/Users/adityanagarsekar/Downloads/Courses/LOP_Snehanshu/FGBO/icbinb/train.py:35: RuntimeWarning: Mean of empty slice.
  mse = float(((p - t) ** 2).mean())
/opt/anaconda3/envs/tf-ml-gpu/lib/python3.10/site-packages/numpy/core/_methods.py:129: RuntimeWarning: invalid value encountered in divide
  ret = ret.dtype.type(ret / rcount)
/Users/adityanagarsekar/Downloads/Courses/LOP_Snehanshu/FGBO/icbinb/train.py:36: RuntimeWarning: Mean of empty slice.
  mae = float(np.abs(p - t).mean())
/Users/adityanagarsekar/Downloads/Courses/LOP_Snehanshu/FGBO/icbinb/train.py:37: ConstantInputWarning: An input array is constant; the correlation coefficient is not defined.
  rho = float(spearmanr(p, t).statistic) if len(t) > 2 and np.std(p) > 0 else float("nan")
/Users/adityanagarsekar/Downloads/Courses/LOP_Snehanshu/FGBO/icbinb/train.py:35: RuntimeWarning: Mean of empty slice.
  mse = float(((p - t) ** 2).mean())
/opt/anaconda3/envs/tf-ml-gpu/lib/python3.10/site-packages/numpy/core/_methods.py:129: RuntimeWarning: invalid value encountered in divide
  ret = ret.dtype.type(ret / rcount)
/Users/adityanagarsekar/Downloads/Courses/LOP_Snehanshu/FGBO/icbinb/train.py:36: RuntimeWarning: Mean of empty slice.
  mae = float(np.abs(p - t).mean())
/Users/adityanagarsekar/Downloads/Courses/LOP_Snehanshu/FGBO/icbinb/train.py:37: ConstantInputWarning: An input array is constant; the correlation coefficient is not defined.
  rho = float(spearmanr(p, t).statistic) if len(t) > 2 and np.std(p) > 0 else float("nan")
/Users/adityanagarsekar/Downloads/Courses/LOP_Snehanshu/FGBO/icbinb/train.py:35: RuntimeWarning: Mean of empty slice.
  mse = float(((p - t) ** 2).mean())
/opt/anaconda3/envs/tf-ml-gpu/lib/python3.10/site-packages/numpy/core/_methods.py:129: RuntimeWarning: invalid value encountered in divide
  ret = ret.dtype.type(ret / rcount)
/Users/adityanagarsekar/Downloads/Courses/LOP_Snehanshu/FGBO/icbinb/train.py:36: RuntimeWarning: Mean of empty slice.
  mae = float(np.abs(p - t).mean())
/Users/adityanagarsekar/Downloads/Courses/LOP_Snehanshu/FGBO/icbinb/train.py:35: RuntimeWarning: Mean of empty slice.
  mse = float(((p - t) ** 2).mean())
/opt/anaconda3/envs/tf-ml-gpu/lib/python3.10/site-packages/numpy/core/_methods.py:129: RuntimeWarning: invalid value encountered in divide
  ret = ret.dtype.type(ret / rcount)
/Users/adityanagarsekar/Downloads/Courses/LOP_Snehanshu/FGBO/icbinb/train.py:36: RuntimeWarning: Mean of empty slice.
  mae = float(np.abs(p - t).mean())
  valfree_pool  amylase         outer010  48 rows   360.7s
/Users/adityanagarsekar/Downloads/Courses/LOP_Snehanshu/FGBO/icbinb/train.py:35: RuntimeWarning: Mean of empty slice.
  mse = float(((p - t) ** 2).mean())
/opt/anaconda3/envs/tf-ml-gpu/lib/python3.10/site-packages/numpy/core/_methods.py:129: RuntimeWarning: invalid value encountered in divide
  ret = ret.dtype.type(ret / rcount)
/Users/adityanagarsekar/Downloads/Courses/LOP_Snehanshu/FGBO/icbinb/train.py:36: RuntimeWarning: Mean of empty slice.
  mae = float(np.abs(p - t).mean())
/Users/adityanagarsekar/Downloads/Courses/LOP_Snehanshu/FGBO/icbinb/train.py:35: RuntimeWarning: Mean of empty slice.
  mse = float(((p - t) ** 2).mean())
/opt/anaconda3/envs/tf-ml-gpu/lib/python3.10/site-packages/numpy/core/_methods.py:129: RuntimeWarning: invalid value encountered in divide
  ret = ret.dtype.type(ret / rcount)
/Users/adityanagarsekar/Downloads/Courses/LOP_Snehanshu/FGBO/icbinb/train.py:36: RuntimeWarning: Mean of empty slice.
  mae = float(np.abs(p - t).mean())
/Users/adityanagarsekar/Downloads/Courses/LOP_Snehanshu/FGBO/icbinb/train.py:35: RuntimeWarning: Mean of empty slice.
  mse = float(((p - t) ** 2).mean())
/opt/anaconda3/envs/tf-ml-gpu/lib/python3.10/site-packages/numpy/core/_methods.py:129: RuntimeWarning: invalid value encountered in divide
  ret = ret.dtype.type(ret / rcount)
/Users/adityanagarsekar/Downloads/Courses/LOP_Snehanshu/FGBO/icbinb/train.py:36: RuntimeWarning: Mean of empty slice.
  mae = float(np.abs(p - t).mean())
/Users/adityanagarsekar/Downloads/Courses/LOP_Snehanshu/FGBO/icbinb/train.py:35: RuntimeWarning: Mean of empty slice.
  mse = float(((p - t) ** 2).mean())
/opt/anaconda3/envs/tf-ml-gpu/lib/python3.10/site-packages/numpy/core/_methods.py:129: RuntimeWarning: invalid value encountered in divide
  ret = ret.dtype.type(ret / rcount)
/Users/adityanagarsekar/Downloads/Courses/LOP_Snehanshu/FGBO/icbinb/train.py:36: RuntimeWarning: Mean of empty slice.
  mae = float(np.abs(p - t).mean())
/Users/adityanagarsekar/Downloads/Courses/LOP_Snehanshu/FGBO/icbinb/train.py:35: RuntimeWarning: Mean of empty slice.
  mse = float(((p - t) ** 2).mean())
/opt/anaconda3/envs/tf-ml-gpu/lib/python3.10/site-packages/numpy/core/_methods.py:129: RuntimeWarning: invalid value encountered in divide
  ret = ret.dtype.type(ret / rcount)
/Users/adityanagarsekar/Downloads/Courses/LOP_Snehanshu/FGBO/icbinb/train.py:36: RuntimeWarning: Mean of empty slice.
  mae = float(np.abs(p - t).mean())
/Users/adityanagarsekar/Downloads/Courses/LOP_Snehanshu/FGBO/icbinb/train.py:35: RuntimeWarning: Mean of empty slice.
  mse = float(((p - t) ** 2).mean())
/opt/anaconda3/envs/tf-ml-gpu/lib/python3.10/site-packages/numpy/core/_methods.py:129: RuntimeWarning: invalid value encountered in divide
  ret = ret.dtype.type(ret / rcount)
/Users/adityanagarsekar/Downloads/Courses/LOP_Snehanshu/FGBO/icbinb/train.py:36: RuntimeWarning: Mean of empty slice.
  mae = float(np.abs(p - t).mean())
/Users/adityanagarsekar/Downloads/Courses/LOP_Snehanshu/FGBO/icbinb/train.py:35: RuntimeWarning: Mean of empty slice.
  mse = float(((p - t) ** 2).mean())
/opt/anaconda3/envs/tf-ml-gpu/lib/python3.10/site-packages/numpy/core/_methods.py:129: RuntimeWarning: invalid value encountered in divide
  ret = ret.dtype.type(ret / rcount)
/Users/adityanagarsekar/Downloads/Courses/LOP_Snehanshu/FGBO/icbinb/train.py:36: RuntimeWarning: Mean of empty slice.
  mae = float(np.abs(p - t).mean())
/Users/adityanagarsekar/Downloads/Courses/LOP_Snehanshu/FGBO/icbinb/train.py:35: RuntimeWarning: Mean of empty slice.
  mse = float(((p - t) ** 2).mean())
/opt/anaconda3/envs/tf-ml-gpu/lib/python3.10/site-packages/numpy/core/_methods.py:129: RuntimeWarning: invalid value encountered in divide
  ret = ret.dtype.type(ret / rcount)
/Users/adityanagarsekar/Downloads/Courses/LOP_Snehanshu/FGBO/icbinb/train.py:36: RuntimeWarning: Mean of empty slice.
  mae = float(np.abs(p - t).mean())
/Users/adityanagarsekar/Downloads/Courses/LOP_Snehanshu/FGBO/icbinb/train.py:35: RuntimeWarning: Mean of empty slice.
  mse = float(((p - t) ** 2).mean())
/opt/anaconda3/envs/tf-ml-gpu/lib/python3.10/site-packages/numpy/core/_methods.py:129: RuntimeWarning: invalid value encountered in divide
  ret = ret.dtype.type(ret / rcount)
/Users/adityanagarsekar/Downloads/Courses/LOP_Snehanshu/FGBO/icbinb/train.py:36: RuntimeWarning: Mean of empty slice.
  mae = float(np.abs(p - t).mean())
/Users/adityanagarsekar/Downloads/Courses/LOP_Snehanshu/FGBO/icbinb/train.py:35: RuntimeWarning: Mean of empty slice.
  mse = float(((p - t) ** 2).mean())
/opt/anaconda3/envs/tf-ml-gpu/lib/python3.10/site-packages/numpy/core/_methods.py:129: RuntimeWarning: invalid value encountered in divide
  ret = ret.dtype.type(ret / rcount)
/Users/adityanagarsekar/Downloads/Courses/LOP_Snehanshu/FGBO/icbinb/train.py:36: RuntimeWarning: Mean of empty slice.
  mae = float(np.abs(p - t).mean())
/Users/adityanagarsekar/Downloads/Courses/LOP_Snehanshu/FGBO/icbinb/train.py:35: RuntimeWarning: Mean of empty slice.
  mse = float(((p - t) ** 2).mean())
/opt/anaconda3/envs/tf-ml-gpu/lib/python3.10/site-packages/numpy/core/_methods.py:129: RuntimeWarning: invalid value encountered in divide
  ret = ret.dtype.type(ret / rcount)
/Users/adityanagarsekar/Downloads/Courses/LOP_Snehanshu/FGBO/icbinb/train.py:36: RuntimeWarning: Mean of empty slice.
  mae = float(np.abs(p - t).mean())
/Users/adityanagarsekar/Downloads/Courses/LOP_Snehanshu/FGBO/icbinb/train.py:35: RuntimeWarning: Mean of empty slice.
  mse = float(((p - t) ** 2).mean())
/opt/anaconda3/envs/tf-ml-gpu/lib/python3.10/site-packages/numpy/core/_methods.py:129: RuntimeWarning: invalid value encountered in divide
  ret = ret.dtype.type(ret / rcount)
/Users/adityanagarsekar/Downloads/Courses/LOP_Snehanshu/FGBO/icbinb/train.py:36: RuntimeWarning: Mean of empty slice.
  mae = float(np.abs(p - t).mean())
/Users/adityanagarsekar/Downloads/Courses/LOP_Snehanshu/FGBO/icbinb/train.py:35: RuntimeWarning: Mean of empty slice.
  mse = float(((p - t) ** 2).mean())
/opt/anaconda3/envs/tf-ml-gpu/lib/python3.10/site-packages/numpy/core/_methods.py:129: RuntimeWarning: invalid value encountered in divide
  ret = ret.dtype.type(ret / rcount)
/Users/adityanagarsekar/Downloads/Courses/LOP_Snehanshu/FGBO/icbinb/train.py:36: RuntimeWarning: Mean of empty slice.
  mae = float(np.abs(p - t).mean())
/Users/adityanagarsekar/Downloads/Courses/LOP_Snehanshu/FGBO/icbinb/train.py:35: RuntimeWarning: Mean of empty slice.
  mse = float(((p - t) ** 2).mean())
/opt/anaconda3/envs/tf-ml-gpu/lib/python3.10/site-packages/numpy/core/_methods.py:129: RuntimeWarning: invalid value encountered in divide
  ret = ret.dtype.type(ret / rcount)
/Users/adityanagarsekar/Downloads/Courses/LOP_Snehanshu/FGBO/icbinb/train.py:36: RuntimeWarning: Mean of empty slice.
  mae = float(np.abs(p - t).mean())
/Users/adityanagarsekar/Downloads/Courses/LOP_Snehanshu/FGBO/icbinb/train.py:35: RuntimeWarning: Mean of empty slice.
  mse = float(((p - t) ** 2).mean())
/opt/anaconda3/envs/tf-ml-gpu/lib/python3.10/site-packages/numpy/core/_methods.py:129: RuntimeWarning: invalid value encountered in divide
  ret = ret.dtype.type(ret / rcount)
/Users/adityanagarsekar/Downloads/Courses/LOP_Snehanshu/FGBO/icbinb/train.py:36: RuntimeWarning: Mean of empty slice.
  mae = float(np.abs(p - t).mean())
/Users/adityanagarsekar/Downloads/Courses/LOP_Snehanshu/FGBO/icbinb/train.py:35: RuntimeWarning: Mean of empty slice.
  mse = float(((p - t) ** 2).mean())
/opt/anaconda3/envs/tf-ml-gpu/lib/python3.10/site-packages/numpy/core/_methods.py:129: RuntimeWarning: invalid value encountered in divide
  ret = ret.dtype.type(ret / rcount)
/Users/adityanagarsekar/Downloads/Courses/LOP_Snehanshu/FGBO/icbinb/train.py:36: RuntimeWarning: Mean of empty slice.
  mae = float(np.abs(p - t).mean())
/Users/adityanagarsekar/Downloads/Courses/LOP_Snehanshu/FGBO/icbinb/train.py:35: RuntimeWarning: Mean of empty slice.
  mse = float(((p - t) ** 2).mean())
/opt/anaconda3/envs/tf-ml-gpu/lib/python3.10/site-packages/numpy/core/_methods.py:129: RuntimeWarning: invalid value encountered in divide
  ret = ret.dtype.type(ret / rcount)
/Users/adityanagarsekar/Downloads/Courses/LOP_Snehanshu/FGBO/icbinb/train.py:36: RuntimeWarning: Mean of empty slice.
  mae = float(np.abs(p - t).mean())
/Users/adityanagarsekar/Downloads/Courses/LOP_Snehanshu/FGBO/icbinb/train.py:35: RuntimeWarning: Mean of empty slice.
  mse = float(((p - t) ** 2).mean())
/opt/anaconda3/envs/tf-ml-gpu/lib/python3.10/site-packages/numpy/core/_methods.py:129: RuntimeWarning: invalid value encountered in divide
  ret = ret.dtype.type(ret / rcount)
/Users/adityanagarsekar/Downloads/Courses/LOP_Snehanshu/FGBO/icbinb/train.py:36: RuntimeWarning: Mean of empty slice.
  mae = float(np.abs(p - t).mean())
/Users/adityanagarsekar/Downloads/Courses/LOP_Snehanshu/FGBO/icbinb/train.py:35: RuntimeWarning: Mean of empty slice.
  mse = float(((p - t) ** 2).mean())
/opt/anaconda3/envs/tf-ml-gpu/lib/python3.10/site-packages/numpy/core/_methods.py:129: RuntimeWarning: invalid value encountered in divide
  ret = ret.dtype.type(ret / rcount)
/Users/adityanagarsekar/Downloads/Courses/LOP_Snehanshu/FGBO/icbinb/train.py:36: RuntimeWarning: Mean of empty slice.
  mae = float(np.abs(p - t).mean())
/Users/adityanagarsekar/Downloads/Courses/LOP_Snehanshu/FGBO/icbinb/train.py:35: RuntimeWarning: Mean of empty slice.
  mse = float(((p - t) ** 2).mean())
/opt/anaconda3/envs/tf-ml-gpu/lib/python3.10/site-packages/numpy/core/_methods.py:129: RuntimeWarning: invalid value encountered in divide
  ret = ret.dtype.type(ret / rcount)
/Users/adityanagarsekar/Downloads/Courses/LOP_Snehanshu/FGBO/icbinb/train.py:36: RuntimeWarning: Mean of empty slice.
  mae = float(np.abs(p - t).mean())
/Users/adityanagarsekar/Downloads/Courses/LOP_Snehanshu/FGBO/icbinb/train.py:35: RuntimeWarning: Mean of empty slice.
  mse = float(((p - t) ** 2).mean())
/opt/anaconda3/envs/tf-ml-gpu/lib/python3.10/site-packages/numpy/core/_methods.py:129: RuntimeWarning: invalid value encountered in divide
  ret = ret.dtype.type(ret / rcount)
/Users/adityanagarsekar/Downloads/Courses/LOP_Snehanshu/FGBO/icbinb/train.py:36: RuntimeWarning: Mean of empty slice.
  mae = float(np.abs(p - t).mean())
/Users/adityanagarsekar/Downloads/Courses/LOP_Snehanshu/FGBO/icbinb/train.py:35: RuntimeWarning: Mean of empty slice.
  mse = float(((p - t) ** 2).mean())
/opt/anaconda3/envs/tf-ml-gpu/lib/python3.10/site-packages/numpy/core/_methods.py:129: RuntimeWarning: invalid value encountered in divide
  ret = ret.dtype.type(ret / rcount)
/Users/adityanagarsekar/Downloads/Courses/LOP_Snehanshu/FGBO/icbinb/train.py:36: RuntimeWarning: Mean of empty slice.
  mae = float(np.abs(p - t).mean())
/Users/adityanagarsekar/Downloads/Courses/LOP_Snehanshu/FGBO/icbinb/train.py:35: RuntimeWarning: Mean of empty slice.
  mse = float(((p - t) ** 2).mean())
/opt/anaconda3/envs/tf-ml-gpu/lib/python3.10/site-packages/numpy/core/_methods.py:129: RuntimeWarning: invalid value encountered in divide
  ret = ret.dtype.type(ret / rcount)
/Users/adityanagarsekar/Downloads/Courses/LOP_Snehanshu/FGBO/icbinb/train.py:36: RuntimeWarning: Mean of empty slice.
  mae = float(np.abs(p - t).mean())
/Users/adityanagarsekar/Downloads/Courses/LOP_Snehanshu/FGBO/icbinb/train.py:35: RuntimeWarning: Mean of empty slice.
  mse = float(((p - t) ** 2).mean())
/opt/anaconda3/envs/tf-ml-gpu/lib/python3.10/site-packages/numpy/core/_methods.py:129: RuntimeWarning: invalid value encountered in divide
  ret = ret.dtype.type(ret / rcount)
/Users/adityanagarsekar/Downloads/Courses/LOP_Snehanshu/FGBO/icbinb/train.py:36: RuntimeWarning: Mean of empty slice.
  mae = float(np.abs(p - t).mean())
/Users/adityanagarsekar/Downloads/Courses/LOP_Snehanshu/FGBO/icbinb/train.py:35: RuntimeWarning: Mean of empty slice.
  mse = float(((p - t) ** 2).mean())
/opt/anaconda3/envs/tf-ml-gpu/lib/python3.10/site-packages/numpy/core/_methods.py:129: RuntimeWarning: invalid value encountered in divide
  ret = ret.dtype.type(ret / rcount)
/Users/adityanagarsekar/Downloads/Courses/LOP_Snehanshu/FGBO/icbinb/train.py:36: RuntimeWarning: Mean of empty slice.
  mae = float(np.abs(p - t).mean())
/Users/adityanagarsekar/Downloads/Courses/LOP_Snehanshu/FGBO/icbinb/train.py:35: RuntimeWarning: Mean of empty slice.
  mse = float(((p - t) ** 2).mean())
/opt/anaconda3/envs/tf-ml-gpu/lib/python3.10/site-packages/numpy/core/_methods.py:129: RuntimeWarning: invalid value encountered in divide
  ret = ret.dtype.type(ret / rcount)
/Users/adityanagarsekar/Downloads/Courses/LOP_Snehanshu/FGBO/icbinb/train.py:36: RuntimeWarning: Mean of empty slice.
  mae = float(np.abs(p - t).mean())
/Users/adityanagarsekar/Downloads/Courses/LOP_Snehanshu/FGBO/icbinb/train.py:35: RuntimeWarning: Mean of empty slice.
  mse = float(((p - t) ** 2).mean())
/opt/anaconda3/envs/tf-ml-gpu/lib/python3.10/site-packages/numpy/core/_methods.py:129: RuntimeWarning: invalid value encountered in divide
  ret = ret.dtype.type(ret / rcount)
/Users/adityanagarsekar/Downloads/Courses/LOP_Snehanshu/FGBO/icbinb/train.py:36: RuntimeWarning: Mean of empty slice.
  mae = float(np.abs(p - t).mean())
/Users/adityanagarsekar/Downloads/Courses/LOP_Snehanshu/FGBO/icbinb/train.py:35: RuntimeWarning: Mean of empty slice.
  mse = float(((p - t) ** 2).mean())
/opt/anaconda3/envs/tf-ml-gpu/lib/python3.10/site-packages/numpy/core/_methods.py:129: RuntimeWarning: invalid value encountered in divide
  ret = ret.dtype.type(ret / rcount)
/Users/adityanagarsekar/Downloads/Courses/LOP_Snehanshu/FGBO/icbinb/train.py:36: RuntimeWarning: Mean of empty slice.
  mae = float(np.abs(p - t).mean())
/Users/adityanagarsekar/Downloads/Courses/LOP_Snehanshu/FGBO/icbinb/train.py:35: RuntimeWarning: Mean of empty slice.
  mse = float(((p - t) ** 2).mean())
/opt/anaconda3/envs/tf-ml-gpu/lib/python3.10/site-packages/numpy/core/_methods.py:129: RuntimeWarning: invalid value encountered in divide
  ret = ret.dtype.type(ret / rcount)
/Users/adityanagarsekar/Downloads/Courses/LOP_Snehanshu/FGBO/icbinb/train.py:36: RuntimeWarning: Mean of empty slice.
  mae = float(np.abs(p - t).mean())
/Users/adityanagarsekar/Downloads/Courses/LOP_Snehanshu/FGBO/icbinb/train.py:35: RuntimeWarning: Mean of empty slice.
  mse = float(((p - t) ** 2).mean())
/opt/anaconda3/envs/tf-ml-gpu/lib/python3.10/site-packages/numpy/core/_methods.py:129: RuntimeWarning: invalid value encountered in divide
  ret = ret.dtype.type(ret / rcount)
/Users/adityanagarsekar/Downloads/Courses/LOP_Snehanshu/FGBO/icbinb/train.py:36: RuntimeWarning: Mean of empty slice.
  mae = float(np.abs(p - t).mean())
/Users/adityanagarsekar/Downloads/Courses/LOP_Snehanshu/FGBO/icbinb/train.py:35: RuntimeWarning: Mean of empty slice.
  mse = float(((p - t) ** 2).mean())
/opt/anaconda3/envs/tf-ml-gpu/lib/python3.10/site-packages/numpy/core/_methods.py:129: RuntimeWarning: invalid value encountered in divide
  ret = ret.dtype.type(ret / rcount)
/Users/adityanagarsekar/Downloads/Courses/LOP_Snehanshu/FGBO/icbinb/train.py:36: RuntimeWarning: Mean of empty slice.
  mae = float(np.abs(p - t).mean())
/Users/adityanagarsekar/Downloads/Courses/LOP_Snehanshu/FGBO/icbinb/train.py:35: RuntimeWarning: Mean of empty slice.
  mse = float(((p - t) ** 2).mean())
/opt/anaconda3/envs/tf-ml-gpu/lib/python3.10/site-packages/numpy/core/_methods.py:129: RuntimeWarning: invalid value encountered in divide
  ret = ret.dtype.type(ret / rcount)
/Users/adityanagarsekar/Downloads/Courses/LOP_Snehanshu/FGBO/icbinb/train.py:36: RuntimeWarning: Mean of empty slice.
  mae = float(np.abs(p - t).mean())
/Users/adityanagarsekar/Downloads/Courses/LOP_Snehanshu/FGBO/icbinb/train.py:35: RuntimeWarning: Mean of empty slice.
  mse = float(((p - t) ** 2).mean())
/opt/anaconda3/envs/tf-ml-gpu/lib/python3.10/site-packages/numpy/core/_methods.py:129: RuntimeWarning: invalid value encountered in divide
  ret = ret.dtype.type(ret / rcount)
/Users/adityanagarsekar/Downloads/Courses/LOP_Snehanshu/FGBO/icbinb/train.py:36: RuntimeWarning: Mean of empty slice.
  mae = float(np.abs(p - t).mean())
/Users/adityanagarsekar/Downloads/Courses/LOP_Snehanshu/FGBO/icbinb/train.py:35: RuntimeWarning: Mean of empty slice.
  mse = float(((p - t) ** 2).mean())
/opt/anaconda3/envs/tf-ml-gpu/lib/python3.10/site-packages/numpy/core/_methods.py:129: RuntimeWarning: invalid value encountered in divide
  ret = ret.dtype.type(ret / rcount)
/Users/adityanagarsekar/Downloads/Courses/LOP_Snehanshu/FGBO/icbinb/train.py:36: RuntimeWarning: Mean of empty slice.
  mae = float(np.abs(p - t).mean())
/Users/adityanagarsekar/Downloads/Courses/LOP_Snehanshu/FGBO/icbinb/train.py:35: RuntimeWarning: Mean of empty slice.
  mse = float(((p - t) ** 2).mean())
/opt/anaconda3/envs/tf-ml-gpu/lib/python3.10/site-packages/numpy/core/_methods.py:129: RuntimeWarning: invalid value encountered in divide
  ret = ret.dtype.type(ret / rcount)
/Users/adityanagarsekar/Downloads/Courses/LOP_Snehanshu/FGBO/icbinb/train.py:36: RuntimeWarning: Mean of empty slice.
  mae = float(np.abs(p - t).mean())
/Users/adityanagarsekar/Downloads/Courses/LOP_Snehanshu/FGBO/icbinb/train.py:35: RuntimeWarning: Mean of empty slice.
  mse = float(((p - t) ** 2).mean())
/opt/anaconda3/envs/tf-ml-gpu/lib/python3.10/site-packages/numpy/core/_methods.py:129: RuntimeWarning: invalid value encountered in divide
  ret = ret.dtype.type(ret / rcount)
/Users/adityanagarsekar/Downloads/Courses/LOP_Snehanshu/FGBO/icbinb/train.py:36: RuntimeWarning: Mean of empty slice.
  mae = float(np.abs(p - t).mean())
/Users/adityanagarsekar/Downloads/Courses/LOP_Snehanshu/FGBO/icbinb/train.py:35: RuntimeWarning: Mean of empty slice.
  mse = float(((p - t) ** 2).mean())
/opt/anaconda3/envs/tf-ml-gpu/lib/python3.10/site-packages/numpy/core/_methods.py:129: RuntimeWarning: invalid value encountered in divide
  ret = ret.dtype.type(ret / rcount)
/Users/adityanagarsekar/Downloads/Courses/LOP_Snehanshu/FGBO/icbinb/train.py:36: RuntimeWarning: Mean of empty slice.
  mae = float(np.abs(p - t).mean())
/Users/adityanagarsekar/Downloads/Courses/LOP_Snehanshu/FGBO/icbinb/train.py:35: RuntimeWarning: Mean of empty slice.
  mse = float(((p - t) ** 2).mean())
/opt/anaconda3/envs/tf-ml-gpu/lib/python3.10/site-packages/numpy/core/_methods.py:129: RuntimeWarning: invalid value encountered in divide
  ret = ret.dtype.type(ret / rcount)
/Users/adityanagarsekar/Downloads/Courses/LOP_Snehanshu/FGBO/icbinb/train.py:36: RuntimeWarning: Mean of empty slice.
  mae = float(np.abs(p - t).mean())
/Users/adityanagarsekar/Downloads/Courses/LOP_Snehanshu/FGBO/icbinb/train.py:35: RuntimeWarning: Mean of empty slice.
  mse = float(((p - t) ** 2).mean())
/opt/anaconda3/envs/tf-ml-gpu/lib/python3.10/site-packages/numpy/core/_methods.py:129: RuntimeWarning: invalid value encountered in divide
  ret = ret.dtype.type(ret / rcount)
/Users/adityanagarsekar/Downloads/Courses/LOP_Snehanshu/FGBO/icbinb/train.py:36: RuntimeWarning: Mean of empty slice.
  mae = float(np.abs(p - t).mean())
/Users/adityanagarsekar/Downloads/Courses/LOP_Snehanshu/FGBO/icbinb/train.py:35: RuntimeWarning: Mean of empty slice.
  mse = float(((p - t) ** 2).mean())
/opt/anaconda3/envs/tf-ml-gpu/lib/python3.10/site-packages/numpy/core/_methods.py:129: RuntimeWarning: invalid value encountered in divide
  ret = ret.dtype.type(ret / rcount)
/Users/adityanagarsekar/Downloads/Courses/LOP_Snehanshu/FGBO/icbinb/train.py:36: RuntimeWarning: Mean of empty slice.
  mae = float(np.abs(p - t).mean())
/Users/adityanagarsekar/Downloads/Courses/LOP_Snehanshu/FGBO/icbinb/train.py:35: RuntimeWarning: Mean of empty slice.
  mse = float(((p - t) ** 2).mean())
/opt/anaconda3/envs/tf-ml-gpu/lib/python3.10/site-packages/numpy/core/_methods.py:129: RuntimeWarning: invalid value encountered in divide
  ret = ret.dtype.type(ret / rcount)
/Users/adityanagarsekar/Downloads/Courses/LOP_Snehanshu/FGBO/icbinb/train.py:36: RuntimeWarning: Mean of empty slice.
  mae = float(np.abs(p - t).mean())
/Users/adityanagarsekar/Downloads/Courses/LOP_Snehanshu/FGBO/icbinb/train.py:35: RuntimeWarning: Mean of empty slice.
  mse = float(((p - t) ** 2).mean())
/opt/anaconda3/envs/tf-ml-gpu/lib/python3.10/site-packages/numpy/core/_methods.py:129: RuntimeWarning: invalid value encountered in divide
  ret = ret.dtype.type(ret / rcount)
/Users/adityanagarsekar/Downloads/Courses/LOP_Snehanshu/FGBO/icbinb/train.py:36: RuntimeWarning: Mean of empty slice.
  mae = float(np.abs(p - t).mean())
/Users/adityanagarsekar/Downloads/Courses/LOP_Snehanshu/FGBO/icbinb/train.py:35: RuntimeWarning: Mean of empty slice.
  mse = float(((p - t) ** 2).mean())
/opt/anaconda3/envs/tf-ml-gpu/lib/python3.10/site-packages/numpy/core/_methods.py:129: RuntimeWarning: invalid value encountered in divide
  ret = ret.dtype.type(ret / rcount)
/Users/adityanagarsekar/Downloads/Courses/LOP_Snehanshu/FGBO/icbinb/train.py:36: RuntimeWarning: Mean of empty slice.
  mae = float(np.abs(p - t).mean())
/Users/adityanagarsekar/Downloads/Courses/LOP_Snehanshu/FGBO/icbinb/train.py:35: RuntimeWarning: Mean of empty slice.
  mse = float(((p - t) ** 2).mean())
/opt/anaconda3/envs/tf-ml-gpu/lib/python3.10/site-packages/numpy/core/_methods.py:129: RuntimeWarning: invalid value encountered in divide
  ret = ret.dtype.type(ret / rcount)
/Users/adityanagarsekar/Downloads/Courses/LOP_Snehanshu/FGBO/icbinb/train.py:36: RuntimeWarning: Mean of empty slice.
  mae = float(np.abs(p - t).mean())
/Users/adityanagarsekar/Downloads/Courses/LOP_Snehanshu/FGBO/icbinb/train.py:35: RuntimeWarning: Mean of empty slice.
  mse = float(((p - t) ** 2).mean())
/opt/anaconda3/envs/tf-ml-gpu/lib/python3.10/site-packages/numpy/core/_methods.py:129: RuntimeWarning: invalid value encountered in divide
  ret = ret.dtype.type(ret / rcount)
/Users/adityanagarsekar/Downloads/Courses/LOP_Snehanshu/FGBO/icbinb/train.py:36: RuntimeWarning: Mean of empty slice.
  mae = float(np.abs(p - t).mean())
/Users/adityanagarsekar/Downloads/Courses/LOP_Snehanshu/FGBO/icbinb/train.py:35: RuntimeWarning: Mean of empty slice.
  mse = float(((p - t) ** 2).mean())
/opt/anaconda3/envs/tf-ml-gpu/lib/python3.10/site-packages/numpy/core/_methods.py:129: RuntimeWarning: invalid value encountered in divide
  ret = ret.dtype.type(ret / rcount)
/Users/adityanagarsekar/Downloads/Courses/LOP_Snehanshu/FGBO/icbinb/train.py:36: RuntimeWarning: Mean of empty slice.
  mae = float(np.abs(p - t).mean())
/Users/adityanagarsekar/Downloads/Courses/LOP_Snehanshu/FGBO/icbinb/train.py:35: RuntimeWarning: Mean of empty slice.
  mse = float(((p - t) ** 2).mean())
/opt/anaconda3/envs/tf-ml-gpu/lib/python3.10/site-packages/numpy/core/_methods.py:129: RuntimeWarning: invalid value encountered in divide
  ret = ret.dtype.type(ret / rcount)
/Users/adityanagarsekar/Downloads/Courses/LOP_Snehanshu/FGBO/icbinb/train.py:36: RuntimeWarning: Mean of empty slice.
  mae = float(np.abs(p - t).mean())
/Users/adityanagarsekar/Downloads/Courses/LOP_Snehanshu/FGBO/icbinb/train.py:35: RuntimeWarning: Mean of empty slice.
  mse = float(((p - t) ** 2).mean())
/opt/anaconda3/envs/tf-ml-gpu/lib/python3.10/site-packages/numpy/core/_methods.py:129: RuntimeWarning: invalid value encountered in divide
  ret = ret.dtype.type(ret / rcount)
/Users/adityanagarsekar/Downloads/Courses/LOP_Snehanshu/FGBO/icbinb/train.py:36: RuntimeWarning: Mean of empty slice.
  mae = float(np.abs(p - t).mean())
  valfree_pool  hydro           outer001  48 rows   521.7s
/Users/adityanagarsekar/Downloads/Courses/LOP_Snehanshu/FGBO/icbinb/train.py:35: RuntimeWarning: Mean of empty slice.
  mse = float(((p - t) ** 2).mean())
/opt/anaconda3/envs/tf-ml-gpu/lib/python3.10/site-packages/numpy/core/_methods.py:129: RuntimeWarning: invalid value encountered in divide
  ret = ret.dtype.type(ret / rcount)
/Users/adityanagarsekar/Downloads/Courses/LOP_Snehanshu/FGBO/icbinb/train.py:36: RuntimeWarning: Mean of empty slice.
  mae = float(np.abs(p - t).mean())
/Users/adityanagarsekar/Downloads/Courses/LOP_Snehanshu/FGBO/icbinb/train.py:35: RuntimeWarning: Mean of empty slice.
  mse = float(((p - t) ** 2).mean())
/opt/anaconda3/envs/tf-ml-gpu/lib/python3.10/site-packages/numpy/core/_methods.py:129: RuntimeWarning: invalid value encountered in divide
  ret = ret.dtype.type(ret / rcount)
/Users/adityanagarsekar/Downloads/Courses/LOP_Snehanshu/FGBO/icbinb/train.py:36: RuntimeWarning: Mean of empty slice.
  mae = float(np.abs(p - t).mean())
/Users/adityanagarsekar/Downloads/Courses/LOP_Snehanshu/FGBO/icbinb/train.py:35: RuntimeWarning: Mean of empty slice.
  mse = float(((p - t) ** 2).mean())
/opt/anaconda3/envs/tf-ml-gpu/lib/python3.10/site-packages/numpy/core/_methods.py:129: RuntimeWarning: invalid value encountered in divide
  ret = ret.dtype.type(ret / rcount)
/Users/adityanagarsekar/Downloads/Courses/LOP_Snehanshu/FGBO/icbinb/train.py:36: RuntimeWarning: Mean of empty slice.
  mae = float(np.abs(p - t).mean())
/Users/adityanagarsekar/Downloads/Courses/LOP_Snehanshu/FGBO/icbinb/train.py:35: RuntimeWarning: Mean of empty slice.
  mse = float(((p - t) ** 2).mean())
/opt/anaconda3/envs/tf-ml-gpu/lib/python3.10/site-packages/numpy/core/_methods.py:129: RuntimeWarning: invalid value encountered in divide
  ret = ret.dtype.type(ret / rcount)
/Users/adityanagarsekar/Downloads/Courses/LOP_Snehanshu/FGBO/icbinb/train.py:36: RuntimeWarning: Mean of empty slice.
  mae = float(np.abs(p - t).mean())
/Users/adityanagarsekar/Downloads/Courses/LOP_Snehanshu/FGBO/icbinb/train.py:35: RuntimeWarning: Mean of empty slice.
  mse = float(((p - t) ** 2).mean())
/opt/anaconda3/envs/tf-ml-gpu/lib/python3.10/site-packages/numpy/core/_methods.py:129: RuntimeWarning: invalid value encountered in divide
  ret = ret.dtype.type(ret / rcount)
/Users/adityanagarsekar/Downloads/Courses/LOP_Snehanshu/FGBO/icbinb/train.py:36: RuntimeWarning: Mean of empty slice.
  mae = float(np.abs(p - t).mean())
/Users/adityanagarsekar/Downloads/Courses/LOP_Snehanshu/FGBO/icbinb/train.py:35: RuntimeWarning: Mean of empty slice.
  mse = float(((p - t) ** 2).mean())
/opt/anaconda3/envs/tf-ml-gpu/lib/python3.10/site-packages/numpy/core/_methods.py:129: RuntimeWarning: invalid value encountered in divide
  ret = ret.dtype.type(ret / rcount)
/Users/adityanagarsekar/Downloads/Courses/LOP_Snehanshu/FGBO/icbinb/train.py:36: RuntimeWarning: Mean of empty slice.
  mae = float(np.abs(p - t).mean())
/Users/adityanagarsekar/Downloads/Courses/LOP_Snehanshu/FGBO/icbinb/train.py:35: RuntimeWarning: Mean of empty slice.
  mse = float(((p - t) ** 2).mean())
/opt/anaconda3/envs/tf-ml-gpu/lib/python3.10/site-packages/numpy/core/_methods.py:129: RuntimeWarning: invalid value encountered in divide
  ret = ret.dtype.type(ret / rcount)
/Users/adityanagarsekar/Downloads/Courses/LOP_Snehanshu/FGBO/icbinb/train.py:36: RuntimeWarning: Mean of empty slice.
  mae = float(np.abs(p - t).mean())
/Users/adityanagarsekar/Downloads/Courses/LOP_Snehanshu/FGBO/icbinb/train.py:35: RuntimeWarning: Mean of empty slice.
  mse = float(((p - t) ** 2).mean())
/opt/anaconda3/envs/tf-ml-gpu/lib/python3.10/site-packages/numpy/core/_methods.py:129: RuntimeWarning: invalid value encountered in divide
  ret = ret.dtype.type(ret / rcount)
/Users/adityanagarsekar/Downloads/Courses/LOP_Snehanshu/FGBO/icbinb/train.py:36: RuntimeWarning: Mean of empty slice.
  mae = float(np.abs(p - t).mean())
/Users/adityanagarsekar/Downloads/Courses/LOP_Snehanshu/FGBO/icbinb/train.py:35: RuntimeWarning: Mean of empty slice.
  mse = float(((p - t) ** 2).mean())
/opt/anaconda3/envs/tf-ml-gpu/lib/python3.10/site-packages/numpy/core/_methods.py:129: RuntimeWarning: invalid value encountered in divide
  ret = ret.dtype.type(ret / rcount)
/Users/adityanagarsekar/Downloads/Courses/LOP_Snehanshu/FGBO/icbinb/train.py:36: RuntimeWarning: Mean of empty slice.
  mae = float(np.abs(p - t).mean())
/Users/adityanagarsekar/Downloads/Courses/LOP_Snehanshu/FGBO/icbinb/train.py:35: RuntimeWarning: Mean of empty slice.
  mse = float(((p - t) ** 2).mean())
/opt/anaconda3/envs/tf-ml-gpu/lib/python3.10/site-packages/numpy/core/_methods.py:129: RuntimeWarning: invalid value encountered in divide
  ret = ret.dtype.type(ret / rcount)
/Users/adityanagarsekar/Downloads/Courses/LOP_Snehanshu/FGBO/icbinb/train.py:36: RuntimeWarning: Mean of empty slice.
  mae = float(np.abs(p - t).mean())
/Users/adityanagarsekar/Downloads/Courses/LOP_Snehanshu/FGBO/icbinb/train.py:35: RuntimeWarning: Mean of empty slice.
  mse = float(((p - t) ** 2).mean())
/opt/anaconda3/envs/tf-ml-gpu/lib/python3.10/site-packages/numpy/core/_methods.py:129: RuntimeWarning: invalid value encountered in divide
  ret = ret.dtype.type(ret / rcount)
/Users/adityanagarsekar/Downloads/Courses/LOP_Snehanshu/FGBO/icbinb/train.py:36: RuntimeWarning: Mean of empty slice.
  mae = float(np.abs(p - t).mean())
/Users/adityanagarsekar/Downloads/Courses/LOP_Snehanshu/FGBO/icbinb/train.py:35: RuntimeWarning: Mean of empty slice.
  mse = float(((p - t) ** 2).mean())
/opt/anaconda3/envs/tf-ml-gpu/lib/python3.10/site-packages/numpy/core/_methods.py:129: RuntimeWarning: invalid value encountered in divide
  ret = ret.dtype.type(ret / rcount)
/Users/adityanagarsekar/Downloads/Courses/LOP_Snehanshu/FGBO/icbinb/train.py:36: RuntimeWarning: Mean of empty slice.
  mae = float(np.abs(p - t).mean())
/Users/adityanagarsekar/Downloads/Courses/LOP_Snehanshu/FGBO/icbinb/train.py:35: RuntimeWarning: Mean of empty slice.
  mse = float(((p - t) ** 2).mean())
/opt/anaconda3/envs/tf-ml-gpu/lib/python3.10/site-packages/numpy/core/_methods.py:129: RuntimeWarning: invalid value encountered in divide
  ret = ret.dtype.type(ret / rcount)
/Users/adityanagarsekar/Downloads/Courses/LOP_Snehanshu/FGBO/icbinb/train.py:36: RuntimeWarning: Mean of empty slice.
  mae = float(np.abs(p - t).mean())
/Users/adityanagarsekar/Downloads/Courses/LOP_Snehanshu/FGBO/icbinb/train.py:35: RuntimeWarning: Mean of empty slice.
  mse = float(((p - t) ** 2).mean())
/opt/anaconda3/envs/tf-ml-gpu/lib/python3.10/site-packages/numpy/core/_methods.py:129: RuntimeWarning: invalid value encountered in divide
  ret = ret.dtype.type(ret / rcount)
/Users/adityanagarsekar/Downloads/Courses/LOP_Snehanshu/FGBO/icbinb/train.py:36: RuntimeWarning: Mean of empty slice.
  mae = float(np.abs(p - t).mean())
/Users/adityanagarsekar/Downloads/Courses/LOP_Snehanshu/FGBO/icbinb/train.py:35: RuntimeWarning: Mean of empty slice.
  mse = float(((p - t) ** 2).mean())
/opt/anaconda3/envs/tf-ml-gpu/lib/python3.10/site-packages/numpy/core/_methods.py:129: RuntimeWarning: invalid value encountered in divide
  ret = ret.dtype.type(ret / rcount)
/Users/adityanagarsekar/Downloads/Courses/LOP_Snehanshu/FGBO/icbinb/train.py:36: RuntimeWarning: Mean of empty slice.
  mae = float(np.abs(p - t).mean())
/Users/adityanagarsekar/Downloads/Courses/LOP_Snehanshu/FGBO/icbinb/train.py:35: RuntimeWarning: Mean of empty slice.
  mse = float(((p - t) ** 2).mean())
/opt/anaconda3/envs/tf-ml-gpu/lib/python3.10/site-packages/numpy/core/_methods.py:129: RuntimeWarning: invalid value encountered in divide
  ret = ret.dtype.type(ret / rcount)
/Users/adityanagarsekar/Downloads/Courses/LOP_Snehanshu/FGBO/icbinb/train.py:36: RuntimeWarning: Mean of empty slice.
  mae = float(np.abs(p - t).mean())
/Users/adityanagarsekar/Downloads/Courses/LOP_Snehanshu/FGBO/icbinb/train.py:35: RuntimeWarning: Mean of empty slice.
  mse = float(((p - t) ** 2).mean())
/opt/anaconda3/envs/tf-ml-gpu/lib/python3.10/site-packages/numpy/core/_methods.py:129: RuntimeWarning: invalid value encountered in divide
  ret = ret.dtype.type(ret / rcount)
/Users/adityanagarsekar/Downloads/Courses/LOP_Snehanshu/FGBO/icbinb/train.py:36: RuntimeWarning: Mean of empty slice.
  mae = float(np.abs(p - t).mean())
/Users/adityanagarsekar/Downloads/Courses/LOP_Snehanshu/FGBO/icbinb/train.py:35: RuntimeWarning: Mean of empty slice.
  mse = float(((p - t) ** 2).mean())
/opt/anaconda3/envs/tf-ml-gpu/lib/python3.10/site-packages/numpy/core/_methods.py:129: RuntimeWarning: invalid value encountered in divide
  ret = ret.dtype.type(ret / rcount)
/Users/adityanagarsekar/Downloads/Courses/LOP_Snehanshu/FGBO/icbinb/train.py:36: RuntimeWarning: Mean of empty slice.
  mae = float(np.abs(p - t).mean())
/Users/adityanagarsekar/Downloads/Courses/LOP_Snehanshu/FGBO/icbinb/train.py:35: RuntimeWarning: Mean of empty slice.
  mse = float(((p - t) ** 2).mean())
/opt/anaconda3/envs/tf-ml-gpu/lib/python3.10/site-packages/numpy/core/_methods.py:129: RuntimeWarning: invalid value encountered in divide
  ret = ret.dtype.type(ret / rcount)
/Users/adityanagarsekar/Downloads/Courses/LOP_Snehanshu/FGBO/icbinb/train.py:36: RuntimeWarning: Mean of empty slice.
  mae = float(np.abs(p - t).mean())
/Users/adityanagarsekar/Downloads/Courses/LOP_Snehanshu/FGBO/icbinb/train.py:35: RuntimeWarning: Mean of empty slice.
  mse = float(((p - t) ** 2).mean())
/opt/anaconda3/envs/tf-ml-gpu/lib/python3.10/site-packages/numpy/core/_methods.py:129: RuntimeWarning: invalid value encountered in divide
  ret = ret.dtype.type(ret / rcount)
/Users/adityanagarsekar/Downloads/Courses/LOP_Snehanshu/FGBO/icbinb/train.py:36: RuntimeWarning: Mean of empty slice.
  mae = float(np.abs(p - t).mean())
/Users/adityanagarsekar/Downloads/Courses/LOP_Snehanshu/FGBO/icbinb/train.py:35: RuntimeWarning: Mean of empty slice.
  mse = float(((p - t) ** 2).mean())
/opt/anaconda3/envs/tf-ml-gpu/lib/python3.10/site-packages/numpy/core/_methods.py:129: RuntimeWarning: invalid value encountered in divide
  ret = ret.dtype.type(ret / rcount)
/Users/adityanagarsekar/Downloads/Courses/LOP_Snehanshu/FGBO/icbinb/train.py:36: RuntimeWarning: Mean of empty slice.
  mae = float(np.abs(p - t).mean())
/Users/adityanagarsekar/Downloads/Courses/LOP_Snehanshu/FGBO/icbinb/train.py:35: RuntimeWarning: Mean of empty slice.
  mse = float(((p - t) ** 2).mean())
/opt/anaconda3/envs/tf-ml-gpu/lib/python3.10/site-packages/numpy/core/_methods.py:129: RuntimeWarning: invalid value encountered in divide
  ret = ret.dtype.type(ret / rcount)
/Users/adityanagarsekar/Downloads/Courses/LOP_Snehanshu/FGBO/icbinb/train.py:36: RuntimeWarning: Mean of empty slice.
  mae = float(np.abs(p - t).mean())
/Users/adityanagarsekar/Downloads/Courses/LOP_Snehanshu/FGBO/icbinb/train.py:35: RuntimeWarning: Mean of empty slice.
  mse = float(((p - t) ** 2).mean())
/opt/anaconda3/envs/tf-ml-gpu/lib/python3.10/site-packages/numpy/core/_methods.py:129: RuntimeWarning: invalid value encountered in divide
  ret = ret.dtype.type(ret / rcount)
/Users/adityanagarsekar/Downloads/Courses/LOP_Snehanshu/FGBO/icbinb/train.py:36: RuntimeWarning: Mean of empty slice.
  mae = float(np.abs(p - t).mean())
/Users/adityanagarsekar/Downloads/Courses/LOP_Snehanshu/FGBO/icbinb/train.py:35: RuntimeWarning: Mean of empty slice.
  mse = float(((p - t) ** 2).mean())
/opt/anaconda3/envs/tf-ml-gpu/lib/python3.10/site-packages/numpy/core/_methods.py:129: RuntimeWarning: invalid value encountered in divide
  ret = ret.dtype.type(ret / rcount)
/Users/adityanagarsekar/Downloads/Courses/LOP_Snehanshu/FGBO/icbinb/train.py:36: RuntimeWarning: Mean of empty slice.
  mae = float(np.abs(p - t).mean())
/Users/adityanagarsekar/Downloads/Courses/LOP_Snehanshu/FGBO/icbinb/train.py:35: RuntimeWarning: Mean of empty slice.
  mse = float(((p - t) ** 2).mean())
/opt/anaconda3/envs/tf-ml-gpu/lib/python3.10/site-packages/numpy/core/_methods.py:129: RuntimeWarning: invalid value encountered in divide
  ret = ret.dtype.type(ret / rcount)
/Users/adityanagarsekar/Downloads/Courses/LOP_Snehanshu/FGBO/icbinb/train.py:36: RuntimeWarning: Mean of empty slice.
  mae = float(np.abs(p - t).mean())
/Users/adityanagarsekar/Downloads/Courses/LOP_Snehanshu/FGBO/icbinb/train.py:35: RuntimeWarning: Mean of empty slice.
  mse = float(((p - t) ** 2).mean())
/opt/anaconda3/envs/tf-ml-gpu/lib/python3.10/site-packages/numpy/core/_methods.py:129: RuntimeWarning: invalid value encountered in divide
  ret = ret.dtype.type(ret / rcount)
/Users/adityanagarsekar/Downloads/Courses/LOP_Snehanshu/FGBO/icbinb/train.py:36: RuntimeWarning: Mean of empty slice.
  mae = float(np.abs(p - t).mean())
/Users/adityanagarsekar/Downloads/Courses/LOP_Snehanshu/FGBO/icbinb/train.py:35: RuntimeWarning: Mean of empty slice.
  mse = float(((p - t) ** 2).mean())
/opt/anaconda3/envs/tf-ml-gpu/lib/python3.10/site-packages/numpy/core/_methods.py:129: RuntimeWarning: invalid value encountered in divide
  ret = ret.dtype.type(ret / rcount)
/Users/adityanagarsekar/Downloads/Courses/LOP_Snehanshu/FGBO/icbinb/train.py:36: RuntimeWarning: Mean of empty slice.
  mae = float(np.abs(p - t).mean())
/Users/adityanagarsekar/Downloads/Courses/LOP_Snehanshu/FGBO/icbinb/train.py:35: RuntimeWarning: Mean of empty slice.
  mse = float(((p - t) ** 2).mean())
/opt/anaconda3/envs/tf-ml-gpu/lib/python3.10/site-packages/numpy/core/_methods.py:129: RuntimeWarning: invalid value encountered in divide
  ret = ret.dtype.type(ret / rcount)
/Users/adityanagarsekar/Downloads/Courses/LOP_Snehanshu/FGBO/icbinb/train.py:36: RuntimeWarning: Mean of empty slice.
  mae = float(np.abs(p - t).mean())
/Users/adityanagarsekar/Downloads/Courses/LOP_Snehanshu/FGBO/icbinb/train.py:35: RuntimeWarning: Mean of empty slice.
  mse = float(((p - t) ** 2).mean())
/opt/anaconda3/envs/tf-ml-gpu/lib/python3.10/site-packages/numpy/core/_methods.py:129: RuntimeWarning: invalid value encountered in divide
  ret = ret.dtype.type(ret / rcount)
/Users/adityanagarsekar/Downloads/Courses/LOP_Snehanshu/FGBO/icbinb/train.py:36: RuntimeWarning: Mean of empty slice.
  mae = float(np.abs(p - t).mean())
/Users/adityanagarsekar/Downloads/Courses/LOP_Snehanshu/FGBO/icbinb/train.py:35: RuntimeWarning: Mean of empty slice.
  mse = float(((p - t) ** 2).mean())
/opt/anaconda3/envs/tf-ml-gpu/lib/python3.10/site-packages/numpy/core/_methods.py:129: RuntimeWarning: invalid value encountered in divide
  ret = ret.dtype.type(ret / rcount)
/Users/adityanagarsekar/Downloads/Courses/LOP_Snehanshu/FGBO/icbinb/train.py:36: RuntimeWarning: Mean of empty slice.
  mae = float(np.abs(p - t).mean())
/Users/adityanagarsekar/Downloads/Courses/LOP_Snehanshu/FGBO/icbinb/train.py:35: RuntimeWarning: Mean of empty slice.
  mse = float(((p - t) ** 2).mean())
/opt/anaconda3/envs/tf-ml-gpu/lib/python3.10/site-packages/numpy/core/_methods.py:129: RuntimeWarning: invalid value encountered in divide
  ret = ret.dtype.type(ret / rcount)
/Users/adityanagarsekar/Downloads/Courses/LOP_Snehanshu/FGBO/icbinb/train.py:36: RuntimeWarning: Mean of empty slice.
  mae = float(np.abs(p - t).mean())
/Users/adityanagarsekar/Downloads/Courses/LOP_Snehanshu/FGBO/icbinb/train.py:35: RuntimeWarning: Mean of empty slice.
  mse = float(((p - t) ** 2).mean())
/opt/anaconda3/envs/tf-ml-gpu/lib/python3.10/site-packages/numpy/core/_methods.py:129: RuntimeWarning: invalid value encountered in divide
  ret = ret.dtype.type(ret / rcount)
/Users/adityanagarsekar/Downloads/Courses/LOP_Snehanshu/FGBO/icbinb/train.py:36: RuntimeWarning: Mean of empty slice.
  mae = float(np.abs(p - t).mean())
/Users/adityanagarsekar/Downloads/Courses/LOP_Snehanshu/FGBO/icbinb/train.py:35: RuntimeWarning: Mean of empty slice.
  mse = float(((p - t) ** 2).mean())
/opt/anaconda3/envs/tf-ml-gpu/lib/python3.10/site-packages/numpy/core/_methods.py:129: RuntimeWarning: invalid value encountered in divide
  ret = ret.dtype.type(ret / rcount)
/Users/adityanagarsekar/Downloads/Courses/LOP_Snehanshu/FGBO/icbinb/train.py:36: RuntimeWarning: Mean of empty slice.
  mae = float(np.abs(p - t).mean())
/Users/adityanagarsekar/Downloads/Courses/LOP_Snehanshu/FGBO/icbinb/train.py:35: RuntimeWarning: Mean of empty slice.
  mse = float(((p - t) ** 2).mean())
/opt/anaconda3/envs/tf-ml-gpu/lib/python3.10/site-packages/numpy/core/_methods.py:129: RuntimeWarning: invalid value encountered in divide
  ret = ret.dtype.type(ret / rcount)
/Users/adityanagarsekar/Downloads/Courses/LOP_Snehanshu/FGBO/icbinb/train.py:36: RuntimeWarning: Mean of empty slice.
  mae = float(np.abs(p - t).mean())
/Users/adityanagarsekar/Downloads/Courses/LOP_Snehanshu/FGBO/icbinb/train.py:35: RuntimeWarning: Mean of empty slice.
  mse = float(((p - t) ** 2).mean())
/opt/anaconda3/envs/tf-ml-gpu/lib/python3.10/site-packages/numpy/core/_methods.py:129: RuntimeWarning: invalid value encountered in divide
  ret = ret.dtype.type(ret / rcount)
/Users/adityanagarsekar/Downloads/Courses/LOP_Snehanshu/FGBO/icbinb/train.py:36: RuntimeWarning: Mean of empty slice.
  mae = float(np.abs(p - t).mean())
/Users/adityanagarsekar/Downloads/Courses/LOP_Snehanshu/FGBO/icbinb/train.py:35: RuntimeWarning: Mean of empty slice.
  mse = float(((p - t) ** 2).mean())
/opt/anaconda3/envs/tf-ml-gpu/lib/python3.10/site-packages/numpy/core/_methods.py:129: RuntimeWarning: invalid value encountered in divide
  ret = ret.dtype.type(ret / rcount)
/Users/adityanagarsekar/Downloads/Courses/LOP_Snehanshu/FGBO/icbinb/train.py:36: RuntimeWarning: Mean of empty slice.
  mae = float(np.abs(p - t).mean())
/Users/adityanagarsekar/Downloads/Courses/LOP_Snehanshu/FGBO/icbinb/train.py:35: RuntimeWarning: Mean of empty slice.
  mse = float(((p - t) ** 2).mean())
/opt/anaconda3/envs/tf-ml-gpu/lib/python3.10/site-packages/numpy/core/_methods.py:129: RuntimeWarning: invalid value encountered in divide
  ret = ret.dtype.type(ret / rcount)
/Users/adityanagarsekar/Downloads/Courses/LOP_Snehanshu/FGBO/icbinb/train.py:36: RuntimeWarning: Mean of empty slice.
  mae = float(np.abs(p - t).mean())
/Users/adityanagarsekar/Downloads/Courses/LOP_Snehanshu/FGBO/icbinb/train.py:35: RuntimeWarning: Mean of empty slice.
  mse = float(((p - t) ** 2).mean())
/opt/anaconda3/envs/tf-ml-gpu/lib/python3.10/site-packages/numpy/core/_methods.py:129: RuntimeWarning: invalid value encountered in divide
  ret = ret.dtype.type(ret / rcount)
/Users/adityanagarsekar/Downloads/Courses/LOP_Snehanshu/FGBO/icbinb/train.py:36: RuntimeWarning: Mean of empty slice.
  mae = float(np.abs(p - t).mean())
/Users/adityanagarsekar/Downloads/Courses/LOP_Snehanshu/FGBO/icbinb/train.py:35: RuntimeWarning: Mean of empty slice.
  mse = float(((p - t) ** 2).mean())
/opt/anaconda3/envs/tf-ml-gpu/lib/python3.10/site-packages/numpy/core/_methods.py:129: RuntimeWarning: invalid value encountered in divide
  ret = ret.dtype.type(ret / rcount)
/Users/adityanagarsekar/Downloads/Courses/LOP_Snehanshu/FGBO/icbinb/train.py:36: RuntimeWarning: Mean of empty slice.
  mae = float(np.abs(p - t).mean())
/Users/adityanagarsekar/Downloads/Courses/LOP_Snehanshu/FGBO/icbinb/train.py:35: RuntimeWarning: Mean of empty slice.
  mse = float(((p - t) ** 2).mean())
/opt/anaconda3/envs/tf-ml-gpu/lib/python3.10/site-packages/numpy/core/_methods.py:129: RuntimeWarning: invalid value encountered in divide
  ret = ret.dtype.type(ret / rcount)
/Users/adityanagarsekar/Downloads/Courses/LOP_Snehanshu/FGBO/icbinb/train.py:36: RuntimeWarning: Mean of empty slice.
  mae = float(np.abs(p - t).mean())
/Users/adityanagarsekar/Downloads/Courses/LOP_Snehanshu/FGBO/icbinb/train.py:35: RuntimeWarning: Mean of empty slice.
  mse = float(((p - t) ** 2).mean())
/opt/anaconda3/envs/tf-ml-gpu/lib/python3.10/site-packages/numpy/core/_methods.py:129: RuntimeWarning: invalid value encountered in divide
  ret = ret.dtype.type(ret / rcount)
/Users/adityanagarsekar/Downloads/Courses/LOP_Snehanshu/FGBO/icbinb/train.py:36: RuntimeWarning: Mean of empty slice.
  mae = float(np.abs(p - t).mean())
/Users/adityanagarsekar/Downloads/Courses/LOP_Snehanshu/FGBO/icbinb/train.py:35: RuntimeWarning: Mean of empty slice.
  mse = float(((p - t) ** 2).mean())
/opt/anaconda3/envs/tf-ml-gpu/lib/python3.10/site-packages/numpy/core/_methods.py:129: RuntimeWarning: invalid value encountered in divide
  ret = ret.dtype.type(ret / rcount)
/Users/adityanagarsekar/Downloads/Courses/LOP_Snehanshu/FGBO/icbinb/train.py:36: RuntimeWarning: Mean of empty slice.
  mae = float(np.abs(p - t).mean())
/Users/adityanagarsekar/Downloads/Courses/LOP_Snehanshu/FGBO/icbinb/train.py:35: RuntimeWarning: Mean of empty slice.
  mse = float(((p - t) ** 2).mean())
/opt/anaconda3/envs/tf-ml-gpu/lib/python3.10/site-packages/numpy/core/_methods.py:129: RuntimeWarning: invalid value encountered in divide
  ret = ret.dtype.type(ret / rcount)
/Users/adityanagarsekar/Downloads/Courses/LOP_Snehanshu/FGBO/icbinb/train.py:36: RuntimeWarning: Mean of empty slice.
  mae = float(np.abs(p - t).mean())
/Users/adityanagarsekar/Downloads/Courses/LOP_Snehanshu/FGBO/icbinb/train.py:35: RuntimeWarning: Mean of empty slice.
  mse = float(((p - t) ** 2).mean())
/opt/anaconda3/envs/tf-ml-gpu/lib/python3.10/site-packages/numpy/core/_methods.py:129: RuntimeWarning: invalid value encountered in divide
  ret = ret.dtype.type(ret / rcount)
/Users/adityanagarsekar/Downloads/Courses/LOP_Snehanshu/FGBO/icbinb/train.py:36: RuntimeWarning: Mean of empty slice.
  mae = float(np.abs(p - t).mean())
/Users/adityanagarsekar/Downloads/Courses/LOP_Snehanshu/FGBO/icbinb/train.py:35: RuntimeWarning: Mean of empty slice.
  mse = float(((p - t) ** 2).mean())
/opt/anaconda3/envs/tf-ml-gpu/lib/python3.10/site-packages/numpy/core/_methods.py:129: RuntimeWarning: invalid value encountered in divide
  ret = ret.dtype.type(ret / rcount)
/Users/adityanagarsekar/Downloads/Courses/LOP_Snehanshu/FGBO/icbinb/train.py:36: RuntimeWarning: Mean of empty slice.
  mae = float(np.abs(p - t).mean())
/Users/adityanagarsekar/Downloads/Courses/LOP_Snehanshu/FGBO/icbinb/train.py:35: RuntimeWarning: Mean of empty slice.
  mse = float(((p - t) ** 2).mean())
/opt/anaconda3/envs/tf-ml-gpu/lib/python3.10/site-packages/numpy/core/_methods.py:129: RuntimeWarning: invalid value encountered in divide
  ret = ret.dtype.type(ret / rcount)
/Users/adityanagarsekar/Downloads/Courses/LOP_Snehanshu/FGBO/icbinb/train.py:36: RuntimeWarning: Mean of empty slice.
  mae = float(np.abs(p - t).mean())
/Users/adityanagarsekar/Downloads/Courses/LOP_Snehanshu/FGBO/icbinb/train.py:35: RuntimeWarning: Mean of empty slice.
  mse = float(((p - t) ** 2).mean())
/opt/anaconda3/envs/tf-ml-gpu/lib/python3.10/site-packages/numpy/core/_methods.py:129: RuntimeWarning: invalid value encountered in divide
  ret = ret.dtype.type(ret / rcount)
/Users/adityanagarsekar/Downloads/Courses/LOP_Snehanshu/FGBO/icbinb/train.py:36: RuntimeWarning: Mean of empty slice.
  mae = float(np.abs(p - t).mean())
/Users/adityanagarsekar/Downloads/Courses/LOP_Snehanshu/FGBO/icbinb/train.py:35: RuntimeWarning: Mean of empty slice.
  mse = float(((p - t) ** 2).mean())
/opt/anaconda3/envs/tf-ml-gpu/lib/python3.10/site-packages/numpy/core/_methods.py:129: RuntimeWarning: invalid value encountered in divide
  ret = ret.dtype.type(ret / rcount)
/Users/adityanagarsekar/Downloads/Courses/LOP_Snehanshu/FGBO/icbinb/train.py:36: RuntimeWarning: Mean of empty slice.
  mae = float(np.abs(p - t).mean())
  valfree_pool  hydro           outer002  48 rows   518.4s
/Users/adityanagarsekar/Downloads/Courses/LOP_Snehanshu/FGBO/icbinb/train.py:35: RuntimeWarning: Mean of empty slice.
  mse = float(((p - t) ** 2).mean())
/opt/anaconda3/envs/tf-ml-gpu/lib/python3.10/site-packages/numpy/core/_methods.py:129: RuntimeWarning: invalid value encountered in divide
  ret = ret.dtype.type(ret / rcount)
/Users/adityanagarsekar/Downloads/Courses/LOP_Snehanshu/FGBO/icbinb/train.py:36: RuntimeWarning: Mean of empty slice.
  mae = float(np.abs(p - t).mean())
/Users/adityanagarsekar/Downloads/Courses/LOP_Snehanshu/FGBO/icbinb/train.py:35: RuntimeWarning: Mean of empty slice.
  mse = float(((p - t) ** 2).mean())
/opt/anaconda3/envs/tf-ml-gpu/lib/python3.10/site-packages/numpy/core/_methods.py:129: RuntimeWarning: invalid value encountered in divide
  ret = ret.dtype.type(ret / rcount)
/Users/adityanagarsekar/Downloads/Courses/LOP_Snehanshu/FGBO/icbinb/train.py:36: RuntimeWarning: Mean of empty slice.
  mae = float(np.abs(p - t).mean())
/Users/adityanagarsekar/Downloads/Courses/LOP_Snehanshu/FGBO/icbinb/train.py:35: RuntimeWarning: Mean of empty slice.
  mse = float(((p - t) ** 2).mean())
/opt/anaconda3/envs/tf-ml-gpu/lib/python3.10/site-packages/numpy/core/_methods.py:129: RuntimeWarning: invalid value encountered in divide
  ret = ret.dtype.type(ret / rcount)
/Users/adityanagarsekar/Downloads/Courses/LOP_Snehanshu/FGBO/icbinb/train.py:36: RuntimeWarning: Mean of empty slice.
  mae = float(np.abs(p - t).mean())
/Users/adityanagarsekar/Downloads/Courses/LOP_Snehanshu/FGBO/icbinb/train.py:35: RuntimeWarning: Mean of empty slice.
  mse = float(((p - t) ** 2).mean())
/opt/anaconda3/envs/tf-ml-gpu/lib/python3.10/site-packages/numpy/core/_methods.py:129: RuntimeWarning: invalid value encountered in divide
  ret = ret.dtype.type(ret / rcount)
/Users/adityanagarsekar/Downloads/Courses/LOP_Snehanshu/FGBO/icbinb/train.py:36: RuntimeWarning: Mean of empty slice.
  mae = float(np.abs(p - t).mean())
/Users/adityanagarsekar/Downloads/Courses/LOP_Snehanshu/FGBO/icbinb/train.py:35: RuntimeWarning: Mean of empty slice.
  mse = float(((p - t) ** 2).mean())
/opt/anaconda3/envs/tf-ml-gpu/lib/python3.10/site-packages/numpy/core/_methods.py:129: RuntimeWarning: invalid value encountered in divide
  ret = ret.dtype.type(ret / rcount)
/Users/adityanagarsekar/Downloads/Courses/LOP_Snehanshu/FGBO/icbinb/train.py:36: RuntimeWarning: Mean of empty slice.
  mae = float(np.abs(p - t).mean())
/Users/adityanagarsekar/Downloads/Courses/LOP_Snehanshu/FGBO/icbinb/train.py:35: RuntimeWarning: Mean of empty slice.
  mse = float(((p - t) ** 2).mean())
/opt/anaconda3/envs/tf-ml-gpu/lib/python3.10/site-packages/numpy/core/_methods.py:129: RuntimeWarning: invalid value encountered in divide
  ret = ret.dtype.type(ret / rcount)
/Users/adityanagarsekar/Downloads/Courses/LOP_Snehanshu/FGBO/icbinb/train.py:36: RuntimeWarning: Mean of empty slice.
  mae = float(np.abs(p - t).mean())
/Users/adityanagarsekar/Downloads/Courses/LOP_Snehanshu/FGBO/icbinb/train.py:35: RuntimeWarning: Mean of empty slice.
  mse = float(((p - t) ** 2).mean())
/opt/anaconda3/envs/tf-ml-gpu/lib/python3.10/site-packages/numpy/core/_methods.py:129: RuntimeWarning: invalid value encountered in divide
  ret = ret.dtype.type(ret / rcount)
/Users/adityanagarsekar/Downloads/Courses/LOP_Snehanshu/FGBO/icbinb/train.py:36: RuntimeWarning: Mean of empty slice.
  mae = float(np.abs(p - t).mean())
/Users/adityanagarsekar/Downloads/Courses/LOP_Snehanshu/FGBO/icbinb/train.py:35: RuntimeWarning: Mean of empty slice.
  mse = float(((p - t) ** 2).mean())
/opt/anaconda3/envs/tf-ml-gpu/lib/python3.10/site-packages/numpy/core/_methods.py:129: RuntimeWarning: invalid value encountered in divide
  ret = ret.dtype.type(ret / rcount)
/Users/adityanagarsekar/Downloads/Courses/LOP_Snehanshu/FGBO/icbinb/train.py:36: RuntimeWarning: Mean of empty slice.
  mae = float(np.abs(p - t).mean())
/Users/adityanagarsekar/Downloads/Courses/LOP_Snehanshu/FGBO/icbinb/train.py:35: RuntimeWarning: Mean of empty slice.
  mse = float(((p - t) ** 2).mean())
/opt/anaconda3/envs/tf-ml-gpu/lib/python3.10/site-packages/numpy/core/_methods.py:129: RuntimeWarning: invalid value encountered in divide
  ret = ret.dtype.type(ret / rcount)
/Users/adityanagarsekar/Downloads/Courses/LOP_Snehanshu/FGBO/icbinb/train.py:36: RuntimeWarning: Mean of empty slice.
  mae = float(np.abs(p - t).mean())
/Users/adityanagarsekar/Downloads/Courses/LOP_Snehanshu/FGBO/icbinb/train.py:35: RuntimeWarning: Mean of empty slice.
  mse = float(((p - t) ** 2).mean())
/opt/anaconda3/envs/tf-ml-gpu/lib/python3.10/site-packages/numpy/core/_methods.py:129: RuntimeWarning: invalid value encountered in divide
  ret = ret.dtype.type(ret / rcount)
/Users/adityanagarsekar/Downloads/Courses/LOP_Snehanshu/FGBO/icbinb/train.py:36: RuntimeWarning: Mean of empty slice.
  mae = float(np.abs(p - t).mean())
/Users/adityanagarsekar/Downloads/Courses/LOP_Snehanshu/FGBO/icbinb/train.py:35: RuntimeWarning: Mean of empty slice.
  mse = float(((p - t) ** 2).mean())
/opt/anaconda3/envs/tf-ml-gpu/lib/python3.10/site-packages/numpy/core/_methods.py:129: RuntimeWarning: invalid value encountered in divide
  ret = ret.dtype.type(ret / rcount)
/Users/adityanagarsekar/Downloads/Courses/LOP_Snehanshu/FGBO/icbinb/train.py:36: RuntimeWarning: Mean of empty slice.
  mae = float(np.abs(p - t).mean())
/Users/adityanagarsekar/Downloads/Courses/LOP_Snehanshu/FGBO/icbinb/train.py:35: RuntimeWarning: Mean of empty slice.
  mse = float(((p - t) ** 2).mean())
/opt/anaconda3/envs/tf-ml-gpu/lib/python3.10/site-packages/numpy/core/_methods.py:129: RuntimeWarning: invalid value encountered in divide
  ret = ret.dtype.type(ret / rcount)
/Users/adityanagarsekar/Downloads/Courses/LOP_Snehanshu/FGBO/icbinb/train.py:36: RuntimeWarning: Mean of empty slice.
  mae = float(np.abs(p - t).mean())
/Users/adityanagarsekar/Downloads/Courses/LOP_Snehanshu/FGBO/icbinb/train.py:35: RuntimeWarning: Mean of empty slice.
  mse = float(((p - t) ** 2).mean())
/opt/anaconda3/envs/tf-ml-gpu/lib/python3.10/site-packages/numpy/core/_methods.py:129: RuntimeWarning: invalid value encountered in divide
  ret = ret.dtype.type(ret / rcount)
/Users/adityanagarsekar/Downloads/Courses/LOP_Snehanshu/FGBO/icbinb/train.py:36: RuntimeWarning: Mean of empty slice.
  mae = float(np.abs(p - t).mean())
/Users/adityanagarsekar/Downloads/Courses/LOP_Snehanshu/FGBO/icbinb/train.py:35: RuntimeWarning: Mean of empty slice.
  mse = float(((p - t) ** 2).mean())
/opt/anaconda3/envs/tf-ml-gpu/lib/python3.10/site-packages/numpy/core/_methods.py:129: RuntimeWarning: invalid value encountered in divide
  ret = ret.dtype.type(ret / rcount)
/Users/adityanagarsekar/Downloads/Courses/LOP_Snehanshu/FGBO/icbinb/train.py:36: RuntimeWarning: Mean of empty slice.
  mae = float(np.abs(p - t).mean())
/Users/adityanagarsekar/Downloads/Courses/LOP_Snehanshu/FGBO/icbinb/train.py:35: RuntimeWarning: Mean of empty slice.
  mse = float(((p - t) ** 2).mean())
/opt/anaconda3/envs/tf-ml-gpu/lib/python3.10/site-packages/numpy/core/_methods.py:129: RuntimeWarning: invalid value encountered in divide
  ret = ret.dtype.type(ret / rcount)
/Users/adityanagarsekar/Downloads/Courses/LOP_Snehanshu/FGBO/icbinb/train.py:36: RuntimeWarning: Mean of empty slice.
  mae = float(np.abs(p - t).mean())
/Users/adityanagarsekar/Downloads/Courses/LOP_Snehanshu/FGBO/icbinb/train.py:35: RuntimeWarning: Mean of empty slice.
  mse = float(((p - t) ** 2).mean())
/opt/anaconda3/envs/tf-ml-gpu/lib/python3.10/site-packages/numpy/core/_methods.py:129: RuntimeWarning: invalid value encountered in divide
  ret = ret.dtype.type(ret / rcount)
/Users/adityanagarsekar/Downloads/Courses/LOP_Snehanshu/FGBO/icbinb/train.py:36: RuntimeWarning: Mean of empty slice.
  mae = float(np.abs(p - t).mean())
/Users/adityanagarsekar/Downloads/Courses/LOP_Snehanshu/FGBO/icbinb/train.py:35: RuntimeWarning: Mean of empty slice.
  mse = float(((p - t) ** 2).mean())
/opt/anaconda3/envs/tf-ml-gpu/lib/python3.10/site-packages/numpy/core/_methods.py:129: RuntimeWarning: invalid value encountered in divide
  ret = ret.dtype.type(ret / rcount)
/Users/adityanagarsekar/Downloads/Courses/LOP_Snehanshu/FGBO/icbinb/train.py:36: RuntimeWarning: Mean of empty slice.
  mae = float(np.abs(p - t).mean())
/Users/adityanagarsekar/Downloads/Courses/LOP_Snehanshu/FGBO/icbinb/train.py:35: RuntimeWarning: Mean of empty slice.
  mse = float(((p - t) ** 2).mean())
/opt/anaconda3/envs/tf-ml-gpu/lib/python3.10/site-packages/numpy/core/_methods.py:129: RuntimeWarning: invalid value encountered in divide
  ret = ret.dtype.type(ret / rcount)
/Users/adityanagarsekar/Downloads/Courses/LOP_Snehanshu/FGBO/icbinb/train.py:36: RuntimeWarning: Mean of empty slice.
  mae = float(np.abs(p - t).mean())
/Users/adityanagarsekar/Downloads/Courses/LOP_Snehanshu/FGBO/icbinb/train.py:35: RuntimeWarning: Mean of empty slice.
  mse = float(((p - t) ** 2).mean())
/opt/anaconda3/envs/tf-ml-gpu/lib/python3.10/site-packages/numpy/core/_methods.py:129: RuntimeWarning: invalid value encountered in divide
  ret = ret.dtype.type(ret / rcount)
/Users/adityanagarsekar/Downloads/Courses/LOP_Snehanshu/FGBO/icbinb/train.py:36: RuntimeWarning: Mean of empty slice.
  mae = float(np.abs(p - t).mean())
/Users/adityanagarsekar/Downloads/Courses/LOP_Snehanshu/FGBO/icbinb/train.py:35: RuntimeWarning: Mean of empty slice.
  mse = float(((p - t) ** 2).mean())
/opt/anaconda3/envs/tf-ml-gpu/lib/python3.10/site-packages/numpy/core/_methods.py:129: RuntimeWarning: invalid value encountered in divide
  ret = ret.dtype.type(ret / rcount)
/Users/adityanagarsekar/Downloads/Courses/LOP_Snehanshu/FGBO/icbinb/train.py:36: RuntimeWarning: Mean of empty slice.
  mae = float(np.abs(p - t).mean())
/Users/adityanagarsekar/Downloads/Courses/LOP_Snehanshu/FGBO/icbinb/train.py:35: RuntimeWarning: Mean of empty slice.
  mse = float(((p - t) ** 2).mean())
/opt/anaconda3/envs/tf-ml-gpu/lib/python3.10/site-packages/numpy/core/_methods.py:129: RuntimeWarning: invalid value encountered in divide
  ret = ret.dtype.type(ret / rcount)
/Users/adityanagarsekar/Downloads/Courses/LOP_Snehanshu/FGBO/icbinb/train.py:36: RuntimeWarning: Mean of empty slice.
  mae = float(np.abs(p - t).mean())
/Users/adityanagarsekar/Downloads/Courses/LOP_Snehanshu/FGBO/icbinb/train.py:35: RuntimeWarning: Mean of empty slice.
  mse = float(((p - t) ** 2).mean())
/opt/anaconda3/envs/tf-ml-gpu/lib/python3.10/site-packages/numpy/core/_methods.py:129: RuntimeWarning: invalid value encountered in divide
  ret = ret.dtype.type(ret / rcount)
/Users/adityanagarsekar/Downloads/Courses/LOP_Snehanshu/FGBO/icbinb/train.py:36: RuntimeWarning: Mean of empty slice.
  mae = float(np.abs(p - t).mean())
/Users/adityanagarsekar/Downloads/Courses/LOP_Snehanshu/FGBO/icbinb/train.py:35: RuntimeWarning: Mean of empty slice.
  mse = float(((p - t) ** 2).mean())
/opt/anaconda3/envs/tf-ml-gpu/lib/python3.10/site-packages/numpy/core/_methods.py:129: RuntimeWarning: invalid value encountered in divide
  ret = ret.dtype.type(ret / rcount)
/Users/adityanagarsekar/Downloads/Courses/LOP_Snehanshu/FGBO/icbinb/train.py:36: RuntimeWarning: Mean of empty slice.
  mae = float(np.abs(p - t).mean())
/Users/adityanagarsekar/Downloads/Courses/LOP_Snehanshu/FGBO/icbinb/train.py:35: RuntimeWarning: Mean of empty slice.
  mse = float(((p - t) ** 2).mean())
/opt/anaconda3/envs/tf-ml-gpu/lib/python3.10/site-packages/numpy/core/_methods.py:129: RuntimeWarning: invalid value encountered in divide
  ret = ret.dtype.type(ret / rcount)
/Users/adityanagarsekar/Downloads/Courses/LOP_Snehanshu/FGBO/icbinb/train.py:36: RuntimeWarning: Mean of empty slice.
  mae = float(np.abs(p - t).mean())
/Users/adityanagarsekar/Downloads/Courses/LOP_Snehanshu/FGBO/icbinb/train.py:35: RuntimeWarning: Mean of empty slice.
  mse = float(((p - t) ** 2).mean())
/opt/anaconda3/envs/tf-ml-gpu/lib/python3.10/site-packages/numpy/core/_methods.py:129: RuntimeWarning: invalid value encountered in divide
  ret = ret.dtype.type(ret / rcount)
/Users/adityanagarsekar/Downloads/Courses/LOP_Snehanshu/FGBO/icbinb/train.py:36: RuntimeWarning: Mean of empty slice.
  mae = float(np.abs(p - t).mean())
/Users/adityanagarsekar/Downloads/Courses/LOP_Snehanshu/FGBO/icbinb/train.py:35: RuntimeWarning: Mean of empty slice.
  mse = float(((p - t) ** 2).mean())
/opt/anaconda3/envs/tf-ml-gpu/lib/python3.10/site-packages/numpy/core/_methods.py:129: RuntimeWarning: invalid value encountered in divide
  ret = ret.dtype.type(ret / rcount)
/Users/adityanagarsekar/Downloads/Courses/LOP_Snehanshu/FGBO/icbinb/train.py:36: RuntimeWarning: Mean of empty slice.
  mae = float(np.abs(p - t).mean())
/Users/adityanagarsekar/Downloads/Courses/LOP_Snehanshu/FGBO/icbinb/train.py:35: RuntimeWarning: Mean of empty slice.
  mse = float(((p - t) ** 2).mean())
/opt/anaconda3/envs/tf-ml-gpu/lib/python3.10/site-packages/numpy/core/_methods.py:129: RuntimeWarning: invalid value encountered in divide
  ret = ret.dtype.type(ret / rcount)
/Users/adityanagarsekar/Downloads/Courses/LOP_Snehanshu/FGBO/icbinb/train.py:36: RuntimeWarning: Mean of empty slice.
  mae = float(np.abs(p - t).mean())
/Users/adityanagarsekar/Downloads/Courses/LOP_Snehanshu/FGBO/icbinb/train.py:35: RuntimeWarning: Mean of empty slice.
  mse = float(((p - t) ** 2).mean())
/opt/anaconda3/envs/tf-ml-gpu/lib/python3.10/site-packages/numpy/core/_methods.py:129: RuntimeWarning: invalid value encountered in divide
  ret = ret.dtype.type(ret / rcount)
/Users/adityanagarsekar/Downloads/Courses/LOP_Snehanshu/FGBO/icbinb/train.py:36: RuntimeWarning: Mean of empty slice.
  mae = float(np.abs(p - t).mean())
/Users/adityanagarsekar/Downloads/Courses/LOP_Snehanshu/FGBO/icbinb/train.py:35: RuntimeWarning: Mean of empty slice.
  mse = float(((p - t) ** 2).mean())
/opt/anaconda3/envs/tf-ml-gpu/lib/python3.10/site-packages/numpy/core/_methods.py:129: RuntimeWarning: invalid value encountered in divide
  ret = ret.dtype.type(ret / rcount)
/Users/adityanagarsekar/Downloads/Courses/LOP_Snehanshu/FGBO/icbinb/train.py:36: RuntimeWarning: Mean of empty slice.
  mae = float(np.abs(p - t).mean())
/Users/adityanagarsekar/Downloads/Courses/LOP_Snehanshu/FGBO/icbinb/train.py:35: RuntimeWarning: Mean of empty slice.
  mse = float(((p - t) ** 2).mean())
/opt/anaconda3/envs/tf-ml-gpu/lib/python3.10/site-packages/numpy/core/_methods.py:129: RuntimeWarning: invalid value encountered in divide
  ret = ret.dtype.type(ret / rcount)
/Users/adityanagarsekar/Downloads/Courses/LOP_Snehanshu/FGBO/icbinb/train.py:36: RuntimeWarning: Mean of empty slice.
  mae = float(np.abs(p - t).mean())
/Users/adityanagarsekar/Downloads/Courses/LOP_Snehanshu/FGBO/icbinb/train.py:35: RuntimeWarning: Mean of empty slice.
  mse = float(((p - t) ** 2).mean())
/opt/anaconda3/envs/tf-ml-gpu/lib/python3.10/site-packages/numpy/core/_methods.py:129: RuntimeWarning: invalid value encountered in divide
  ret = ret.dtype.type(ret / rcount)
/Users/adityanagarsekar/Downloads/Courses/LOP_Snehanshu/FGBO/icbinb/train.py:36: RuntimeWarning: Mean of empty slice.
  mae = float(np.abs(p - t).mean())
/Users/adityanagarsekar/Downloads/Courses/LOP_Snehanshu/FGBO/icbinb/train.py:35: RuntimeWarning: Mean of empty slice.
  mse = float(((p - t) ** 2).mean())
/opt/anaconda3/envs/tf-ml-gpu/lib/python3.10/site-packages/numpy/core/_methods.py:129: RuntimeWarning: invalid value encountered in divide
  ret = ret.dtype.type(ret / rcount)
/Users/adityanagarsekar/Downloads/Courses/LOP_Snehanshu/FGBO/icbinb/train.py:36: RuntimeWarning: Mean of empty slice.
  mae = float(np.abs(p - t).mean())
/Users/adityanagarsekar/Downloads/Courses/LOP_Snehanshu/FGBO/icbinb/train.py:35: RuntimeWarning: Mean of empty slice.
  mse = float(((p - t) ** 2).mean())
/opt/anaconda3/envs/tf-ml-gpu/lib/python3.10/site-packages/numpy/core/_methods.py:129: RuntimeWarning: invalid value encountered in divide
  ret = ret.dtype.type(ret / rcount)
/Users/adityanagarsekar/Downloads/Courses/LOP_Snehanshu/FGBO/icbinb/train.py:36: RuntimeWarning: Mean of empty slice.
  mae = float(np.abs(p - t).mean())
/Users/adityanagarsekar/Downloads/Courses/LOP_Snehanshu/FGBO/icbinb/train.py:35: RuntimeWarning: Mean of empty slice.
  mse = float(((p - t) ** 2).mean())
/opt/anaconda3/envs/tf-ml-gpu/lib/python3.10/site-packages/numpy/core/_methods.py:129: RuntimeWarning: invalid value encountered in divide
  ret = ret.dtype.type(ret / rcount)
/Users/adityanagarsekar/Downloads/Courses/LOP_Snehanshu/FGBO/icbinb/train.py:36: RuntimeWarning: Mean of empty slice.
  mae = float(np.abs(p - t).mean())
/Users/adityanagarsekar/Downloads/Courses/LOP_Snehanshu/FGBO/icbinb/train.py:35: RuntimeWarning: Mean of empty slice.
  mse = float(((p - t) ** 2).mean())
/opt/anaconda3/envs/tf-ml-gpu/lib/python3.10/site-packages/numpy/core/_methods.py:129: RuntimeWarning: invalid value encountered in divide
  ret = ret.dtype.type(ret / rcount)
/Users/adityanagarsekar/Downloads/Courses/LOP_Snehanshu/FGBO/icbinb/train.py:36: RuntimeWarning: Mean of empty slice.
  mae = float(np.abs(p - t).mean())
/Users/adityanagarsekar/Downloads/Courses/LOP_Snehanshu/FGBO/icbinb/train.py:35: RuntimeWarning: Mean of empty slice.
  mse = float(((p - t) ** 2).mean())
/opt/anaconda3/envs/tf-ml-gpu/lib/python3.10/site-packages/numpy/core/_methods.py:129: RuntimeWarning: invalid value encountered in divide
  ret = ret.dtype.type(ret / rcount)
/Users/adityanagarsekar/Downloads/Courses/LOP_Snehanshu/FGBO/icbinb/train.py:36: RuntimeWarning: Mean of empty slice.
  mae = float(np.abs(p - t).mean())
/Users/adityanagarsekar/Downloads/Courses/LOP_Snehanshu/FGBO/icbinb/train.py:35: RuntimeWarning: Mean of empty slice.
  mse = float(((p - t) ** 2).mean())
/opt/anaconda3/envs/tf-ml-gpu/lib/python3.10/site-packages/numpy/core/_methods.py:129: RuntimeWarning: invalid value encountered in divide
  ret = ret.dtype.type(ret / rcount)
/Users/adityanagarsekar/Downloads/Courses/LOP_Snehanshu/FGBO/icbinb/train.py:36: RuntimeWarning: Mean of empty slice.
  mae = float(np.abs(p - t).mean())
/Users/adityanagarsekar/Downloads/Courses/LOP_Snehanshu/FGBO/icbinb/train.py:35: RuntimeWarning: Mean of empty slice.
  mse = float(((p - t) ** 2).mean())
/opt/anaconda3/envs/tf-ml-gpu/lib/python3.10/site-packages/numpy/core/_methods.py:129: RuntimeWarning: invalid value encountered in divide
  ret = ret.dtype.type(ret / rcount)
/Users/adityanagarsekar/Downloads/Courses/LOP_Snehanshu/FGBO/icbinb/train.py:36: RuntimeWarning: Mean of empty slice.
  mae = float(np.abs(p - t).mean())
/Users/adityanagarsekar/Downloads/Courses/LOP_Snehanshu/FGBO/icbinb/train.py:35: RuntimeWarning: Mean of empty slice.
  mse = float(((p - t) ** 2).mean())
/opt/anaconda3/envs/tf-ml-gpu/lib/python3.10/site-packages/numpy/core/_methods.py:129: RuntimeWarning: invalid value encountered in divide
  ret = ret.dtype.type(ret / rcount)
/Users/adityanagarsekar/Downloads/Courses/LOP_Snehanshu/FGBO/icbinb/train.py:36: RuntimeWarning: Mean of empty slice.
  mae = float(np.abs(p - t).mean())
/Users/adityanagarsekar/Downloads/Courses/LOP_Snehanshu/FGBO/icbinb/train.py:35: RuntimeWarning: Mean of empty slice.
  mse = float(((p - t) ** 2).mean())
/opt/anaconda3/envs/tf-ml-gpu/lib/python3.10/site-packages/numpy/core/_methods.py:129: RuntimeWarning: invalid value encountered in divide
  ret = ret.dtype.type(ret / rcount)
/Users/adityanagarsekar/Downloads/Courses/LOP_Snehanshu/FGBO/icbinb/train.py:36: RuntimeWarning: Mean of empty slice.
  mae = float(np.abs(p - t).mean())
/Users/adityanagarsekar/Downloads/Courses/LOP_Snehanshu/FGBO/icbinb/train.py:35: RuntimeWarning: Mean of empty slice.
  mse = float(((p - t) ** 2).mean())
/opt/anaconda3/envs/tf-ml-gpu/lib/python3.10/site-packages/numpy/core/_methods.py:129: RuntimeWarning: invalid value encountered in divide
  ret = ret.dtype.type(ret / rcount)
/Users/adityanagarsekar/Downloads/Courses/LOP_Snehanshu/FGBO/icbinb/train.py:36: RuntimeWarning: Mean of empty slice.
  mae = float(np.abs(p - t).mean())
/Users/adityanagarsekar/Downloads/Courses/LOP_Snehanshu/FGBO/icbinb/train.py:35: RuntimeWarning: Mean of empty slice.
  mse = float(((p - t) ** 2).mean())
/opt/anaconda3/envs/tf-ml-gpu/lib/python3.10/site-packages/numpy/core/_methods.py:129: RuntimeWarning: invalid value encountered in divide
  ret = ret.dtype.type(ret / rcount)
/Users/adityanagarsekar/Downloads/Courses/LOP_Snehanshu/FGBO/icbinb/train.py:36: RuntimeWarning: Mean of empty slice.
  mae = float(np.abs(p - t).mean())
/Users/adityanagarsekar/Downloads/Courses/LOP_Snehanshu/FGBO/icbinb/train.py:35: RuntimeWarning: Mean of empty slice.
  mse = float(((p - t) ** 2).mean())
/opt/anaconda3/envs/tf-ml-gpu/lib/python3.10/site-packages/numpy/core/_methods.py:129: RuntimeWarning: invalid value encountered in divide
  ret = ret.dtype.type(ret / rcount)
/Users/adityanagarsekar/Downloads/Courses/LOP_Snehanshu/FGBO/icbinb/train.py:36: RuntimeWarning: Mean of empty slice.
  mae = float(np.abs(p - t).mean())
/Users/adityanagarsekar/Downloads/Courses/LOP_Snehanshu/FGBO/icbinb/train.py:35: RuntimeWarning: Mean of empty slice.
  mse = float(((p - t) ** 2).mean())
/opt/anaconda3/envs/tf-ml-gpu/lib/python3.10/site-packages/numpy/core/_methods.py:129: RuntimeWarning: invalid value encountered in divide
  ret = ret.dtype.type(ret / rcount)
/Users/adityanagarsekar/Downloads/Courses/LOP_Snehanshu/FGBO/icbinb/train.py:36: RuntimeWarning: Mean of empty slice.
  mae = float(np.abs(p - t).mean())
/Users/adityanagarsekar/Downloads/Courses/LOP_Snehanshu/FGBO/icbinb/train.py:35: RuntimeWarning: Mean of empty slice.
  mse = float(((p - t) ** 2).mean())
/opt/anaconda3/envs/tf-ml-gpu/lib/python3.10/site-packages/numpy/core/_methods.py:129: RuntimeWarning: invalid value encountered in divide
  ret = ret.dtype.type(ret / rcount)
/Users/adityanagarsekar/Downloads/Courses/LOP_Snehanshu/FGBO/icbinb/train.py:36: RuntimeWarning: Mean of empty slice.
  mae = float(np.abs(p - t).mean())
/Users/adityanagarsekar/Downloads/Courses/LOP_Snehanshu/FGBO/icbinb/train.py:35: RuntimeWarning: Mean of empty slice.
  mse = float(((p - t) ** 2).mean())
/opt/anaconda3/envs/tf-ml-gpu/lib/python3.10/site-packages/numpy/core/_methods.py:129: RuntimeWarning: invalid value encountered in divide
  ret = ret.dtype.type(ret / rcount)
/Users/adityanagarsekar/Downloads/Courses/LOP_Snehanshu/FGBO/icbinb/train.py:36: RuntimeWarning: Mean of empty slice.
  mae = float(np.abs(p - t).mean())
/Users/adityanagarsekar/Downloads/Courses/LOP_Snehanshu/FGBO/icbinb/train.py:35: RuntimeWarning: Mean of empty slice.
  mse = float(((p - t) ** 2).mean())
/opt/anaconda3/envs/tf-ml-gpu/lib/python3.10/site-packages/numpy/core/_methods.py:129: RuntimeWarning: invalid value encountered in divide
  ret = ret.dtype.type(ret / rcount)
/Users/adityanagarsekar/Downloads/Courses/LOP_Snehanshu/FGBO/icbinb/train.py:36: RuntimeWarning: Mean of empty slice.
  mae = float(np.abs(p - t).mean())
/Users/adityanagarsekar/Downloads/Courses/LOP_Snehanshu/FGBO/icbinb/train.py:35: RuntimeWarning: Mean of empty slice.
  mse = float(((p - t) ** 2).mean())
/opt/anaconda3/envs/tf-ml-gpu/lib/python3.10/site-packages/numpy/core/_methods.py:129: RuntimeWarning: invalid value encountered in divide
  ret = ret.dtype.type(ret / rcount)
/Users/adityanagarsekar/Downloads/Courses/LOP_Snehanshu/FGBO/icbinb/train.py:36: RuntimeWarning: Mean of empty slice.
  mae = float(np.abs(p - t).mean())
  valfree_pool  hydro           outer003  48 rows   528.0s
/Users/adityanagarsekar/Downloads/Courses/LOP_Snehanshu/FGBO/icbinb/train.py:35: RuntimeWarning: Mean of empty slice.
  mse = float(((p - t) ** 2).mean())
/opt/anaconda3/envs/tf-ml-gpu/lib/python3.10/site-packages/numpy/core/_methods.py:129: RuntimeWarning: invalid value encountered in divide
  ret = ret.dtype.type(ret / rcount)
/Users/adityanagarsekar/Downloads/Courses/LOP_Snehanshu/FGBO/icbinb/train.py:36: RuntimeWarning: Mean of empty slice.
  mae = float(np.abs(p - t).mean())
/Users/adityanagarsekar/Downloads/Courses/LOP_Snehanshu/FGBO/icbinb/train.py:35: RuntimeWarning: Mean of empty slice.
  mse = float(((p - t) ** 2).mean())
/opt/anaconda3/envs/tf-ml-gpu/lib/python3.10/site-packages/numpy/core/_methods.py:129: RuntimeWarning: invalid value encountered in divide
  ret = ret.dtype.type(ret / rcount)
/Users/adityanagarsekar/Downloads/Courses/LOP_Snehanshu/FGBO/icbinb/train.py:36: RuntimeWarning: Mean of empty slice.
  mae = float(np.abs(p - t).mean())
/Users/adityanagarsekar/Downloads/Courses/LOP_Snehanshu/FGBO/icbinb/train.py:35: RuntimeWarning: Mean of empty slice.
  mse = float(((p - t) ** 2).mean())
/opt/anaconda3/envs/tf-ml-gpu/lib/python3.10/site-packages/numpy/core/_methods.py:129: RuntimeWarning: invalid value encountered in divide
  ret = ret.dtype.type(ret / rcount)
/Users/adityanagarsekar/Downloads/Courses/LOP_Snehanshu/FGBO/icbinb/train.py:36: RuntimeWarning: Mean of empty slice.
  mae = float(np.abs(p - t).mean())
/Users/adityanagarsekar/Downloads/Courses/LOP_Snehanshu/FGBO/icbinb/train.py:35: RuntimeWarning: Mean of empty slice.
  mse = float(((p - t) ** 2).mean())
/opt/anaconda3/envs/tf-ml-gpu/lib/python3.10/site-packages/numpy/core/_methods.py:129: RuntimeWarning: invalid value encountered in divide
  ret = ret.dtype.type(ret / rcount)
/Users/adityanagarsekar/Downloads/Courses/LOP_Snehanshu/FGBO/icbinb/train.py:36: RuntimeWarning: Mean of empty slice.
  mae = float(np.abs(p - t).mean())
/Users/adityanagarsekar/Downloads/Courses/LOP_Snehanshu/FGBO/icbinb/train.py:35: RuntimeWarning: Mean of empty slice.
  mse = float(((p - t) ** 2).mean())
/opt/anaconda3/envs/tf-ml-gpu/lib/python3.10/site-packages/numpy/core/_methods.py:129: RuntimeWarning: invalid value encountered in divide
  ret = ret.dtype.type(ret / rcount)
/Users/adityanagarsekar/Downloads/Courses/LOP_Snehanshu/FGBO/icbinb/train.py:36: RuntimeWarning: Mean of empty slice.
  mae = float(np.abs(p - t).mean())
/Users/adityanagarsekar/Downloads/Courses/LOP_Snehanshu/FGBO/icbinb/train.py:35: RuntimeWarning: Mean of empty slice.
  mse = float(((p - t) ** 2).mean())
/opt/anaconda3/envs/tf-ml-gpu/lib/python3.10/site-packages/numpy/core/_methods.py:129: RuntimeWarning: invalid value encountered in divide
  ret = ret.dtype.type(ret / rcount)
/Users/adityanagarsekar/Downloads/Courses/LOP_Snehanshu/FGBO/icbinb/train.py:36: RuntimeWarning: Mean of empty slice.
  mae = float(np.abs(p - t).mean())
/Users/adityanagarsekar/Downloads/Courses/LOP_Snehanshu/FGBO/icbinb/train.py:35: RuntimeWarning: Mean of empty slice.
  mse = float(((p - t) ** 2).mean())
/opt/anaconda3/envs/tf-ml-gpu/lib/python3.10/site-packages/numpy/core/_methods.py:129: RuntimeWarning: invalid value encountered in divide
  ret = ret.dtype.type(ret / rcount)
/Users/adityanagarsekar/Downloads/Courses/LOP_Snehanshu/FGBO/icbinb/train.py:36: RuntimeWarning: Mean of empty slice.
  mae = float(np.abs(p - t).mean())
/Users/adityanagarsekar/Downloads/Courses/LOP_Snehanshu/FGBO/icbinb/train.py:35: RuntimeWarning: Mean of empty slice.
  mse = float(((p - t) ** 2).mean())
/opt/anaconda3/envs/tf-ml-gpu/lib/python3.10/site-packages/numpy/core/_methods.py:129: RuntimeWarning: invalid value encountered in divide
  ret = ret.dtype.type(ret / rcount)
/Users/adityanagarsekar/Downloads/Courses/LOP_Snehanshu/FGBO/icbinb/train.py:36: RuntimeWarning: Mean of empty slice.
  mae = float(np.abs(p - t).mean())
/Users/adityanagarsekar/Downloads/Courses/LOP_Snehanshu/FGBO/icbinb/train.py:35: RuntimeWarning: Mean of empty slice.
  mse = float(((p - t) ** 2).mean())
/opt/anaconda3/envs/tf-ml-gpu/lib/python3.10/site-packages/numpy/core/_methods.py:129: RuntimeWarning: invalid value encountered in divide
  ret = ret.dtype.type(ret / rcount)
/Users/adityanagarsekar/Downloads/Courses/LOP_Snehanshu/FGBO/icbinb/train.py:36: RuntimeWarning: Mean of empty slice.
  mae = float(np.abs(p - t).mean())
/Users/adityanagarsekar/Downloads/Courses/LOP_Snehanshu/FGBO/icbinb/train.py:35: RuntimeWarning: Mean of empty slice.
  mse = float(((p - t) ** 2).mean())
/opt/anaconda3/envs/tf-ml-gpu/lib/python3.10/site-packages/numpy/core/_methods.py:129: RuntimeWarning: invalid value encountered in divide
  ret = ret.dtype.type(ret / rcount)
/Users/adityanagarsekar/Downloads/Courses/LOP_Snehanshu/FGBO/icbinb/train.py:36: RuntimeWarning: Mean of empty slice.
  mae = float(np.abs(p - t).mean())
/Users/adityanagarsekar/Downloads/Courses/LOP_Snehanshu/FGBO/icbinb/train.py:35: RuntimeWarning: Mean of empty slice.
  mse = float(((p - t) ** 2).mean())
/opt/anaconda3/envs/tf-ml-gpu/lib/python3.10/site-packages/numpy/core/_methods.py:129: RuntimeWarning: invalid value encountered in divide
  ret = ret.dtype.type(ret / rcount)
/Users/adityanagarsekar/Downloads/Courses/LOP_Snehanshu/FGBO/icbinb/train.py:36: RuntimeWarning: Mean of empty slice.
  mae = float(np.abs(p - t).mean())
/Users/adityanagarsekar/Downloads/Courses/LOP_Snehanshu/FGBO/icbinb/train.py:35: RuntimeWarning: Mean of empty slice.
  mse = float(((p - t) ** 2).mean())
/opt/anaconda3/envs/tf-ml-gpu/lib/python3.10/site-packages/numpy/core/_methods.py:129: RuntimeWarning: invalid value encountered in divide
  ret = ret.dtype.type(ret / rcount)
/Users/adityanagarsekar/Downloads/Courses/LOP_Snehanshu/FGBO/icbinb/train.py:36: RuntimeWarning: Mean of empty slice.
  mae = float(np.abs(p - t).mean())
/Users/adityanagarsekar/Downloads/Courses/LOP_Snehanshu/FGBO/icbinb/train.py:35: RuntimeWarning: Mean of empty slice.
  mse = float(((p - t) ** 2).mean())
/opt/anaconda3/envs/tf-ml-gpu/lib/python3.10/site-packages/numpy/core/_methods.py:129: RuntimeWarning: invalid value encountered in divide
  ret = ret.dtype.type(ret / rcount)
/Users/adityanagarsekar/Downloads/Courses/LOP_Snehanshu/FGBO/icbinb/train.py:36: RuntimeWarning: Mean of empty slice.
  mae = float(np.abs(p - t).mean())
/Users/adityanagarsekar/Downloads/Courses/LOP_Snehanshu/FGBO/icbinb/train.py:35: RuntimeWarning: Mean of empty slice.
  mse = float(((p - t) ** 2).mean())
/opt/anaconda3/envs/tf-ml-gpu/lib/python3.10/site-packages/numpy/core/_methods.py:129: RuntimeWarning: invalid value encountered in divide
  ret = ret.dtype.type(ret / rcount)
/Users/adityanagarsekar/Downloads/Courses/LOP_Snehanshu/FGBO/icbinb/train.py:36: RuntimeWarning: Mean of empty slice.
  mae = float(np.abs(p - t).mean())
/Users/adityanagarsekar/Downloads/Courses/LOP_Snehanshu/FGBO/icbinb/train.py:35: RuntimeWarning: Mean of empty slice.
  mse = float(((p - t) ** 2).mean())
/opt/anaconda3/envs/tf-ml-gpu/lib/python3.10/site-packages/numpy/core/_methods.py:129: RuntimeWarning: invalid value encountered in divide
  ret = ret.dtype.type(ret / rcount)
/Users/adityanagarsekar/Downloads/Courses/LOP_Snehanshu/FGBO/icbinb/train.py:36: RuntimeWarning: Mean of empty slice.
  mae = float(np.abs(p - t).mean())
/Users/adityanagarsekar/Downloads/Courses/LOP_Snehanshu/FGBO/icbinb/train.py:35: RuntimeWarning: Mean of empty slice.
  mse = float(((p - t) ** 2).mean())
/opt/anaconda3/envs/tf-ml-gpu/lib/python3.10/site-packages/numpy/core/_methods.py:129: RuntimeWarning: invalid value encountered in divide
  ret = ret.dtype.type(ret / rcount)
/Users/adityanagarsekar/Downloads/Courses/LOP_Snehanshu/FGBO/icbinb/train.py:36: RuntimeWarning: Mean of empty slice.
  mae = float(np.abs(p - t).mean())
/Users/adityanagarsekar/Downloads/Courses/LOP_Snehanshu/FGBO/icbinb/train.py:35: RuntimeWarning: Mean of empty slice.
  mse = float(((p - t) ** 2).mean())
/opt/anaconda3/envs/tf-ml-gpu/lib/python3.10/site-packages/numpy/core/_methods.py:129: RuntimeWarning: invalid value encountered in divide
  ret = ret.dtype.type(ret / rcount)
/Users/adityanagarsekar/Downloads/Courses/LOP_Snehanshu/FGBO/icbinb/train.py:36: RuntimeWarning: Mean of empty slice.
  mae = float(np.abs(p - t).mean())
/Users/adityanagarsekar/Downloads/Courses/LOP_Snehanshu/FGBO/icbinb/train.py:35: RuntimeWarning: Mean of empty slice.
  mse = float(((p - t) ** 2).mean())
/opt/anaconda3/envs/tf-ml-gpu/lib/python3.10/site-packages/numpy/core/_methods.py:129: RuntimeWarning: invalid value encountered in divide
  ret = ret.dtype.type(ret / rcount)
/Users/adityanagarsekar/Downloads/Courses/LOP_Snehanshu/FGBO/icbinb/train.py:36: RuntimeWarning: Mean of empty slice.
  mae = float(np.abs(p - t).mean())
/Users/adityanagarsekar/Downloads/Courses/LOP_Snehanshu/FGBO/icbinb/train.py:35: RuntimeWarning: Mean of empty slice.
  mse = float(((p - t) ** 2).mean())
/opt/anaconda3/envs/tf-ml-gpu/lib/python3.10/site-packages/numpy/core/_methods.py:129: RuntimeWarning: invalid value encountered in divide
  ret = ret.dtype.type(ret / rcount)
/Users/adityanagarsekar/Downloads/Courses/LOP_Snehanshu/FGBO/icbinb/train.py:36: RuntimeWarning: Mean of empty slice.
  mae = float(np.abs(p - t).mean())
/Users/adityanagarsekar/Downloads/Courses/LOP_Snehanshu/FGBO/icbinb/train.py:35: RuntimeWarning: Mean of empty slice.
  mse = float(((p - t) ** 2).mean())
/opt/anaconda3/envs/tf-ml-gpu/lib/python3.10/site-packages/numpy/core/_methods.py:129: RuntimeWarning: invalid value encountered in divide
  ret = ret.dtype.type(ret / rcount)
/Users/adityanagarsekar/Downloads/Courses/LOP_Snehanshu/FGBO/icbinb/train.py:36: RuntimeWarning: Mean of empty slice.
  mae = float(np.abs(p - t).mean())
/Users/adityanagarsekar/Downloads/Courses/LOP_Snehanshu/FGBO/icbinb/train.py:35: RuntimeWarning: Mean of empty slice.
  mse = float(((p - t) ** 2).mean())
/opt/anaconda3/envs/tf-ml-gpu/lib/python3.10/site-packages/numpy/core/_methods.py:129: RuntimeWarning: invalid value encountered in divide
  ret = ret.dtype.type(ret / rcount)
/Users/adityanagarsekar/Downloads/Courses/LOP_Snehanshu/FGBO/icbinb/train.py:36: RuntimeWarning: Mean of empty slice.
  mae = float(np.abs(p - t).mean())
/Users/adityanagarsekar/Downloads/Courses/LOP_Snehanshu/FGBO/icbinb/train.py:35: RuntimeWarning: Mean of empty slice.
  mse = float(((p - t) ** 2).mean())
/opt/anaconda3/envs/tf-ml-gpu/lib/python3.10/site-packages/numpy/core/_methods.py:129: RuntimeWarning: invalid value encountered in divide
  ret = ret.dtype.type(ret / rcount)
/Users/adityanagarsekar/Downloads/Courses/LOP_Snehanshu/FGBO/icbinb/train.py:36: RuntimeWarning: Mean of empty slice.
  mae = float(np.abs(p - t).mean())
/Users/adityanagarsekar/Downloads/Courses/LOP_Snehanshu/FGBO/icbinb/train.py:35: RuntimeWarning: Mean of empty slice.
  mse = float(((p - t) ** 2).mean())
/opt/anaconda3/envs/tf-ml-gpu/lib/python3.10/site-packages/numpy/core/_methods.py:129: RuntimeWarning: invalid value encountered in divide
  ret = ret.dtype.type(ret / rcount)
/Users/adityanagarsekar/Downloads/Courses/LOP_Snehanshu/FGBO/icbinb/train.py:36: RuntimeWarning: Mean of empty slice.
  mae = float(np.abs(p - t).mean())
/Users/adityanagarsekar/Downloads/Courses/LOP_Snehanshu/FGBO/icbinb/train.py:35: RuntimeWarning: Mean of empty slice.
  mse = float(((p - t) ** 2).mean())
/opt/anaconda3/envs/tf-ml-gpu/lib/python3.10/site-packages/numpy/core/_methods.py:129: RuntimeWarning: invalid value encountered in divide
  ret = ret.dtype.type(ret / rcount)
/Users/adityanagarsekar/Downloads/Courses/LOP_Snehanshu/FGBO/icbinb/train.py:36: RuntimeWarning: Mean of empty slice.
  mae = float(np.abs(p - t).mean())
/Users/adityanagarsekar/Downloads/Courses/LOP_Snehanshu/FGBO/icbinb/train.py:35: RuntimeWarning: Mean of empty slice.
  mse = float(((p - t) ** 2).mean())
/opt/anaconda3/envs/tf-ml-gpu/lib/python3.10/site-packages/numpy/core/_methods.py:129: RuntimeWarning: invalid value encountered in divide
  ret = ret.dtype.type(ret / rcount)
/Users/adityanagarsekar/Downloads/Courses/LOP_Snehanshu/FGBO/icbinb/train.py:36: RuntimeWarning: Mean of empty slice.
  mae = float(np.abs(p - t).mean())
/Users/adityanagarsekar/Downloads/Courses/LOP_Snehanshu/FGBO/icbinb/train.py:35: RuntimeWarning: Mean of empty slice.
  mse = float(((p - t) ** 2).mean())
/opt/anaconda3/envs/tf-ml-gpu/lib/python3.10/site-packages/numpy/core/_methods.py:129: RuntimeWarning: invalid value encountered in divide
  ret = ret.dtype.type(ret / rcount)
/Users/adityanagarsekar/Downloads/Courses/LOP_Snehanshu/FGBO/icbinb/train.py:36: RuntimeWarning: Mean of empty slice.
  mae = float(np.abs(p - t).mean())
/Users/adityanagarsekar/Downloads/Courses/LOP_Snehanshu/FGBO/icbinb/train.py:35: RuntimeWarning: Mean of empty slice.
  mse = float(((p - t) ** 2).mean())
/opt/anaconda3/envs/tf-ml-gpu/lib/python3.10/site-packages/numpy/core/_methods.py:129: RuntimeWarning: invalid value encountered in divide
  ret = ret.dtype.type(ret / rcount)
/Users/adityanagarsekar/Downloads/Courses/LOP_Snehanshu/FGBO/icbinb/train.py:36: RuntimeWarning: Mean of empty slice.
  mae = float(np.abs(p - t).mean())
/Users/adityanagarsekar/Downloads/Courses/LOP_Snehanshu/FGBO/icbinb/train.py:35: RuntimeWarning: Mean of empty slice.
  mse = float(((p - t) ** 2).mean())
/opt/anaconda3/envs/tf-ml-gpu/lib/python3.10/site-packages/numpy/core/_methods.py:129: RuntimeWarning: invalid value encountered in divide
  ret = ret.dtype.type(ret / rcount)
/Users/adityanagarsekar/Downloads/Courses/LOP_Snehanshu/FGBO/icbinb/train.py:36: RuntimeWarning: Mean of empty slice.
  mae = float(np.abs(p - t).mean())
/Users/adityanagarsekar/Downloads/Courses/LOP_Snehanshu/FGBO/icbinb/train.py:35: RuntimeWarning: Mean of empty slice.
  mse = float(((p - t) ** 2).mean())
/opt/anaconda3/envs/tf-ml-gpu/lib/python3.10/site-packages/numpy/core/_methods.py:129: RuntimeWarning: invalid value encountered in divide
  ret = ret.dtype.type(ret / rcount)
/Users/adityanagarsekar/Downloads/Courses/LOP_Snehanshu/FGBO/icbinb/train.py:36: RuntimeWarning: Mean of empty slice.
  mae = float(np.abs(p - t).mean())
/Users/adityanagarsekar/Downloads/Courses/LOP_Snehanshu/FGBO/icbinb/train.py:35: RuntimeWarning: Mean of empty slice.
  mse = float(((p - t) ** 2).mean())
/opt/anaconda3/envs/tf-ml-gpu/lib/python3.10/site-packages/numpy/core/_methods.py:129: RuntimeWarning: invalid value encountered in divide
  ret = ret.dtype.type(ret / rcount)
/Users/adityanagarsekar/Downloads/Courses/LOP_Snehanshu/FGBO/icbinb/train.py:36: RuntimeWarning: Mean of empty slice.
  mae = float(np.abs(p - t).mean())
/Users/adityanagarsekar/Downloads/Courses/LOP_Snehanshu/FGBO/icbinb/train.py:35: RuntimeWarning: Mean of empty slice.
  mse = float(((p - t) ** 2).mean())
/opt/anaconda3/envs/tf-ml-gpu/lib/python3.10/site-packages/numpy/core/_methods.py:129: RuntimeWarning: invalid value encountered in divide
  ret = ret.dtype.type(ret / rcount)
/Users/adityanagarsekar/Downloads/Courses/LOP_Snehanshu/FGBO/icbinb/train.py:36: RuntimeWarning: Mean of empty slice.
  mae = float(np.abs(p - t).mean())
/Users/adityanagarsekar/Downloads/Courses/LOP_Snehanshu/FGBO/icbinb/train.py:35: RuntimeWarning: Mean of empty slice.
  mse = float(((p - t) ** 2).mean())
/opt/anaconda3/envs/tf-ml-gpu/lib/python3.10/site-packages/numpy/core/_methods.py:129: RuntimeWarning: invalid value encountered in divide
  ret = ret.dtype.type(ret / rcount)
/Users/adityanagarsekar/Downloads/Courses/LOP_Snehanshu/FGBO/icbinb/train.py:36: RuntimeWarning: Mean of empty slice.
  mae = float(np.abs(p - t).mean())
/Users/adityanagarsekar/Downloads/Courses/LOP_Snehanshu/FGBO/icbinb/train.py:35: RuntimeWarning: Mean of empty slice.
  mse = float(((p - t) ** 2).mean())
/opt/anaconda3/envs/tf-ml-gpu/lib/python3.10/site-packages/numpy/core/_methods.py:129: RuntimeWarning: invalid value encountered in divide
  ret = ret.dtype.type(ret / rcount)
/Users/adityanagarsekar/Downloads/Courses/LOP_Snehanshu/FGBO/icbinb/train.py:36: RuntimeWarning: Mean of empty slice.
  mae = float(np.abs(p - t).mean())
/Users/adityanagarsekar/Downloads/Courses/LOP_Snehanshu/FGBO/icbinb/train.py:35: RuntimeWarning: Mean of empty slice.
  mse = float(((p - t) ** 2).mean())
/opt/anaconda3/envs/tf-ml-gpu/lib/python3.10/site-packages/numpy/core/_methods.py:129: RuntimeWarning: invalid value encountered in divide
  ret = ret.dtype.type(ret / rcount)
/Users/adityanagarsekar/Downloads/Courses/LOP_Snehanshu/FGBO/icbinb/train.py:36: RuntimeWarning: Mean of empty slice.
  mae = float(np.abs(p - t).mean())
/Users/adityanagarsekar/Downloads/Courses/LOP_Snehanshu/FGBO/icbinb/train.py:35: RuntimeWarning: Mean of empty slice.
  mse = float(((p - t) ** 2).mean())
/opt/anaconda3/envs/tf-ml-gpu/lib/python3.10/site-packages/numpy/core/_methods.py:129: RuntimeWarning: invalid value encountered in divide
  ret = ret.dtype.type(ret / rcount)
/Users/adityanagarsekar/Downloads/Courses/LOP_Snehanshu/FGBO/icbinb/train.py:36: RuntimeWarning: Mean of empty slice.
  mae = float(np.abs(p - t).mean())
/Users/adityanagarsekar/Downloads/Courses/LOP_Snehanshu/FGBO/icbinb/train.py:35: RuntimeWarning: Mean of empty slice.
  mse = float(((p - t) ** 2).mean())
/opt/anaconda3/envs/tf-ml-gpu/lib/python3.10/site-packages/numpy/core/_methods.py:129: RuntimeWarning: invalid value encountered in divide
  ret = ret.dtype.type(ret / rcount)
/Users/adityanagarsekar/Downloads/Courses/LOP_Snehanshu/FGBO/icbinb/train.py:36: RuntimeWarning: Mean of empty slice.
  mae = float(np.abs(p - t).mean())
/Users/adityanagarsekar/Downloads/Courses/LOP_Snehanshu/FGBO/icbinb/train.py:35: RuntimeWarning: Mean of empty slice.
  mse = float(((p - t) ** 2).mean())
/opt/anaconda3/envs/tf-ml-gpu/lib/python3.10/site-packages/numpy/core/_methods.py:129: RuntimeWarning: invalid value encountered in divide
  ret = ret.dtype.type(ret / rcount)
/Users/adityanagarsekar/Downloads/Courses/LOP_Snehanshu/FGBO/icbinb/train.py:36: RuntimeWarning: Mean of empty slice.
  mae = float(np.abs(p - t).mean())
/Users/adityanagarsekar/Downloads/Courses/LOP_Snehanshu/FGBO/icbinb/train.py:35: RuntimeWarning: Mean of empty slice.
  mse = float(((p - t) ** 2).mean())
/opt/anaconda3/envs/tf-ml-gpu/lib/python3.10/site-packages/numpy/core/_methods.py:129: RuntimeWarning: invalid value encountered in divide
  ret = ret.dtype.type(ret / rcount)
/Users/adityanagarsekar/Downloads/Courses/LOP_Snehanshu/FGBO/icbinb/train.py:36: RuntimeWarning: Mean of empty slice.
  mae = float(np.abs(p - t).mean())
/Users/adityanagarsekar/Downloads/Courses/LOP_Snehanshu/FGBO/icbinb/train.py:35: RuntimeWarning: Mean of empty slice.
  mse = float(((p - t) ** 2).mean())
/opt/anaconda3/envs/tf-ml-gpu/lib/python3.10/site-packages/numpy/core/_methods.py:129: RuntimeWarning: invalid value encountered in divide
  ret = ret.dtype.type(ret / rcount)
/Users/adityanagarsekar/Downloads/Courses/LOP_Snehanshu/FGBO/icbinb/train.py:36: RuntimeWarning: Mean of empty slice.
  mae = float(np.abs(p - t).mean())
/Users/adityanagarsekar/Downloads/Courses/LOP_Snehanshu/FGBO/icbinb/train.py:35: RuntimeWarning: Mean of empty slice.
  mse = float(((p - t) ** 2).mean())
/opt/anaconda3/envs/tf-ml-gpu/lib/python3.10/site-packages/numpy/core/_methods.py:129: RuntimeWarning: invalid value encountered in divide
  ret = ret.dtype.type(ret / rcount)
/Users/adityanagarsekar/Downloads/Courses/LOP_Snehanshu/FGBO/icbinb/train.py:36: RuntimeWarning: Mean of empty slice.
  mae = float(np.abs(p - t).mean())
/Users/adityanagarsekar/Downloads/Courses/LOP_Snehanshu/FGBO/icbinb/train.py:35: RuntimeWarning: Mean of empty slice.
  mse = float(((p - t) ** 2).mean())
/opt/anaconda3/envs/tf-ml-gpu/lib/python3.10/site-packages/numpy/core/_methods.py:129: RuntimeWarning: invalid value encountered in divide
  ret = ret.dtype.type(ret / rcount)
/Users/adityanagarsekar/Downloads/Courses/LOP_Snehanshu/FGBO/icbinb/train.py:36: RuntimeWarning: Mean of empty slice.
  mae = float(np.abs(p - t).mean())
/Users/adityanagarsekar/Downloads/Courses/LOP_Snehanshu/FGBO/icbinb/train.py:35: RuntimeWarning: Mean of empty slice.
  mse = float(((p - t) ** 2).mean())
/opt/anaconda3/envs/tf-ml-gpu/lib/python3.10/site-packages/numpy/core/_methods.py:129: RuntimeWarning: invalid value encountered in divide
  ret = ret.dtype.type(ret / rcount)
/Users/adityanagarsekar/Downloads/Courses/LOP_Snehanshu/FGBO/icbinb/train.py:36: RuntimeWarning: Mean of empty slice.
  mae = float(np.abs(p - t).mean())
/Users/adityanagarsekar/Downloads/Courses/LOP_Snehanshu/FGBO/icbinb/train.py:35: RuntimeWarning: Mean of empty slice.
  mse = float(((p - t) ** 2).mean())
/opt/anaconda3/envs/tf-ml-gpu/lib/python3.10/site-packages/numpy/core/_methods.py:129: RuntimeWarning: invalid value encountered in divide
  ret = ret.dtype.type(ret / rcount)
/Users/adityanagarsekar/Downloads/Courses/LOP_Snehanshu/FGBO/icbinb/train.py:36: RuntimeWarning: Mean of empty slice.
  mae = float(np.abs(p - t).mean())
/Users/adityanagarsekar/Downloads/Courses/LOP_Snehanshu/FGBO/icbinb/train.py:35: RuntimeWarning: Mean of empty slice.
  mse = float(((p - t) ** 2).mean())
/opt/anaconda3/envs/tf-ml-gpu/lib/python3.10/site-packages/numpy/core/_methods.py:129: RuntimeWarning: invalid value encountered in divide
  ret = ret.dtype.type(ret / rcount)
/Users/adityanagarsekar/Downloads/Courses/LOP_Snehanshu/FGBO/icbinb/train.py:36: RuntimeWarning: Mean of empty slice.
  mae = float(np.abs(p - t).mean())
/Users/adityanagarsekar/Downloads/Courses/LOP_Snehanshu/FGBO/icbinb/train.py:35: RuntimeWarning: Mean of empty slice.
  mse = float(((p - t) ** 2).mean())
/opt/anaconda3/envs/tf-ml-gpu/lib/python3.10/site-packages/numpy/core/_methods.py:129: RuntimeWarning: invalid value encountered in divide
  ret = ret.dtype.type(ret / rcount)
/Users/adityanagarsekar/Downloads/Courses/LOP_Snehanshu/FGBO/icbinb/train.py:36: RuntimeWarning: Mean of empty slice.
  mae = float(np.abs(p - t).mean())
/Users/adityanagarsekar/Downloads/Courses/LOP_Snehanshu/FGBO/icbinb/train.py:35: RuntimeWarning: Mean of empty slice.
  mse = float(((p - t) ** 2).mean())
/opt/anaconda3/envs/tf-ml-gpu/lib/python3.10/site-packages/numpy/core/_methods.py:129: RuntimeWarning: invalid value encountered in divide
  ret = ret.dtype.type(ret / rcount)
/Users/adityanagarsekar/Downloads/Courses/LOP_Snehanshu/FGBO/icbinb/train.py:36: RuntimeWarning: Mean of empty slice.
  mae = float(np.abs(p - t).mean())
/Users/adityanagarsekar/Downloads/Courses/LOP_Snehanshu/FGBO/icbinb/train.py:35: RuntimeWarning: Mean of empty slice.
  mse = float(((p - t) ** 2).mean())
/opt/anaconda3/envs/tf-ml-gpu/lib/python3.10/site-packages/numpy/core/_methods.py:129: RuntimeWarning: invalid value encountered in divide
  ret = ret.dtype.type(ret / rcount)
/Users/adityanagarsekar/Downloads/Courses/LOP_Snehanshu/FGBO/icbinb/train.py:36: RuntimeWarning: Mean of empty slice.
  mae = float(np.abs(p - t).mean())
/Users/adityanagarsekar/Downloads/Courses/LOP_Snehanshu/FGBO/icbinb/train.py:35: RuntimeWarning: Mean of empty slice.
  mse = float(((p - t) ** 2).mean())
/opt/anaconda3/envs/tf-ml-gpu/lib/python3.10/site-packages/numpy/core/_methods.py:129: RuntimeWarning: invalid value encountered in divide
  ret = ret.dtype.type(ret / rcount)
/Users/adityanagarsekar/Downloads/Courses/LOP_Snehanshu/FGBO/icbinb/train.py:36: RuntimeWarning: Mean of empty slice.
  mae = float(np.abs(p - t).mean())
  valfree_pool  hydro           outer004  48 rows   524.4s
/Users/adityanagarsekar/Downloads/Courses/LOP_Snehanshu/FGBO/icbinb/train.py:35: RuntimeWarning: Mean of empty slice.
  mse = float(((p - t) ** 2).mean())
/opt/anaconda3/envs/tf-ml-gpu/lib/python3.10/site-packages/numpy/core/_methods.py:129: RuntimeWarning: invalid value encountered in divide
  ret = ret.dtype.type(ret / rcount)
/Users/adityanagarsekar/Downloads/Courses/LOP_Snehanshu/FGBO/icbinb/train.py:36: RuntimeWarning: Mean of empty slice.
  mae = float(np.abs(p - t).mean())
/Users/adityanagarsekar/Downloads/Courses/LOP_Snehanshu/FGBO/icbinb/train.py:35: RuntimeWarning: Mean of empty slice.
  mse = float(((p - t) ** 2).mean())
/opt/anaconda3/envs/tf-ml-gpu/lib/python3.10/site-packages/numpy/core/_methods.py:129: RuntimeWarning: invalid value encountered in divide
  ret = ret.dtype.type(ret / rcount)
/Users/adityanagarsekar/Downloads/Courses/LOP_Snehanshu/FGBO/icbinb/train.py:36: RuntimeWarning: Mean of empty slice.
  mae = float(np.abs(p - t).mean())
/Users/adityanagarsekar/Downloads/Courses/LOP_Snehanshu/FGBO/icbinb/train.py:35: RuntimeWarning: Mean of empty slice.
  mse = float(((p - t) ** 2).mean())
/opt/anaconda3/envs/tf-ml-gpu/lib/python3.10/site-packages/numpy/core/_methods.py:129: RuntimeWarning: invalid value encountered in divide
  ret = ret.dtype.type(ret / rcount)
/Users/adityanagarsekar/Downloads/Courses/LOP_Snehanshu/FGBO/icbinb/train.py:36: RuntimeWarning: Mean of empty slice.
  mae = float(np.abs(p - t).mean())
/Users/adityanagarsekar/Downloads/Courses/LOP_Snehanshu/FGBO/icbinb/train.py:35: RuntimeWarning: Mean of empty slice.
  mse = float(((p - t) ** 2).mean())
/opt/anaconda3/envs/tf-ml-gpu/lib/python3.10/site-packages/numpy/core/_methods.py:129: RuntimeWarning: invalid value encountered in divide
  ret = ret.dtype.type(ret / rcount)
/Users/adityanagarsekar/Downloads/Courses/LOP_Snehanshu/FGBO/icbinb/train.py:36: RuntimeWarning: Mean of empty slice.
  mae = float(np.abs(p - t).mean())
/Users/adityanagarsekar/Downloads/Courses/LOP_Snehanshu/FGBO/icbinb/train.py:35: RuntimeWarning: Mean of empty slice.
  mse = float(((p - t) ** 2).mean())
/opt/anaconda3/envs/tf-ml-gpu/lib/python3.10/site-packages/numpy/core/_methods.py:129: RuntimeWarning: invalid value encountered in divide
  ret = ret.dtype.type(ret / rcount)
/Users/adityanagarsekar/Downloads/Courses/LOP_Snehanshu/FGBO/icbinb/train.py:36: RuntimeWarning: Mean of empty slice.
  mae = float(np.abs(p - t).mean())
/Users/adityanagarsekar/Downloads/Courses/LOP_Snehanshu/FGBO/icbinb/train.py:35: RuntimeWarning: Mean of empty slice.
  mse = float(((p - t) ** 2).mean())
/opt/anaconda3/envs/tf-ml-gpu/lib/python3.10/site-packages/numpy/core/_methods.py:129: RuntimeWarning: invalid value encountered in divide
  ret = ret.dtype.type(ret / rcount)
/Users/adityanagarsekar/Downloads/Courses/LOP_Snehanshu/FGBO/icbinb/train.py:36: RuntimeWarning: Mean of empty slice.
  mae = float(np.abs(p - t).mean())
/Users/adityanagarsekar/Downloads/Courses/LOP_Snehanshu/FGBO/icbinb/train.py:35: RuntimeWarning: Mean of empty slice.
  mse = float(((p - t) ** 2).mean())
/opt/anaconda3/envs/tf-ml-gpu/lib/python3.10/site-packages/numpy/core/_methods.py:129: RuntimeWarning: invalid value encountered in divide
  ret = ret.dtype.type(ret / rcount)
/Users/adityanagarsekar/Downloads/Courses/LOP_Snehanshu/FGBO/icbinb/train.py:36: RuntimeWarning: Mean of empty slice.
  mae = float(np.abs(p - t).mean())
/Users/adityanagarsekar/Downloads/Courses/LOP_Snehanshu/FGBO/icbinb/train.py:35: RuntimeWarning: Mean of empty slice.
  mse = float(((p - t) ** 2).mean())
/opt/anaconda3/envs/tf-ml-gpu/lib/python3.10/site-packages/numpy/core/_methods.py:129: RuntimeWarning: invalid value encountered in divide
  ret = ret.dtype.type(ret / rcount)
/Users/adityanagarsekar/Downloads/Courses/LOP_Snehanshu/FGBO/icbinb/train.py:36: RuntimeWarning: Mean of empty slice.
  mae = float(np.abs(p - t).mean())
/Users/adityanagarsekar/Downloads/Courses/LOP_Snehanshu/FGBO/icbinb/train.py:35: RuntimeWarning: Mean of empty slice.
  mse = float(((p - t) ** 2).mean())
/opt/anaconda3/envs/tf-ml-gpu/lib/python3.10/site-packages/numpy/core/_methods.py:129: RuntimeWarning: invalid value encountered in divide
  ret = ret.dtype.type(ret / rcount)
/Users/adityanagarsekar/Downloads/Courses/LOP_Snehanshu/FGBO/icbinb/train.py:36: RuntimeWarning: Mean of empty slice.
  mae = float(np.abs(p - t).mean())
/Users/adityanagarsekar/Downloads/Courses/LOP_Snehanshu/FGBO/icbinb/train.py:35: RuntimeWarning: Mean of empty slice.
  mse = float(((p - t) ** 2).mean())
/opt/anaconda3/envs/tf-ml-gpu/lib/python3.10/site-packages/numpy/core/_methods.py:129: RuntimeWarning: invalid value encountered in divide
  ret = ret.dtype.type(ret / rcount)
/Users/adityanagarsekar/Downloads/Courses/LOP_Snehanshu/FGBO/icbinb/train.py:36: RuntimeWarning: Mean of empty slice.
  mae = float(np.abs(p - t).mean())
/Users/adityanagarsekar/Downloads/Courses/LOP_Snehanshu/FGBO/icbinb/train.py:35: RuntimeWarning: Mean of empty slice.
  mse = float(((p - t) ** 2).mean())
/opt/anaconda3/envs/tf-ml-gpu/lib/python3.10/site-packages/numpy/core/_methods.py:129: RuntimeWarning: invalid value encountered in divide
  ret = ret.dtype.type(ret / rcount)
/Users/adityanagarsekar/Downloads/Courses/LOP_Snehanshu/FGBO/icbinb/train.py:36: RuntimeWarning: Mean of empty slice.
  mae = float(np.abs(p - t).mean())
/Users/adityanagarsekar/Downloads/Courses/LOP_Snehanshu/FGBO/icbinb/train.py:35: RuntimeWarning: Mean of empty slice.
  mse = float(((p - t) ** 2).mean())
/opt/anaconda3/envs/tf-ml-gpu/lib/python3.10/site-packages/numpy/core/_methods.py:129: RuntimeWarning: invalid value encountered in divide
  ret = ret.dtype.type(ret / rcount)
/Users/adityanagarsekar/Downloads/Courses/LOP_Snehanshu/FGBO/icbinb/train.py:36: RuntimeWarning: Mean of empty slice.
  mae = float(np.abs(p - t).mean())
/Users/adityanagarsekar/Downloads/Courses/LOP_Snehanshu/FGBO/icbinb/train.py:35: RuntimeWarning: Mean of empty slice.
  mse = float(((p - t) ** 2).mean())
/opt/anaconda3/envs/tf-ml-gpu/lib/python3.10/site-packages/numpy/core/_methods.py:129: RuntimeWarning: invalid value encountered in divide
  ret = ret.dtype.type(ret / rcount)
/Users/adityanagarsekar/Downloads/Courses/LOP_Snehanshu/FGBO/icbinb/train.py:36: RuntimeWarning: Mean of empty slice.
  mae = float(np.abs(p - t).mean())
/Users/adityanagarsekar/Downloads/Courses/LOP_Snehanshu/FGBO/icbinb/train.py:35: RuntimeWarning: Mean of empty slice.
  mse = float(((p - t) ** 2).mean())
/opt/anaconda3/envs/tf-ml-gpu/lib/python3.10/site-packages/numpy/core/_methods.py:129: RuntimeWarning: invalid value encountered in divide
  ret = ret.dtype.type(ret / rcount)
/Users/adityanagarsekar/Downloads/Courses/LOP_Snehanshu/FGBO/icbinb/train.py:36: RuntimeWarning: Mean of empty slice.
  mae = float(np.abs(p - t).mean())
/Users/adityanagarsekar/Downloads/Courses/LOP_Snehanshu/FGBO/icbinb/train.py:35: RuntimeWarning: Mean of empty slice.
  mse = float(((p - t) ** 2).mean())
/opt/anaconda3/envs/tf-ml-gpu/lib/python3.10/site-packages/numpy/core/_methods.py:129: RuntimeWarning: invalid value encountered in divide
  ret = ret.dtype.type(ret / rcount)
/Users/adityanagarsekar/Downloads/Courses/LOP_Snehanshu/FGBO/icbinb/train.py:36: RuntimeWarning: Mean of empty slice.
  mae = float(np.abs(p - t).mean())
/Users/adityanagarsekar/Downloads/Courses/LOP_Snehanshu/FGBO/icbinb/train.py:35: RuntimeWarning: Mean of empty slice.
  mse = float(((p - t) ** 2).mean())
/opt/anaconda3/envs/tf-ml-gpu/lib/python3.10/site-packages/numpy/core/_methods.py:129: RuntimeWarning: invalid value encountered in divide
  ret = ret.dtype.type(ret / rcount)
/Users/adityanagarsekar/Downloads/Courses/LOP_Snehanshu/FGBO/icbinb/train.py:36: RuntimeWarning: Mean of empty slice.
  mae = float(np.abs(p - t).mean())
/Users/adityanagarsekar/Downloads/Courses/LOP_Snehanshu/FGBO/icbinb/train.py:35: RuntimeWarning: Mean of empty slice.
  mse = float(((p - t) ** 2).mean())
/opt/anaconda3/envs/tf-ml-gpu/lib/python3.10/site-packages/numpy/core/_methods.py:129: RuntimeWarning: invalid value encountered in divide
  ret = ret.dtype.type(ret / rcount)
/Users/adityanagarsekar/Downloads/Courses/LOP_Snehanshu/FGBO/icbinb/train.py:36: RuntimeWarning: Mean of empty slice.
  mae = float(np.abs(p - t).mean())
/Users/adityanagarsekar/Downloads/Courses/LOP_Snehanshu/FGBO/icbinb/train.py:35: RuntimeWarning: Mean of empty slice.
  mse = float(((p - t) ** 2).mean())
/opt/anaconda3/envs/tf-ml-gpu/lib/python3.10/site-packages/numpy/core/_methods.py:129: RuntimeWarning: invalid value encountered in divide
  ret = ret.dtype.type(ret / rcount)
/Users/adityanagarsekar/Downloads/Courses/LOP_Snehanshu/FGBO/icbinb/train.py:36: RuntimeWarning: Mean of empty slice.
  mae = float(np.abs(p - t).mean())
/Users/adityanagarsekar/Downloads/Courses/LOP_Snehanshu/FGBO/icbinb/train.py:35: RuntimeWarning: Mean of empty slice.
  mse = float(((p - t) ** 2).mean())
/opt/anaconda3/envs/tf-ml-gpu/lib/python3.10/site-packages/numpy/core/_methods.py:129: RuntimeWarning: invalid value encountered in divide
  ret = ret.dtype.type(ret / rcount)
/Users/adityanagarsekar/Downloads/Courses/LOP_Snehanshu/FGBO/icbinb/train.py:36: RuntimeWarning: Mean of empty slice.
  mae = float(np.abs(p - t).mean())
/Users/adityanagarsekar/Downloads/Courses/LOP_Snehanshu/FGBO/icbinb/train.py:35: RuntimeWarning: Mean of empty slice.
  mse = float(((p - t) ** 2).mean())
/opt/anaconda3/envs/tf-ml-gpu/lib/python3.10/site-packages/numpy/core/_methods.py:129: RuntimeWarning: invalid value encountered in divide
  ret = ret.dtype.type(ret / rcount)
/Users/adityanagarsekar/Downloads/Courses/LOP_Snehanshu/FGBO/icbinb/train.py:36: RuntimeWarning: Mean of empty slice.
  mae = float(np.abs(p - t).mean())
/Users/adityanagarsekar/Downloads/Courses/LOP_Snehanshu/FGBO/icbinb/train.py:35: RuntimeWarning: Mean of empty slice.
  mse = float(((p - t) ** 2).mean())
/opt/anaconda3/envs/tf-ml-gpu/lib/python3.10/site-packages/numpy/core/_methods.py:129: RuntimeWarning: invalid value encountered in divide
  ret = ret.dtype.type(ret / rcount)
/Users/adityanagarsekar/Downloads/Courses/LOP_Snehanshu/FGBO/icbinb/train.py:36: RuntimeWarning: Mean of empty slice.
  mae = float(np.abs(p - t).mean())
/Users/adityanagarsekar/Downloads/Courses/LOP_Snehanshu/FGBO/icbinb/train.py:35: RuntimeWarning: Mean of empty slice.
  mse = float(((p - t) ** 2).mean())
/opt/anaconda3/envs/tf-ml-gpu/lib/python3.10/site-packages/numpy/core/_methods.py:129: RuntimeWarning: invalid value encountered in divide
  ret = ret.dtype.type(ret / rcount)
/Users/adityanagarsekar/Downloads/Courses/LOP_Snehanshu/FGBO/icbinb/train.py:36: RuntimeWarning: Mean of empty slice.
  mae = float(np.abs(p - t).mean())
/Users/adityanagarsekar/Downloads/Courses/LOP_Snehanshu/FGBO/icbinb/train.py:35: RuntimeWarning: Mean of empty slice.
  mse = float(((p - t) ** 2).mean())
/opt/anaconda3/envs/tf-ml-gpu/lib/python3.10/site-packages/numpy/core/_methods.py:129: RuntimeWarning: invalid value encountered in divide
  ret = ret.dtype.type(ret / rcount)
/Users/adityanagarsekar/Downloads/Courses/LOP_Snehanshu/FGBO/icbinb/train.py:36: RuntimeWarning: Mean of empty slice.
  mae = float(np.abs(p - t).mean())
/Users/adityanagarsekar/Downloads/Courses/LOP_Snehanshu/FGBO/icbinb/train.py:35: RuntimeWarning: Mean of empty slice.
  mse = float(((p - t) ** 2).mean())
/opt/anaconda3/envs/tf-ml-gpu/lib/python3.10/site-packages/numpy/core/_methods.py:129: RuntimeWarning: invalid value encountered in divide
  ret = ret.dtype.type(ret / rcount)
/Users/adityanagarsekar/Downloads/Courses/LOP_Snehanshu/FGBO/icbinb/train.py:36: RuntimeWarning: Mean of empty slice.
  mae = float(np.abs(p - t).mean())
/Users/adityanagarsekar/Downloads/Courses/LOP_Snehanshu/FGBO/icbinb/train.py:35: RuntimeWarning: Mean of empty slice.
  mse = float(((p - t) ** 2).mean())
/opt/anaconda3/envs/tf-ml-gpu/lib/python3.10/site-packages/numpy/core/_methods.py:129: RuntimeWarning: invalid value encountered in divide
  ret = ret.dtype.type(ret / rcount)
/Users/adityanagarsekar/Downloads/Courses/LOP_Snehanshu/FGBO/icbinb/train.py:36: RuntimeWarning: Mean of empty slice.
  mae = float(np.abs(p - t).mean())
/Users/adityanagarsekar/Downloads/Courses/LOP_Snehanshu/FGBO/icbinb/train.py:35: RuntimeWarning: Mean of empty slice.
  mse = float(((p - t) ** 2).mean())
/opt/anaconda3/envs/tf-ml-gpu/lib/python3.10/site-packages/numpy/core/_methods.py:129: RuntimeWarning: invalid value encountered in divide
  ret = ret.dtype.type(ret / rcount)
/Users/adityanagarsekar/Downloads/Courses/LOP_Snehanshu/FGBO/icbinb/train.py:36: RuntimeWarning: Mean of empty slice.
  mae = float(np.abs(p - t).mean())
/Users/adityanagarsekar/Downloads/Courses/LOP_Snehanshu/FGBO/icbinb/train.py:35: RuntimeWarning: Mean of empty slice.
  mse = float(((p - t) ** 2).mean())
/opt/anaconda3/envs/tf-ml-gpu/lib/python3.10/site-packages/numpy/core/_methods.py:129: RuntimeWarning: invalid value encountered in divide
  ret = ret.dtype.type(ret / rcount)
/Users/adityanagarsekar/Downloads/Courses/LOP_Snehanshu/FGBO/icbinb/train.py:36: RuntimeWarning: Mean of empty slice.
  mae = float(np.abs(p - t).mean())
/Users/adityanagarsekar/Downloads/Courses/LOP_Snehanshu/FGBO/icbinb/train.py:35: RuntimeWarning: Mean of empty slice.
  mse = float(((p - t) ** 2).mean())
/opt/anaconda3/envs/tf-ml-gpu/lib/python3.10/site-packages/numpy/core/_methods.py:129: RuntimeWarning: invalid value encountered in divide
  ret = ret.dtype.type(ret / rcount)
/Users/adityanagarsekar/Downloads/Courses/LOP_Snehanshu/FGBO/icbinb/train.py:36: RuntimeWarning: Mean of empty slice.
  mae = float(np.abs(p - t).mean())
/Users/adityanagarsekar/Downloads/Courses/LOP_Snehanshu/FGBO/icbinb/train.py:35: RuntimeWarning: Mean of empty slice.
  mse = float(((p - t) ** 2).mean())
/opt/anaconda3/envs/tf-ml-gpu/lib/python3.10/site-packages/numpy/core/_methods.py:129: RuntimeWarning: invalid value encountered in divide
  ret = ret.dtype.type(ret / rcount)
/Users/adityanagarsekar/Downloads/Courses/LOP_Snehanshu/FGBO/icbinb/train.py:36: RuntimeWarning: Mean of empty slice.
  mae = float(np.abs(p - t).mean())
/Users/adityanagarsekar/Downloads/Courses/LOP_Snehanshu/FGBO/icbinb/train.py:35: RuntimeWarning: Mean of empty slice.
  mse = float(((p - t) ** 2).mean())
/opt/anaconda3/envs/tf-ml-gpu/lib/python3.10/site-packages/numpy/core/_methods.py:129: RuntimeWarning: invalid value encountered in divide
  ret = ret.dtype.type(ret / rcount)
/Users/adityanagarsekar/Downloads/Courses/LOP_Snehanshu/FGBO/icbinb/train.py:36: RuntimeWarning: Mean of empty slice.
  mae = float(np.abs(p - t).mean())
/Users/adityanagarsekar/Downloads/Courses/LOP_Snehanshu/FGBO/icbinb/train.py:35: RuntimeWarning: Mean of empty slice.
  mse = float(((p - t) ** 2).mean())
/opt/anaconda3/envs/tf-ml-gpu/lib/python3.10/site-packages/numpy/core/_methods.py:129: RuntimeWarning: invalid value encountered in divide
  ret = ret.dtype.type(ret / rcount)
/Users/adityanagarsekar/Downloads/Courses/LOP_Snehanshu/FGBO/icbinb/train.py:36: RuntimeWarning: Mean of empty slice.
  mae = float(np.abs(p - t).mean())
/Users/adityanagarsekar/Downloads/Courses/LOP_Snehanshu/FGBO/icbinb/train.py:35: RuntimeWarning: Mean of empty slice.
  mse = float(((p - t) ** 2).mean())
/opt/anaconda3/envs/tf-ml-gpu/lib/python3.10/site-packages/numpy/core/_methods.py:129: RuntimeWarning: invalid value encountered in divide
  ret = ret.dtype.type(ret / rcount)
/Users/adityanagarsekar/Downloads/Courses/LOP_Snehanshu/FGBO/icbinb/train.py:36: RuntimeWarning: Mean of empty slice.
  mae = float(np.abs(p - t).mean())
/Users/adityanagarsekar/Downloads/Courses/LOP_Snehanshu/FGBO/icbinb/train.py:35: RuntimeWarning: Mean of empty slice.
  mse = float(((p - t) ** 2).mean())
/opt/anaconda3/envs/tf-ml-gpu/lib/python3.10/site-packages/numpy/core/_methods.py:129: RuntimeWarning: invalid value encountered in divide
  ret = ret.dtype.type(ret / rcount)
/Users/adityanagarsekar/Downloads/Courses/LOP_Snehanshu/FGBO/icbinb/train.py:36: RuntimeWarning: Mean of empty slice.
  mae = float(np.abs(p - t).mean())
/Users/adityanagarsekar/Downloads/Courses/LOP_Snehanshu/FGBO/icbinb/train.py:35: RuntimeWarning: Mean of empty slice.
  mse = float(((p - t) ** 2).mean())
/opt/anaconda3/envs/tf-ml-gpu/lib/python3.10/site-packages/numpy/core/_methods.py:129: RuntimeWarning: invalid value encountered in divide
  ret = ret.dtype.type(ret / rcount)
/Users/adityanagarsekar/Downloads/Courses/LOP_Snehanshu/FGBO/icbinb/train.py:36: RuntimeWarning: Mean of empty slice.
  mae = float(np.abs(p - t).mean())
/Users/adityanagarsekar/Downloads/Courses/LOP_Snehanshu/FGBO/icbinb/train.py:35: RuntimeWarning: Mean of empty slice.
  mse = float(((p - t) ** 2).mean())
/opt/anaconda3/envs/tf-ml-gpu/lib/python3.10/site-packages/numpy/core/_methods.py:129: RuntimeWarning: invalid value encountered in divide
  ret = ret.dtype.type(ret / rcount)
/Users/adityanagarsekar/Downloads/Courses/LOP_Snehanshu/FGBO/icbinb/train.py:36: RuntimeWarning: Mean of empty slice.
  mae = float(np.abs(p - t).mean())
/Users/adityanagarsekar/Downloads/Courses/LOP_Snehanshu/FGBO/icbinb/train.py:35: RuntimeWarning: Mean of empty slice.
  mse = float(((p - t) ** 2).mean())
/opt/anaconda3/envs/tf-ml-gpu/lib/python3.10/site-packages/numpy/core/_methods.py:129: RuntimeWarning: invalid value encountered in divide
  ret = ret.dtype.type(ret / rcount)
/Users/adityanagarsekar/Downloads/Courses/LOP_Snehanshu/FGBO/icbinb/train.py:36: RuntimeWarning: Mean of empty slice.
  mae = float(np.abs(p - t).mean())
/Users/adityanagarsekar/Downloads/Courses/LOP_Snehanshu/FGBO/icbinb/train.py:35: RuntimeWarning: Mean of empty slice.
  mse = float(((p - t) ** 2).mean())
/opt/anaconda3/envs/tf-ml-gpu/lib/python3.10/site-packages/numpy/core/_methods.py:129: RuntimeWarning: invalid value encountered in divide
  ret = ret.dtype.type(ret / rcount)
/Users/adityanagarsekar/Downloads/Courses/LOP_Snehanshu/FGBO/icbinb/train.py:36: RuntimeWarning: Mean of empty slice.
  mae = float(np.abs(p - t).mean())
/Users/adityanagarsekar/Downloads/Courses/LOP_Snehanshu/FGBO/icbinb/train.py:35: RuntimeWarning: Mean of empty slice.
  mse = float(((p - t) ** 2).mean())
/opt/anaconda3/envs/tf-ml-gpu/lib/python3.10/site-packages/numpy/core/_methods.py:129: RuntimeWarning: invalid value encountered in divide
  ret = ret.dtype.type(ret / rcount)
/Users/adityanagarsekar/Downloads/Courses/LOP_Snehanshu/FGBO/icbinb/train.py:36: RuntimeWarning: Mean of empty slice.
  mae = float(np.abs(p - t).mean())
/Users/adityanagarsekar/Downloads/Courses/LOP_Snehanshu/FGBO/icbinb/train.py:35: RuntimeWarning: Mean of empty slice.
  mse = float(((p - t) ** 2).mean())
/opt/anaconda3/envs/tf-ml-gpu/lib/python3.10/site-packages/numpy/core/_methods.py:129: RuntimeWarning: invalid value encountered in divide
  ret = ret.dtype.type(ret / rcount)
/Users/adityanagarsekar/Downloads/Courses/LOP_Snehanshu/FGBO/icbinb/train.py:36: RuntimeWarning: Mean of empty slice.
  mae = float(np.abs(p - t).mean())
/Users/adityanagarsekar/Downloads/Courses/LOP_Snehanshu/FGBO/icbinb/train.py:35: RuntimeWarning: Mean of empty slice.
  mse = float(((p - t) ** 2).mean())
/opt/anaconda3/envs/tf-ml-gpu/lib/python3.10/site-packages/numpy/core/_methods.py:129: RuntimeWarning: invalid value encountered in divide
  ret = ret.dtype.type(ret / rcount)
/Users/adityanagarsekar/Downloads/Courses/LOP_Snehanshu/FGBO/icbinb/train.py:36: RuntimeWarning: Mean of empty slice.
  mae = float(np.abs(p - t).mean())
/Users/adityanagarsekar/Downloads/Courses/LOP_Snehanshu/FGBO/icbinb/train.py:35: RuntimeWarning: Mean of empty slice.
  mse = float(((p - t) ** 2).mean())
/opt/anaconda3/envs/tf-ml-gpu/lib/python3.10/site-packages/numpy/core/_methods.py:129: RuntimeWarning: invalid value encountered in divide
  ret = ret.dtype.type(ret / rcount)
/Users/adityanagarsekar/Downloads/Courses/LOP_Snehanshu/FGBO/icbinb/train.py:36: RuntimeWarning: Mean of empty slice.
  mae = float(np.abs(p - t).mean())
/Users/adityanagarsekar/Downloads/Courses/LOP_Snehanshu/FGBO/icbinb/train.py:35: RuntimeWarning: Mean of empty slice.
  mse = float(((p - t) ** 2).mean())
/opt/anaconda3/envs/tf-ml-gpu/lib/python3.10/site-packages/numpy/core/_methods.py:129: RuntimeWarning: invalid value encountered in divide
  ret = ret.dtype.type(ret / rcount)
/Users/adityanagarsekar/Downloads/Courses/LOP_Snehanshu/FGBO/icbinb/train.py:36: RuntimeWarning: Mean of empty slice.
  mae = float(np.abs(p - t).mean())
/Users/adityanagarsekar/Downloads/Courses/LOP_Snehanshu/FGBO/icbinb/train.py:35: RuntimeWarning: Mean of empty slice.
  mse = float(((p - t) ** 2).mean())
/opt/anaconda3/envs/tf-ml-gpu/lib/python3.10/site-packages/numpy/core/_methods.py:129: RuntimeWarning: invalid value encountered in divide
  ret = ret.dtype.type(ret / rcount)
/Users/adityanagarsekar/Downloads/Courses/LOP_Snehanshu/FGBO/icbinb/train.py:36: RuntimeWarning: Mean of empty slice.
  mae = float(np.abs(p - t).mean())
/Users/adityanagarsekar/Downloads/Courses/LOP_Snehanshu/FGBO/icbinb/train.py:35: RuntimeWarning: Mean of empty slice.
  mse = float(((p - t) ** 2).mean())
/opt/anaconda3/envs/tf-ml-gpu/lib/python3.10/site-packages/numpy/core/_methods.py:129: RuntimeWarning: invalid value encountered in divide
  ret = ret.dtype.type(ret / rcount)
/Users/adityanagarsekar/Downloads/Courses/LOP_Snehanshu/FGBO/icbinb/train.py:36: RuntimeWarning: Mean of empty slice.
  mae = float(np.abs(p - t).mean())
/Users/adityanagarsekar/Downloads/Courses/LOP_Snehanshu/FGBO/icbinb/train.py:35: RuntimeWarning: Mean of empty slice.
  mse = float(((p - t) ** 2).mean())
/opt/anaconda3/envs/tf-ml-gpu/lib/python3.10/site-packages/numpy/core/_methods.py:129: RuntimeWarning: invalid value encountered in divide
  ret = ret.dtype.type(ret / rcount)
/Users/adityanagarsekar/Downloads/Courses/LOP_Snehanshu/FGBO/icbinb/train.py:36: RuntimeWarning: Mean of empty slice.
  mae = float(np.abs(p - t).mean())
/Users/adityanagarsekar/Downloads/Courses/LOP_Snehanshu/FGBO/icbinb/train.py:35: RuntimeWarning: Mean of empty slice.
  mse = float(((p - t) ** 2).mean())
/opt/anaconda3/envs/tf-ml-gpu/lib/python3.10/site-packages/numpy/core/_methods.py:129: RuntimeWarning: invalid value encountered in divide
  ret = ret.dtype.type(ret / rcount)
/Users/adityanagarsekar/Downloads/Courses/LOP_Snehanshu/FGBO/icbinb/train.py:36: RuntimeWarning: Mean of empty slice.
  mae = float(np.abs(p - t).mean())
/Users/adityanagarsekar/Downloads/Courses/LOP_Snehanshu/FGBO/icbinb/train.py:35: RuntimeWarning: Mean of empty slice.
  mse = float(((p - t) ** 2).mean())
/opt/anaconda3/envs/tf-ml-gpu/lib/python3.10/site-packages/numpy/core/_methods.py:129: RuntimeWarning: invalid value encountered in divide
  ret = ret.dtype.type(ret / rcount)
/Users/adityanagarsekar/Downloads/Courses/LOP_Snehanshu/FGBO/icbinb/train.py:36: RuntimeWarning: Mean of empty slice.
  mae = float(np.abs(p - t).mean())
/Users/adityanagarsekar/Downloads/Courses/LOP_Snehanshu/FGBO/icbinb/train.py:35: RuntimeWarning: Mean of empty slice.
  mse = float(((p - t) ** 2).mean())
/opt/anaconda3/envs/tf-ml-gpu/lib/python3.10/site-packages/numpy/core/_methods.py:129: RuntimeWarning: invalid value encountered in divide
  ret = ret.dtype.type(ret / rcount)
/Users/adityanagarsekar/Downloads/Courses/LOP_Snehanshu/FGBO/icbinb/train.py:36: RuntimeWarning: Mean of empty slice.
  mae = float(np.abs(p - t).mean())
  valfree_pool  hydro           outer005  48 rows   495.7s
/Users/adityanagarsekar/Downloads/Courses/LOP_Snehanshu/FGBO/icbinb/train.py:35: RuntimeWarning: Mean of empty slice.
  mse = float(((p - t) ** 2).mean())
/opt/anaconda3/envs/tf-ml-gpu/lib/python3.10/site-packages/numpy/core/_methods.py:129: RuntimeWarning: invalid value encountered in divide
  ret = ret.dtype.type(ret / rcount)
/Users/adityanagarsekar/Downloads/Courses/LOP_Snehanshu/FGBO/icbinb/train.py:36: RuntimeWarning: Mean of empty slice.
  mae = float(np.abs(p - t).mean())
/Users/adityanagarsekar/Downloads/Courses/LOP_Snehanshu/FGBO/icbinb/train.py:35: RuntimeWarning: Mean of empty slice.
  mse = float(((p - t) ** 2).mean())
/opt/anaconda3/envs/tf-ml-gpu/lib/python3.10/site-packages/numpy/core/_methods.py:129: RuntimeWarning: invalid value encountered in divide
  ret = ret.dtype.type(ret / rcount)
/Users/adityanagarsekar/Downloads/Courses/LOP_Snehanshu/FGBO/icbinb/train.py:36: RuntimeWarning: Mean of empty slice.
  mae = float(np.abs(p - t).mean())
/Users/adityanagarsekar/Downloads/Courses/LOP_Snehanshu/FGBO/icbinb/train.py:35: RuntimeWarning: Mean of empty slice.
  mse = float(((p - t) ** 2).mean())
/opt/anaconda3/envs/tf-ml-gpu/lib/python3.10/site-packages/numpy/core/_methods.py:129: RuntimeWarning: invalid value encountered in divide
  ret = ret.dtype.type(ret / rcount)
/Users/adityanagarsekar/Downloads/Courses/LOP_Snehanshu/FGBO/icbinb/train.py:36: RuntimeWarning: Mean of empty slice.
  mae = float(np.abs(p - t).mean())
/Users/adityanagarsekar/Downloads/Courses/LOP_Snehanshu/FGBO/icbinb/train.py:35: RuntimeWarning: Mean of empty slice.
  mse = float(((p - t) ** 2).mean())
/opt/anaconda3/envs/tf-ml-gpu/lib/python3.10/site-packages/numpy/core/_methods.py:129: RuntimeWarning: invalid value encountered in divide
  ret = ret.dtype.type(ret / rcount)
/Users/adityanagarsekar/Downloads/Courses/LOP_Snehanshu/FGBO/icbinb/train.py:36: RuntimeWarning: Mean of empty slice.
  mae = float(np.abs(p - t).mean())
/Users/adityanagarsekar/Downloads/Courses/LOP_Snehanshu/FGBO/icbinb/train.py:35: RuntimeWarning: Mean of empty slice.
  mse = float(((p - t) ** 2).mean())
/opt/anaconda3/envs/tf-ml-gpu/lib/python3.10/site-packages/numpy/core/_methods.py:129: RuntimeWarning: invalid value encountered in divide
  ret = ret.dtype.type(ret / rcount)
/Users/adityanagarsekar/Downloads/Courses/LOP_Snehanshu/FGBO/icbinb/train.py:36: RuntimeWarning: Mean of empty slice.
  mae = float(np.abs(p - t).mean())
/Users/adityanagarsekar/Downloads/Courses/LOP_Snehanshu/FGBO/icbinb/train.py:35: RuntimeWarning: Mean of empty slice.
  mse = float(((p - t) ** 2).mean())
/opt/anaconda3/envs/tf-ml-gpu/lib/python3.10/site-packages/numpy/core/_methods.py:129: RuntimeWarning: invalid value encountered in divide
  ret = ret.dtype.type(ret / rcount)
/Users/adityanagarsekar/Downloads/Courses/LOP_Snehanshu/FGBO/icbinb/train.py:36: RuntimeWarning: Mean of empty slice.
  mae = float(np.abs(p - t).mean())
/Users/adityanagarsekar/Downloads/Courses/LOP_Snehanshu/FGBO/icbinb/train.py:35: RuntimeWarning: Mean of empty slice.
  mse = float(((p - t) ** 2).mean())
/opt/anaconda3/envs/tf-ml-gpu/lib/python3.10/site-packages/numpy/core/_methods.py:129: RuntimeWarning: invalid value encountered in divide
  ret = ret.dtype.type(ret / rcount)
/Users/adityanagarsekar/Downloads/Courses/LOP_Snehanshu/FGBO/icbinb/train.py:36: RuntimeWarning: Mean of empty slice.
  mae = float(np.abs(p - t).mean())
/Users/adityanagarsekar/Downloads/Courses/LOP_Snehanshu/FGBO/icbinb/train.py:35: RuntimeWarning: Mean of empty slice.
  mse = float(((p - t) ** 2).mean())
/opt/anaconda3/envs/tf-ml-gpu/lib/python3.10/site-packages/numpy/core/_methods.py:129: RuntimeWarning: invalid value encountered in divide
  ret = ret.dtype.type(ret / rcount)
/Users/adityanagarsekar/Downloads/Courses/LOP_Snehanshu/FGBO/icbinb/train.py:36: RuntimeWarning: Mean of empty slice.
  mae = float(np.abs(p - t).mean())
/Users/adityanagarsekar/Downloads/Courses/LOP_Snehanshu/FGBO/icbinb/train.py:35: RuntimeWarning: Mean of empty slice.
  mse = float(((p - t) ** 2).mean())
/opt/anaconda3/envs/tf-ml-gpu/lib/python3.10/site-packages/numpy/core/_methods.py:129: RuntimeWarning: invalid value encountered in divide
  ret = ret.dtype.type(ret / rcount)
/Users/adityanagarsekar/Downloads/Courses/LOP_Snehanshu/FGBO/icbinb/train.py:36: RuntimeWarning: Mean of empty slice.
  mae = float(np.abs(p - t).mean())
/Users/adityanagarsekar/Downloads/Courses/LOP_Snehanshu/FGBO/icbinb/train.py:35: RuntimeWarning: Mean of empty slice.
  mse = float(((p - t) ** 2).mean())
/opt/anaconda3/envs/tf-ml-gpu/lib/python3.10/site-packages/numpy/core/_methods.py:129: RuntimeWarning: invalid value encountered in divide
  ret = ret.dtype.type(ret / rcount)
/Users/adityanagarsekar/Downloads/Courses/LOP_Snehanshu/FGBO/icbinb/train.py:36: RuntimeWarning: Mean of empty slice.
  mae = float(np.abs(p - t).mean())
/Users/adityanagarsekar/Downloads/Courses/LOP_Snehanshu/FGBO/icbinb/train.py:35: RuntimeWarning: Mean of empty slice.
  mse = float(((p - t) ** 2).mean())
/opt/anaconda3/envs/tf-ml-gpu/lib/python3.10/site-packages/numpy/core/_methods.py:129: RuntimeWarning: invalid value encountered in divide
  ret = ret.dtype.type(ret / rcount)
/Users/adityanagarsekar/Downloads/Courses/LOP_Snehanshu/FGBO/icbinb/train.py:36: RuntimeWarning: Mean of empty slice.
  mae = float(np.abs(p - t).mean())
/Users/adityanagarsekar/Downloads/Courses/LOP_Snehanshu/FGBO/icbinb/train.py:35: RuntimeWarning: Mean of empty slice.
  mse = float(((p - t) ** 2).mean())
/opt/anaconda3/envs/tf-ml-gpu/lib/python3.10/site-packages/numpy/core/_methods.py:129: RuntimeWarning: invalid value encountered in divide
  ret = ret.dtype.type(ret / rcount)
/Users/adityanagarsekar/Downloads/Courses/LOP_Snehanshu/FGBO/icbinb/train.py:36: RuntimeWarning: Mean of empty slice.
  mae = float(np.abs(p - t).mean())
/Users/adityanagarsekar/Downloads/Courses/LOP_Snehanshu/FGBO/icbinb/train.py:35: RuntimeWarning: Mean of empty slice.
  mse = float(((p - t) ** 2).mean())
/opt/anaconda3/envs/tf-ml-gpu/lib/python3.10/site-packages/numpy/core/_methods.py:129: RuntimeWarning: invalid value encountered in divide
  ret = ret.dtype.type(ret / rcount)
/Users/adityanagarsekar/Downloads/Courses/LOP_Snehanshu/FGBO/icbinb/train.py:36: RuntimeWarning: Mean of empty slice.
  mae = float(np.abs(p - t).mean())
/Users/adityanagarsekar/Downloads/Courses/LOP_Snehanshu/FGBO/icbinb/train.py:35: RuntimeWarning: Mean of empty slice.
  mse = float(((p - t) ** 2).mean())
/opt/anaconda3/envs/tf-ml-gpu/lib/python3.10/site-packages/numpy/core/_methods.py:129: RuntimeWarning: invalid value encountered in divide
  ret = ret.dtype.type(ret / rcount)
/Users/adityanagarsekar/Downloads/Courses/LOP_Snehanshu/FGBO/icbinb/train.py:36: RuntimeWarning: Mean of empty slice.
  mae = float(np.abs(p - t).mean())
/Users/adityanagarsekar/Downloads/Courses/LOP_Snehanshu/FGBO/icbinb/train.py:35: RuntimeWarning: Mean of empty slice.
  mse = float(((p - t) ** 2).mean())
/opt/anaconda3/envs/tf-ml-gpu/lib/python3.10/site-packages/numpy/core/_methods.py:129: RuntimeWarning: invalid value encountered in divide
  ret = ret.dtype.type(ret / rcount)
/Users/adityanagarsekar/Downloads/Courses/LOP_Snehanshu/FGBO/icbinb/train.py:36: RuntimeWarning: Mean of empty slice.
  mae = float(np.abs(p - t).mean())
/Users/adityanagarsekar/Downloads/Courses/LOP_Snehanshu/FGBO/icbinb/train.py:35: RuntimeWarning: Mean of empty slice.
  mse = float(((p - t) ** 2).mean())
/opt/anaconda3/envs/tf-ml-gpu/lib/python3.10/site-packages/numpy/core/_methods.py:129: RuntimeWarning: invalid value encountered in divide
  ret = ret.dtype.type(ret / rcount)
/Users/adityanagarsekar/Downloads/Courses/LOP_Snehanshu/FGBO/icbinb/train.py:36: RuntimeWarning: Mean of empty slice.
  mae = float(np.abs(p - t).mean())
/Users/adityanagarsekar/Downloads/Courses/LOP_Snehanshu/FGBO/icbinb/train.py:35: RuntimeWarning: Mean of empty slice.
  mse = float(((p - t) ** 2).mean())
/opt/anaconda3/envs/tf-ml-gpu/lib/python3.10/site-packages/numpy/core/_methods.py:129: RuntimeWarning: invalid value encountered in divide
  ret = ret.dtype.type(ret / rcount)
/Users/adityanagarsekar/Downloads/Courses/LOP_Snehanshu/FGBO/icbinb/train.py:36: RuntimeWarning: Mean of empty slice.
  mae = float(np.abs(p - t).mean())
/Users/adityanagarsekar/Downloads/Courses/LOP_Snehanshu/FGBO/icbinb/train.py:35: RuntimeWarning: Mean of empty slice.
  mse = float(((p - t) ** 2).mean())
/opt/anaconda3/envs/tf-ml-gpu/lib/python3.10/site-packages/numpy/core/_methods.py:129: RuntimeWarning: invalid value encountered in divide
  ret = ret.dtype.type(ret / rcount)
/Users/adityanagarsekar/Downloads/Courses/LOP_Snehanshu/FGBO/icbinb/train.py:36: RuntimeWarning: Mean of empty slice.
  mae = float(np.abs(p - t).mean())
/Users/adityanagarsekar/Downloads/Courses/LOP_Snehanshu/FGBO/icbinb/train.py:35: RuntimeWarning: Mean of empty slice.
  mse = float(((p - t) ** 2).mean())
/opt/anaconda3/envs/tf-ml-gpu/lib/python3.10/site-packages/numpy/core/_methods.py:129: RuntimeWarning: invalid value encountered in divide
  ret = ret.dtype.type(ret / rcount)
/Users/adityanagarsekar/Downloads/Courses/LOP_Snehanshu/FGBO/icbinb/train.py:36: RuntimeWarning: Mean of empty slice.
  mae = float(np.abs(p - t).mean())
/Users/adityanagarsekar/Downloads/Courses/LOP_Snehanshu/FGBO/icbinb/train.py:35: RuntimeWarning: Mean of empty slice.
  mse = float(((p - t) ** 2).mean())
/opt/anaconda3/envs/tf-ml-gpu/lib/python3.10/site-packages/numpy/core/_methods.py:129: RuntimeWarning: invalid value encountered in divide
  ret = ret.dtype.type(ret / rcount)
/Users/adityanagarsekar/Downloads/Courses/LOP_Snehanshu/FGBO/icbinb/train.py:36: RuntimeWarning: Mean of empty slice.
  mae = float(np.abs(p - t).mean())
/Users/adityanagarsekar/Downloads/Courses/LOP_Snehanshu/FGBO/icbinb/train.py:35: RuntimeWarning: Mean of empty slice.
  mse = float(((p - t) ** 2).mean())
/opt/anaconda3/envs/tf-ml-gpu/lib/python3.10/site-packages/numpy/core/_methods.py:129: RuntimeWarning: invalid value encountered in divide
  ret = ret.dtype.type(ret / rcount)
/Users/adityanagarsekar/Downloads/Courses/LOP_Snehanshu/FGBO/icbinb/train.py:36: RuntimeWarning: Mean of empty slice.
  mae = float(np.abs(p - t).mean())
/Users/adityanagarsekar/Downloads/Courses/LOP_Snehanshu/FGBO/icbinb/train.py:35: RuntimeWarning: Mean of empty slice.
  mse = float(((p - t) ** 2).mean())
/opt/anaconda3/envs/tf-ml-gpu/lib/python3.10/site-packages/numpy/core/_methods.py:129: RuntimeWarning: invalid value encountered in divide
  ret = ret.dtype.type(ret / rcount)
/Users/adityanagarsekar/Downloads/Courses/LOP_Snehanshu/FGBO/icbinb/train.py:36: RuntimeWarning: Mean of empty slice.
  mae = float(np.abs(p - t).mean())
/Users/adityanagarsekar/Downloads/Courses/LOP_Snehanshu/FGBO/icbinb/train.py:35: RuntimeWarning: Mean of empty slice.
  mse = float(((p - t) ** 2).mean())
/opt/anaconda3/envs/tf-ml-gpu/lib/python3.10/site-packages/numpy/core/_methods.py:129: RuntimeWarning: invalid value encountered in divide
  ret = ret.dtype.type(ret / rcount)
/Users/adityanagarsekar/Downloads/Courses/LOP_Snehanshu/FGBO/icbinb/train.py:36: RuntimeWarning: Mean of empty slice.
  mae = float(np.abs(p - t).mean())
/Users/adityanagarsekar/Downloads/Courses/LOP_Snehanshu/FGBO/icbinb/train.py:35: RuntimeWarning: Mean of empty slice.
  mse = float(((p - t) ** 2).mean())
/opt/anaconda3/envs/tf-ml-gpu/lib/python3.10/site-packages/numpy/core/_methods.py:129: RuntimeWarning: invalid value encountered in divide
  ret = ret.dtype.type(ret / rcount)
/Users/adityanagarsekar/Downloads/Courses/LOP_Snehanshu/FGBO/icbinb/train.py:36: RuntimeWarning: Mean of empty slice.
  mae = float(np.abs(p - t).mean())
/Users/adityanagarsekar/Downloads/Courses/LOP_Snehanshu/FGBO/icbinb/train.py:35: RuntimeWarning: Mean of empty slice.
  mse = float(((p - t) ** 2).mean())
/opt/anaconda3/envs/tf-ml-gpu/lib/python3.10/site-packages/numpy/core/_methods.py:129: RuntimeWarning: invalid value encountered in divide
  ret = ret.dtype.type(ret / rcount)
/Users/adityanagarsekar/Downloads/Courses/LOP_Snehanshu/FGBO/icbinb/train.py:36: RuntimeWarning: Mean of empty slice.
  mae = float(np.abs(p - t).mean())
/Users/adityanagarsekar/Downloads/Courses/LOP_Snehanshu/FGBO/icbinb/train.py:35: RuntimeWarning: Mean of empty slice.
  mse = float(((p - t) ** 2).mean())
/opt/anaconda3/envs/tf-ml-gpu/lib/python3.10/site-packages/numpy/core/_methods.py:129: RuntimeWarning: invalid value encountered in divide
  ret = ret.dtype.type(ret / rcount)
/Users/adityanagarsekar/Downloads/Courses/LOP_Snehanshu/FGBO/icbinb/train.py:36: RuntimeWarning: Mean of empty slice.
  mae = float(np.abs(p - t).mean())
/Users/adityanagarsekar/Downloads/Courses/LOP_Snehanshu/FGBO/icbinb/train.py:35: RuntimeWarning: Mean of empty slice.
  mse = float(((p - t) ** 2).mean())
/opt/anaconda3/envs/tf-ml-gpu/lib/python3.10/site-packages/numpy/core/_methods.py:129: RuntimeWarning: invalid value encountered in divide
  ret = ret.dtype.type(ret / rcount)
/Users/adityanagarsekar/Downloads/Courses/LOP_Snehanshu/FGBO/icbinb/train.py:36: RuntimeWarning: Mean of empty slice.
  mae = float(np.abs(p - t).mean())
/Users/adityanagarsekar/Downloads/Courses/LOP_Snehanshu/FGBO/icbinb/train.py:35: RuntimeWarning: Mean of empty slice.
  mse = float(((p - t) ** 2).mean())
/opt/anaconda3/envs/tf-ml-gpu/lib/python3.10/site-packages/numpy/core/_methods.py:129: RuntimeWarning: invalid value encountered in divide
  ret = ret.dtype.type(ret / rcount)
/Users/adityanagarsekar/Downloads/Courses/LOP_Snehanshu/FGBO/icbinb/train.py:36: RuntimeWarning: Mean of empty slice.
  mae = float(np.abs(p - t).mean())
/Users/adityanagarsekar/Downloads/Courses/LOP_Snehanshu/FGBO/icbinb/train.py:35: RuntimeWarning: Mean of empty slice.
  mse = float(((p - t) ** 2).mean())
/opt/anaconda3/envs/tf-ml-gpu/lib/python3.10/site-packages/numpy/core/_methods.py:129: RuntimeWarning: invalid value encountered in divide
  ret = ret.dtype.type(ret / rcount)
/Users/adityanagarsekar/Downloads/Courses/LOP_Snehanshu/FGBO/icbinb/train.py:36: RuntimeWarning: Mean of empty slice.
  mae = float(np.abs(p - t).mean())
/Users/adityanagarsekar/Downloads/Courses/LOP_Snehanshu/FGBO/icbinb/train.py:35: RuntimeWarning: Mean of empty slice.
  mse = float(((p - t) ** 2).mean())
/opt/anaconda3/envs/tf-ml-gpu/lib/python3.10/site-packages/numpy/core/_methods.py:129: RuntimeWarning: invalid value encountered in divide
  ret = ret.dtype.type(ret / rcount)
/Users/adityanagarsekar/Downloads/Courses/LOP_Snehanshu/FGBO/icbinb/train.py:36: RuntimeWarning: Mean of empty slice.
  mae = float(np.abs(p - t).mean())
/Users/adityanagarsekar/Downloads/Courses/LOP_Snehanshu/FGBO/icbinb/train.py:35: RuntimeWarning: Mean of empty slice.
  mse = float(((p - t) ** 2).mean())
/opt/anaconda3/envs/tf-ml-gpu/lib/python3.10/site-packages/numpy/core/_methods.py:129: RuntimeWarning: invalid value encountered in divide
  ret = ret.dtype.type(ret / rcount)
/Users/adityanagarsekar/Downloads/Courses/LOP_Snehanshu/FGBO/icbinb/train.py:36: RuntimeWarning: Mean of empty slice.
  mae = float(np.abs(p - t).mean())
/Users/adityanagarsekar/Downloads/Courses/LOP_Snehanshu/FGBO/icbinb/train.py:35: RuntimeWarning: Mean of empty slice.
  mse = float(((p - t) ** 2).mean())
/opt/anaconda3/envs/tf-ml-gpu/lib/python3.10/site-packages/numpy/core/_methods.py:129: RuntimeWarning: invalid value encountered in divide
  ret = ret.dtype.type(ret / rcount)
/Users/adityanagarsekar/Downloads/Courses/LOP_Snehanshu/FGBO/icbinb/train.py:36: RuntimeWarning: Mean of empty slice.
  mae = float(np.abs(p - t).mean())
/Users/adityanagarsekar/Downloads/Courses/LOP_Snehanshu/FGBO/icbinb/train.py:35: RuntimeWarning: Mean of empty slice.
  mse = float(((p - t) ** 2).mean())
/opt/anaconda3/envs/tf-ml-gpu/lib/python3.10/site-packages/numpy/core/_methods.py:129: RuntimeWarning: invalid value encountered in divide
  ret = ret.dtype.type(ret / rcount)
/Users/adityanagarsekar/Downloads/Courses/LOP_Snehanshu/FGBO/icbinb/train.py:36: RuntimeWarning: Mean of empty slice.
  mae = float(np.abs(p - t).mean())
/Users/adityanagarsekar/Downloads/Courses/LOP_Snehanshu/FGBO/icbinb/train.py:35: RuntimeWarning: Mean of empty slice.
  mse = float(((p - t) ** 2).mean())
/opt/anaconda3/envs/tf-ml-gpu/lib/python3.10/site-packages/numpy/core/_methods.py:129: RuntimeWarning: invalid value encountered in divide
  ret = ret.dtype.type(ret / rcount)
/Users/adityanagarsekar/Downloads/Courses/LOP_Snehanshu/FGBO/icbinb/train.py:36: RuntimeWarning: Mean of empty slice.
  mae = float(np.abs(p - t).mean())
/Users/adityanagarsekar/Downloads/Courses/LOP_Snehanshu/FGBO/icbinb/train.py:35: RuntimeWarning: Mean of empty slice.
  mse = float(((p - t) ** 2).mean())
/opt/anaconda3/envs/tf-ml-gpu/lib/python3.10/site-packages/numpy/core/_methods.py:129: RuntimeWarning: invalid value encountered in divide
  ret = ret.dtype.type(ret / rcount)
/Users/adityanagarsekar/Downloads/Courses/LOP_Snehanshu/FGBO/icbinb/train.py:36: RuntimeWarning: Mean of empty slice.
  mae = float(np.abs(p - t).mean())
/Users/adityanagarsekar/Downloads/Courses/LOP_Snehanshu/FGBO/icbinb/train.py:35: RuntimeWarning: Mean of empty slice.
  mse = float(((p - t) ** 2).mean())
/opt/anaconda3/envs/tf-ml-gpu/lib/python3.10/site-packages/numpy/core/_methods.py:129: RuntimeWarning: invalid value encountered in divide
  ret = ret.dtype.type(ret / rcount)
/Users/adityanagarsekar/Downloads/Courses/LOP_Snehanshu/FGBO/icbinb/train.py:36: RuntimeWarning: Mean of empty slice.
  mae = float(np.abs(p - t).mean())
/Users/adityanagarsekar/Downloads/Courses/LOP_Snehanshu/FGBO/icbinb/train.py:35: RuntimeWarning: Mean of empty slice.
  mse = float(((p - t) ** 2).mean())
/opt/anaconda3/envs/tf-ml-gpu/lib/python3.10/site-packages/numpy/core/_methods.py:129: RuntimeWarning: invalid value encountered in divide
  ret = ret.dtype.type(ret / rcount)
/Users/adityanagarsekar/Downloads/Courses/LOP_Snehanshu/FGBO/icbinb/train.py:36: RuntimeWarning: Mean of empty slice.
  mae = float(np.abs(p - t).mean())
/Users/adityanagarsekar/Downloads/Courses/LOP_Snehanshu/FGBO/icbinb/train.py:35: RuntimeWarning: Mean of empty slice.
  mse = float(((p - t) ** 2).mean())
/opt/anaconda3/envs/tf-ml-gpu/lib/python3.10/site-packages/numpy/core/_methods.py:129: RuntimeWarning: invalid value encountered in divide
  ret = ret.dtype.type(ret / rcount)
/Users/adityanagarsekar/Downloads/Courses/LOP_Snehanshu/FGBO/icbinb/train.py:36: RuntimeWarning: Mean of empty slice.
  mae = float(np.abs(p - t).mean())
/Users/adityanagarsekar/Downloads/Courses/LOP_Snehanshu/FGBO/icbinb/train.py:35: RuntimeWarning: Mean of empty slice.
  mse = float(((p - t) ** 2).mean())
/opt/anaconda3/envs/tf-ml-gpu/lib/python3.10/site-packages/numpy/core/_methods.py:129: RuntimeWarning: invalid value encountered in divide
  ret = ret.dtype.type(ret / rcount)
/Users/adityanagarsekar/Downloads/Courses/LOP_Snehanshu/FGBO/icbinb/train.py:36: RuntimeWarning: Mean of empty slice.
  mae = float(np.abs(p - t).mean())
/Users/adityanagarsekar/Downloads/Courses/LOP_Snehanshu/FGBO/icbinb/train.py:35: RuntimeWarning: Mean of empty slice.
  mse = float(((p - t) ** 2).mean())
/opt/anaconda3/envs/tf-ml-gpu/lib/python3.10/site-packages/numpy/core/_methods.py:129: RuntimeWarning: invalid value encountered in divide
  ret = ret.dtype.type(ret / rcount)
/Users/adityanagarsekar/Downloads/Courses/LOP_Snehanshu/FGBO/icbinb/train.py:36: RuntimeWarning: Mean of empty slice.
  mae = float(np.abs(p - t).mean())
/Users/adityanagarsekar/Downloads/Courses/LOP_Snehanshu/FGBO/icbinb/train.py:35: RuntimeWarning: Mean of empty slice.
  mse = float(((p - t) ** 2).mean())
/opt/anaconda3/envs/tf-ml-gpu/lib/python3.10/site-packages/numpy/core/_methods.py:129: RuntimeWarning: invalid value encountered in divide
  ret = ret.dtype.type(ret / rcount)
/Users/adityanagarsekar/Downloads/Courses/LOP_Snehanshu/FGBO/icbinb/train.py:36: RuntimeWarning: Mean of empty slice.
  mae = float(np.abs(p - t).mean())
/Users/adityanagarsekar/Downloads/Courses/LOP_Snehanshu/FGBO/icbinb/train.py:35: RuntimeWarning: Mean of empty slice.
  mse = float(((p - t) ** 2).mean())
/opt/anaconda3/envs/tf-ml-gpu/lib/python3.10/site-packages/numpy/core/_methods.py:129: RuntimeWarning: invalid value encountered in divide
  ret = ret.dtype.type(ret / rcount)
/Users/adityanagarsekar/Downloads/Courses/LOP_Snehanshu/FGBO/icbinb/train.py:36: RuntimeWarning: Mean of empty slice.
  mae = float(np.abs(p - t).mean())
/Users/adityanagarsekar/Downloads/Courses/LOP_Snehanshu/FGBO/icbinb/train.py:35: RuntimeWarning: Mean of empty slice.
  mse = float(((p - t) ** 2).mean())
/opt/anaconda3/envs/tf-ml-gpu/lib/python3.10/site-packages/numpy/core/_methods.py:129: RuntimeWarning: invalid value encountered in divide
  ret = ret.dtype.type(ret / rcount)
/Users/adityanagarsekar/Downloads/Courses/LOP_Snehanshu/FGBO/icbinb/train.py:36: RuntimeWarning: Mean of empty slice.
  mae = float(np.abs(p - t).mean())
/Users/adityanagarsekar/Downloads/Courses/LOP_Snehanshu/FGBO/icbinb/train.py:35: RuntimeWarning: Mean of empty slice.
  mse = float(((p - t) ** 2).mean())
/opt/anaconda3/envs/tf-ml-gpu/lib/python3.10/site-packages/numpy/core/_methods.py:129: RuntimeWarning: invalid value encountered in divide
  ret = ret.dtype.type(ret / rcount)
/Users/adityanagarsekar/Downloads/Courses/LOP_Snehanshu/FGBO/icbinb/train.py:36: RuntimeWarning: Mean of empty slice.
  mae = float(np.abs(p - t).mean())
/Users/adityanagarsekar/Downloads/Courses/LOP_Snehanshu/FGBO/icbinb/train.py:35: RuntimeWarning: Mean of empty slice.
  mse = float(((p - t) ** 2).mean())
/opt/anaconda3/envs/tf-ml-gpu/lib/python3.10/site-packages/numpy/core/_methods.py:129: RuntimeWarning: invalid value encountered in divide
  ret = ret.dtype.type(ret / rcount)
/Users/adityanagarsekar/Downloads/Courses/LOP_Snehanshu/FGBO/icbinb/train.py:36: RuntimeWarning: Mean of empty slice.
  mae = float(np.abs(p - t).mean())
/Users/adityanagarsekar/Downloads/Courses/LOP_Snehanshu/FGBO/icbinb/train.py:35: RuntimeWarning: Mean of empty slice.
  mse = float(((p - t) ** 2).mean())
/opt/anaconda3/envs/tf-ml-gpu/lib/python3.10/site-packages/numpy/core/_methods.py:129: RuntimeWarning: invalid value encountered in divide
  ret = ret.dtype.type(ret / rcount)
/Users/adityanagarsekar/Downloads/Courses/LOP_Snehanshu/FGBO/icbinb/train.py:36: RuntimeWarning: Mean of empty slice.
  mae = float(np.abs(p - t).mean())
/Users/adityanagarsekar/Downloads/Courses/LOP_Snehanshu/FGBO/icbinb/train.py:35: RuntimeWarning: Mean of empty slice.
  mse = float(((p - t) ** 2).mean())
/opt/anaconda3/envs/tf-ml-gpu/lib/python3.10/site-packages/numpy/core/_methods.py:129: RuntimeWarning: invalid value encountered in divide
  ret = ret.dtype.type(ret / rcount)
/Users/adityanagarsekar/Downloads/Courses/LOP_Snehanshu/FGBO/icbinb/train.py:36: RuntimeWarning: Mean of empty slice.
  mae = float(np.abs(p - t).mean())
/Users/adityanagarsekar/Downloads/Courses/LOP_Snehanshu/FGBO/icbinb/train.py:35: RuntimeWarning: Mean of empty slice.
  mse = float(((p - t) ** 2).mean())
/opt/anaconda3/envs/tf-ml-gpu/lib/python3.10/site-packages/numpy/core/_methods.py:129: RuntimeWarning: invalid value encountered in divide
  ret = ret.dtype.type(ret / rcount)
/Users/adityanagarsekar/Downloads/Courses/LOP_Snehanshu/FGBO/icbinb/train.py:36: RuntimeWarning: Mean of empty slice.
  mae = float(np.abs(p - t).mean())
  valfree_pool  hydro           outer006  48 rows   519.7s
/Users/adityanagarsekar/Downloads/Courses/LOP_Snehanshu/FGBO/icbinb/train.py:35: RuntimeWarning: Mean of empty slice.
  mse = float(((p - t) ** 2).mean())
/opt/anaconda3/envs/tf-ml-gpu/lib/python3.10/site-packages/numpy/core/_methods.py:129: RuntimeWarning: invalid value encountered in divide
  ret = ret.dtype.type(ret / rcount)
/Users/adityanagarsekar/Downloads/Courses/LOP_Snehanshu/FGBO/icbinb/train.py:36: RuntimeWarning: Mean of empty slice.
  mae = float(np.abs(p - t).mean())
/Users/adityanagarsekar/Downloads/Courses/LOP_Snehanshu/FGBO/icbinb/train.py:35: RuntimeWarning: Mean of empty slice.
  mse = float(((p - t) ** 2).mean())
/opt/anaconda3/envs/tf-ml-gpu/lib/python3.10/site-packages/numpy/core/_methods.py:129: RuntimeWarning: invalid value encountered in divide
  ret = ret.dtype.type(ret / rcount)
/Users/adityanagarsekar/Downloads/Courses/LOP_Snehanshu/FGBO/icbinb/train.py:36: RuntimeWarning: Mean of empty slice.
  mae = float(np.abs(p - t).mean())
/Users/adityanagarsekar/Downloads/Courses/LOP_Snehanshu/FGBO/icbinb/train.py:35: RuntimeWarning: Mean of empty slice.
  mse = float(((p - t) ** 2).mean())
/opt/anaconda3/envs/tf-ml-gpu/lib/python3.10/site-packages/numpy/core/_methods.py:129: RuntimeWarning: invalid value encountered in divide
  ret = ret.dtype.type(ret / rcount)
/Users/adityanagarsekar/Downloads/Courses/LOP_Snehanshu/FGBO/icbinb/train.py:36: RuntimeWarning: Mean of empty slice.
  mae = float(np.abs(p - t).mean())
/Users/adityanagarsekar/Downloads/Courses/LOP_Snehanshu/FGBO/icbinb/train.py:35: RuntimeWarning: Mean of empty slice.
  mse = float(((p - t) ** 2).mean())
/opt/anaconda3/envs/tf-ml-gpu/lib/python3.10/site-packages/numpy/core/_methods.py:129: RuntimeWarning: invalid value encountered in divide
  ret = ret.dtype.type(ret / rcount)
/Users/adityanagarsekar/Downloads/Courses/LOP_Snehanshu/FGBO/icbinb/train.py:36: RuntimeWarning: Mean of empty slice.
  mae = float(np.abs(p - t).mean())
/Users/adityanagarsekar/Downloads/Courses/LOP_Snehanshu/FGBO/icbinb/train.py:35: RuntimeWarning: Mean of empty slice.
  mse = float(((p - t) ** 2).mean())
/opt/anaconda3/envs/tf-ml-gpu/lib/python3.10/site-packages/numpy/core/_methods.py:129: RuntimeWarning: invalid value encountered in divide
  ret = ret.dtype.type(ret / rcount)
/Users/adityanagarsekar/Downloads/Courses/LOP_Snehanshu/FGBO/icbinb/train.py:36: RuntimeWarning: Mean of empty slice.
  mae = float(np.abs(p - t).mean())
/Users/adityanagarsekar/Downloads/Courses/LOP_Snehanshu/FGBO/icbinb/train.py:35: RuntimeWarning: Mean of empty slice.
  mse = float(((p - t) ** 2).mean())
/opt/anaconda3/envs/tf-ml-gpu/lib/python3.10/site-packages/numpy/core/_methods.py:129: RuntimeWarning: invalid value encountered in divide
  ret = ret.dtype.type(ret / rcount)
/Users/adityanagarsekar/Downloads/Courses/LOP_Snehanshu/FGBO/icbinb/train.py:36: RuntimeWarning: Mean of empty slice.
  mae = float(np.abs(p - t).mean())
/Users/adityanagarsekar/Downloads/Courses/LOP_Snehanshu/FGBO/icbinb/train.py:35: RuntimeWarning: Mean of empty slice.
  mse = float(((p - t) ** 2).mean())
/opt/anaconda3/envs/tf-ml-gpu/lib/python3.10/site-packages/numpy/core/_methods.py:129: RuntimeWarning: invalid value encountered in divide
  ret = ret.dtype.type(ret / rcount)
/Users/adityanagarsekar/Downloads/Courses/LOP_Snehanshu/FGBO/icbinb/train.py:36: RuntimeWarning: Mean of empty slice.
  mae = float(np.abs(p - t).mean())
/Users/adityanagarsekar/Downloads/Courses/LOP_Snehanshu/FGBO/icbinb/train.py:35: RuntimeWarning: Mean of empty slice.
  mse = float(((p - t) ** 2).mean())
/opt/anaconda3/envs/tf-ml-gpu/lib/python3.10/site-packages/numpy/core/_methods.py:129: RuntimeWarning: invalid value encountered in divide
  ret = ret.dtype.type(ret / rcount)
/Users/adityanagarsekar/Downloads/Courses/LOP_Snehanshu/FGBO/icbinb/train.py:36: RuntimeWarning: Mean of empty slice.
  mae = float(np.abs(p - t).mean())
/Users/adityanagarsekar/Downloads/Courses/LOP_Snehanshu/FGBO/icbinb/train.py:35: RuntimeWarning: Mean of empty slice.
  mse = float(((p - t) ** 2).mean())
/opt/anaconda3/envs/tf-ml-gpu/lib/python3.10/site-packages/numpy/core/_methods.py:129: RuntimeWarning: invalid value encountered in divide
  ret = ret.dtype.type(ret / rcount)
/Users/adityanagarsekar/Downloads/Courses/LOP_Snehanshu/FGBO/icbinb/train.py:36: RuntimeWarning: Mean of empty slice.
  mae = float(np.abs(p - t).mean())
/Users/adityanagarsekar/Downloads/Courses/LOP_Snehanshu/FGBO/icbinb/train.py:35: RuntimeWarning: Mean of empty slice.
  mse = float(((p - t) ** 2).mean())
/opt/anaconda3/envs/tf-ml-gpu/lib/python3.10/site-packages/numpy/core/_methods.py:129: RuntimeWarning: invalid value encountered in divide
  ret = ret.dtype.type(ret / rcount)
/Users/adityanagarsekar/Downloads/Courses/LOP_Snehanshu/FGBO/icbinb/train.py:36: RuntimeWarning: Mean of empty slice.
  mae = float(np.abs(p - t).mean())
/Users/adityanagarsekar/Downloads/Courses/LOP_Snehanshu/FGBO/icbinb/train.py:35: RuntimeWarning: Mean of empty slice.
  mse = float(((p - t) ** 2).mean())
/opt/anaconda3/envs/tf-ml-gpu/lib/python3.10/site-packages/numpy/core/_methods.py:129: RuntimeWarning: invalid value encountered in divide
  ret = ret.dtype.type(ret / rcount)
/Users/adityanagarsekar/Downloads/Courses/LOP_Snehanshu/FGBO/icbinb/train.py:36: RuntimeWarning: Mean of empty slice.
  mae = float(np.abs(p - t).mean())
/Users/adityanagarsekar/Downloads/Courses/LOP_Snehanshu/FGBO/icbinb/train.py:35: RuntimeWarning: Mean of empty slice.
  mse = float(((p - t) ** 2).mean())
/opt/anaconda3/envs/tf-ml-gpu/lib/python3.10/site-packages/numpy/core/_methods.py:129: RuntimeWarning: invalid value encountered in divide
  ret = ret.dtype.type(ret / rcount)
/Users/adityanagarsekar/Downloads/Courses/LOP_Snehanshu/FGBO/icbinb/train.py:36: RuntimeWarning: Mean of empty slice.
  mae = float(np.abs(p - t).mean())
/Users/adityanagarsekar/Downloads/Courses/LOP_Snehanshu/FGBO/icbinb/train.py:35: RuntimeWarning: Mean of empty slice.
  mse = float(((p - t) ** 2).mean())
/opt/anaconda3/envs/tf-ml-gpu/lib/python3.10/site-packages/numpy/core/_methods.py:129: RuntimeWarning: invalid value encountered in divide
  ret = ret.dtype.type(ret / rcount)
/Users/adityanagarsekar/Downloads/Courses/LOP_Snehanshu/FGBO/icbinb/train.py:36: RuntimeWarning: Mean of empty slice.
  mae = float(np.abs(p - t).mean())
/Users/adityanagarsekar/Downloads/Courses/LOP_Snehanshu/FGBO/icbinb/train.py:35: RuntimeWarning: Mean of empty slice.
  mse = float(((p - t) ** 2).mean())
/opt/anaconda3/envs/tf-ml-gpu/lib/python3.10/site-packages/numpy/core/_methods.py:129: RuntimeWarning: invalid value encountered in divide
  ret = ret.dtype.type(ret / rcount)
/Users/adityanagarsekar/Downloads/Courses/LOP_Snehanshu/FGBO/icbinb/train.py:36: RuntimeWarning: Mean of empty slice.
  mae = float(np.abs(p - t).mean())
/Users/adityanagarsekar/Downloads/Courses/LOP_Snehanshu/FGBO/icbinb/train.py:35: RuntimeWarning: Mean of empty slice.
  mse = float(((p - t) ** 2).mean())
/opt/anaconda3/envs/tf-ml-gpu/lib/python3.10/site-packages/numpy/core/_methods.py:129: RuntimeWarning: invalid value encountered in divide
  ret = ret.dtype.type(ret / rcount)
/Users/adityanagarsekar/Downloads/Courses/LOP_Snehanshu/FGBO/icbinb/train.py:36: RuntimeWarning: Mean of empty slice.
  mae = float(np.abs(p - t).mean())
/Users/adityanagarsekar/Downloads/Courses/LOP_Snehanshu/FGBO/icbinb/train.py:35: RuntimeWarning: Mean of empty slice.
  mse = float(((p - t) ** 2).mean())
/opt/anaconda3/envs/tf-ml-gpu/lib/python3.10/site-packages/numpy/core/_methods.py:129: RuntimeWarning: invalid value encountered in divide
  ret = ret.dtype.type(ret / rcount)
/Users/adityanagarsekar/Downloads/Courses/LOP_Snehanshu/FGBO/icbinb/train.py:36: RuntimeWarning: Mean of empty slice.
  mae = float(np.abs(p - t).mean())
/Users/adityanagarsekar/Downloads/Courses/LOP_Snehanshu/FGBO/icbinb/train.py:35: RuntimeWarning: Mean of empty slice.
  mse = float(((p - t) ** 2).mean())
/opt/anaconda3/envs/tf-ml-gpu/lib/python3.10/site-packages/numpy/core/_methods.py:129: RuntimeWarning: invalid value encountered in divide
  ret = ret.dtype.type(ret / rcount)
/Users/adityanagarsekar/Downloads/Courses/LOP_Snehanshu/FGBO/icbinb/train.py:36: RuntimeWarning: Mean of empty slice.
  mae = float(np.abs(p - t).mean())
/Users/adityanagarsekar/Downloads/Courses/LOP_Snehanshu/FGBO/icbinb/train.py:35: RuntimeWarning: Mean of empty slice.
  mse = float(((p - t) ** 2).mean())
/opt/anaconda3/envs/tf-ml-gpu/lib/python3.10/site-packages/numpy/core/_methods.py:129: RuntimeWarning: invalid value encountered in divide
  ret = ret.dtype.type(ret / rcount)
/Users/adityanagarsekar/Downloads/Courses/LOP_Snehanshu/FGBO/icbinb/train.py:36: RuntimeWarning: Mean of empty slice.
  mae = float(np.abs(p - t).mean())
/Users/adityanagarsekar/Downloads/Courses/LOP_Snehanshu/FGBO/icbinb/train.py:35: RuntimeWarning: Mean of empty slice.
  mse = float(((p - t) ** 2).mean())
/opt/anaconda3/envs/tf-ml-gpu/lib/python3.10/site-packages/numpy/core/_methods.py:129: RuntimeWarning: invalid value encountered in divide
  ret = ret.dtype.type(ret / rcount)
/Users/adityanagarsekar/Downloads/Courses/LOP_Snehanshu/FGBO/icbinb/train.py:36: RuntimeWarning: Mean of empty slice.
  mae = float(np.abs(p - t).mean())
/Users/adityanagarsekar/Downloads/Courses/LOP_Snehanshu/FGBO/icbinb/train.py:35: RuntimeWarning: Mean of empty slice.
  mse = float(((p - t) ** 2).mean())
/opt/anaconda3/envs/tf-ml-gpu/lib/python3.10/site-packages/numpy/core/_methods.py:129: RuntimeWarning: invalid value encountered in divide
  ret = ret.dtype.type(ret / rcount)
/Users/adityanagarsekar/Downloads/Courses/LOP_Snehanshu/FGBO/icbinb/train.py:36: RuntimeWarning: Mean of empty slice.
  mae = float(np.abs(p - t).mean())
/Users/adityanagarsekar/Downloads/Courses/LOP_Snehanshu/FGBO/icbinb/train.py:35: RuntimeWarning: Mean of empty slice.
  mse = float(((p - t) ** 2).mean())
/opt/anaconda3/envs/tf-ml-gpu/lib/python3.10/site-packages/numpy/core/_methods.py:129: RuntimeWarning: invalid value encountered in divide
  ret = ret.dtype.type(ret / rcount)
/Users/adityanagarsekar/Downloads/Courses/LOP_Snehanshu/FGBO/icbinb/train.py:36: RuntimeWarning: Mean of empty slice.
  mae = float(np.abs(p - t).mean())
/Users/adityanagarsekar/Downloads/Courses/LOP_Snehanshu/FGBO/icbinb/train.py:35: RuntimeWarning: Mean of empty slice.
  mse = float(((p - t) ** 2).mean())
/opt/anaconda3/envs/tf-ml-gpu/lib/python3.10/site-packages/numpy/core/_methods.py:129: RuntimeWarning: invalid value encountered in divide
  ret = ret.dtype.type(ret / rcount)
/Users/adityanagarsekar/Downloads/Courses/LOP_Snehanshu/FGBO/icbinb/train.py:36: RuntimeWarning: Mean of empty slice.
  mae = float(np.abs(p - t).mean())
/Users/adityanagarsekar/Downloads/Courses/LOP_Snehanshu/FGBO/icbinb/train.py:35: RuntimeWarning: Mean of empty slice.
  mse = float(((p - t) ** 2).mean())
/opt/anaconda3/envs/tf-ml-gpu/lib/python3.10/site-packages/numpy/core/_methods.py:129: RuntimeWarning: invalid value encountered in divide
  ret = ret.dtype.type(ret / rcount)
/Users/adityanagarsekar/Downloads/Courses/LOP_Snehanshu/FGBO/icbinb/train.py:36: RuntimeWarning: Mean of empty slice.
  mae = float(np.abs(p - t).mean())
/Users/adityanagarsekar/Downloads/Courses/LOP_Snehanshu/FGBO/icbinb/train.py:35: RuntimeWarning: Mean of empty slice.
  mse = float(((p - t) ** 2).mean())
/opt/anaconda3/envs/tf-ml-gpu/lib/python3.10/site-packages/numpy/core/_methods.py:129: RuntimeWarning: invalid value encountered in divide
  ret = ret.dtype.type(ret / rcount)
/Users/adityanagarsekar/Downloads/Courses/LOP_Snehanshu/FGBO/icbinb/train.py:36: RuntimeWarning: Mean of empty slice.
  mae = float(np.abs(p - t).mean())
/Users/adityanagarsekar/Downloads/Courses/LOP_Snehanshu/FGBO/icbinb/train.py:35: RuntimeWarning: Mean of empty slice.
  mse = float(((p - t) ** 2).mean())
/opt/anaconda3/envs/tf-ml-gpu/lib/python3.10/site-packages/numpy/core/_methods.py:129: RuntimeWarning: invalid value encountered in divide
  ret = ret.dtype.type(ret / rcount)
/Users/adityanagarsekar/Downloads/Courses/LOP_Snehanshu/FGBO/icbinb/train.py:36: RuntimeWarning: Mean of empty slice.
  mae = float(np.abs(p - t).mean())
/Users/adityanagarsekar/Downloads/Courses/LOP_Snehanshu/FGBO/icbinb/train.py:35: RuntimeWarning: Mean of empty slice.
  mse = float(((p - t) ** 2).mean())
/opt/anaconda3/envs/tf-ml-gpu/lib/python3.10/site-packages/numpy/core/_methods.py:129: RuntimeWarning: invalid value encountered in divide
  ret = ret.dtype.type(ret / rcount)
/Users/adityanagarsekar/Downloads/Courses/LOP_Snehanshu/FGBO/icbinb/train.py:36: RuntimeWarning: Mean of empty slice.
  mae = float(np.abs(p - t).mean())
/Users/adityanagarsekar/Downloads/Courses/LOP_Snehanshu/FGBO/icbinb/train.py:35: RuntimeWarning: Mean of empty slice.
  mse = float(((p - t) ** 2).mean())
/opt/anaconda3/envs/tf-ml-gpu/lib/python3.10/site-packages/numpy/core/_methods.py:129: RuntimeWarning: invalid value encountered in divide
  ret = ret.dtype.type(ret / rcount)
/Users/adityanagarsekar/Downloads/Courses/LOP_Snehanshu/FGBO/icbinb/train.py:36: RuntimeWarning: Mean of empty slice.
  mae = float(np.abs(p - t).mean())
/Users/adityanagarsekar/Downloads/Courses/LOP_Snehanshu/FGBO/icbinb/train.py:35: RuntimeWarning: Mean of empty slice.
  mse = float(((p - t) ** 2).mean())
/opt/anaconda3/envs/tf-ml-gpu/lib/python3.10/site-packages/numpy/core/_methods.py:129: RuntimeWarning: invalid value encountered in divide
  ret = ret.dtype.type(ret / rcount)
/Users/adityanagarsekar/Downloads/Courses/LOP_Snehanshu/FGBO/icbinb/train.py:36: RuntimeWarning: Mean of empty slice.
  mae = float(np.abs(p - t).mean())
/Users/adityanagarsekar/Downloads/Courses/LOP_Snehanshu/FGBO/icbinb/train.py:35: RuntimeWarning: Mean of empty slice.
  mse = float(((p - t) ** 2).mean())
/opt/anaconda3/envs/tf-ml-gpu/lib/python3.10/site-packages/numpy/core/_methods.py:129: RuntimeWarning: invalid value encountered in divide
  ret = ret.dtype.type(ret / rcount)
/Users/adityanagarsekar/Downloads/Courses/LOP_Snehanshu/FGBO/icbinb/train.py:36: RuntimeWarning: Mean of empty slice.
  mae = float(np.abs(p - t).mean())
/Users/adityanagarsekar/Downloads/Courses/LOP_Snehanshu/FGBO/icbinb/train.py:35: RuntimeWarning: Mean of empty slice.
  mse = float(((p - t) ** 2).mean())
/opt/anaconda3/envs/tf-ml-gpu/lib/python3.10/site-packages/numpy/core/_methods.py:129: RuntimeWarning: invalid value encountered in divide
  ret = ret.dtype.type(ret / rcount)
/Users/adityanagarsekar/Downloads/Courses/LOP_Snehanshu/FGBO/icbinb/train.py:36: RuntimeWarning: Mean of empty slice.
  mae = float(np.abs(p - t).mean())
/Users/adityanagarsekar/Downloads/Courses/LOP_Snehanshu/FGBO/icbinb/train.py:35: RuntimeWarning: Mean of empty slice.
  mse = float(((p - t) ** 2).mean())
/opt/anaconda3/envs/tf-ml-gpu/lib/python3.10/site-packages/numpy/core/_methods.py:129: RuntimeWarning: invalid value encountered in divide
  ret = ret.dtype.type(ret / rcount)
/Users/adityanagarsekar/Downloads/Courses/LOP_Snehanshu/FGBO/icbinb/train.py:36: RuntimeWarning: Mean of empty slice.
  mae = float(np.abs(p - t).mean())
/Users/adityanagarsekar/Downloads/Courses/LOP_Snehanshu/FGBO/icbinb/train.py:35: RuntimeWarning: Mean of empty slice.
  mse = float(((p - t) ** 2).mean())
/opt/anaconda3/envs/tf-ml-gpu/lib/python3.10/site-packages/numpy/core/_methods.py:129: RuntimeWarning: invalid value encountered in divide
  ret = ret.dtype.type(ret / rcount)
/Users/adityanagarsekar/Downloads/Courses/LOP_Snehanshu/FGBO/icbinb/train.py:36: RuntimeWarning: Mean of empty slice.
  mae = float(np.abs(p - t).mean())
/Users/adityanagarsekar/Downloads/Courses/LOP_Snehanshu/FGBO/icbinb/train.py:35: RuntimeWarning: Mean of empty slice.
  mse = float(((p - t) ** 2).mean())
/opt/anaconda3/envs/tf-ml-gpu/lib/python3.10/site-packages/numpy/core/_methods.py:129: RuntimeWarning: invalid value encountered in divide
  ret = ret.dtype.type(ret / rcount)
/Users/adityanagarsekar/Downloads/Courses/LOP_Snehanshu/FGBO/icbinb/train.py:36: RuntimeWarning: Mean of empty slice.
  mae = float(np.abs(p - t).mean())
/Users/adityanagarsekar/Downloads/Courses/LOP_Snehanshu/FGBO/icbinb/train.py:35: RuntimeWarning: Mean of empty slice.
  mse = float(((p - t) ** 2).mean())
/opt/anaconda3/envs/tf-ml-gpu/lib/python3.10/site-packages/numpy/core/_methods.py:129: RuntimeWarning: invalid value encountered in divide
  ret = ret.dtype.type(ret / rcount)
/Users/adityanagarsekar/Downloads/Courses/LOP_Snehanshu/FGBO/icbinb/train.py:36: RuntimeWarning: Mean of empty slice.
  mae = float(np.abs(p - t).mean())
/Users/adityanagarsekar/Downloads/Courses/LOP_Snehanshu/FGBO/icbinb/train.py:35: RuntimeWarning: Mean of empty slice.
  mse = float(((p - t) ** 2).mean())
/opt/anaconda3/envs/tf-ml-gpu/lib/python3.10/site-packages/numpy/core/_methods.py:129: RuntimeWarning: invalid value encountered in divide
  ret = ret.dtype.type(ret / rcount)
/Users/adityanagarsekar/Downloads/Courses/LOP_Snehanshu/FGBO/icbinb/train.py:36: RuntimeWarning: Mean of empty slice.
  mae = float(np.abs(p - t).mean())
/Users/adityanagarsekar/Downloads/Courses/LOP_Snehanshu/FGBO/icbinb/train.py:35: RuntimeWarning: Mean of empty slice.
  mse = float(((p - t) ** 2).mean())
/opt/anaconda3/envs/tf-ml-gpu/lib/python3.10/site-packages/numpy/core/_methods.py:129: RuntimeWarning: invalid value encountered in divide
  ret = ret.dtype.type(ret / rcount)
/Users/adityanagarsekar/Downloads/Courses/LOP_Snehanshu/FGBO/icbinb/train.py:36: RuntimeWarning: Mean of empty slice.
  mae = float(np.abs(p - t).mean())
/Users/adityanagarsekar/Downloads/Courses/LOP_Snehanshu/FGBO/icbinb/train.py:35: RuntimeWarning: Mean of empty slice.
  mse = float(((p - t) ** 2).mean())
/opt/anaconda3/envs/tf-ml-gpu/lib/python3.10/site-packages/numpy/core/_methods.py:129: RuntimeWarning: invalid value encountered in divide
  ret = ret.dtype.type(ret / rcount)
/Users/adityanagarsekar/Downloads/Courses/LOP_Snehanshu/FGBO/icbinb/train.py:36: RuntimeWarning: Mean of empty slice.
  mae = float(np.abs(p - t).mean())
/Users/adityanagarsekar/Downloads/Courses/LOP_Snehanshu/FGBO/icbinb/train.py:35: RuntimeWarning: Mean of empty slice.
  mse = float(((p - t) ** 2).mean())
/opt/anaconda3/envs/tf-ml-gpu/lib/python3.10/site-packages/numpy/core/_methods.py:129: RuntimeWarning: invalid value encountered in divide
  ret = ret.dtype.type(ret / rcount)
/Users/adityanagarsekar/Downloads/Courses/LOP_Snehanshu/FGBO/icbinb/train.py:36: RuntimeWarning: Mean of empty slice.
  mae = float(np.abs(p - t).mean())
/Users/adityanagarsekar/Downloads/Courses/LOP_Snehanshu/FGBO/icbinb/train.py:35: RuntimeWarning: Mean of empty slice.
  mse = float(((p - t) ** 2).mean())
/opt/anaconda3/envs/tf-ml-gpu/lib/python3.10/site-packages/numpy/core/_methods.py:129: RuntimeWarning: invalid value encountered in divide
  ret = ret.dtype.type(ret / rcount)
/Users/adityanagarsekar/Downloads/Courses/LOP_Snehanshu/FGBO/icbinb/train.py:36: RuntimeWarning: Mean of empty slice.
  mae = float(np.abs(p - t).mean())
/Users/adityanagarsekar/Downloads/Courses/LOP_Snehanshu/FGBO/icbinb/train.py:35: RuntimeWarning: Mean of empty slice.
  mse = float(((p - t) ** 2).mean())
/opt/anaconda3/envs/tf-ml-gpu/lib/python3.10/site-packages/numpy/core/_methods.py:129: RuntimeWarning: invalid value encountered in divide
  ret = ret.dtype.type(ret / rcount)
/Users/adityanagarsekar/Downloads/Courses/LOP_Snehanshu/FGBO/icbinb/train.py:36: RuntimeWarning: Mean of empty slice.
  mae = float(np.abs(p - t).mean())
/Users/adityanagarsekar/Downloads/Courses/LOP_Snehanshu/FGBO/icbinb/train.py:35: RuntimeWarning: Mean of empty slice.
  mse = float(((p - t) ** 2).mean())
/opt/anaconda3/envs/tf-ml-gpu/lib/python3.10/site-packages/numpy/core/_methods.py:129: RuntimeWarning: invalid value encountered in divide
  ret = ret.dtype.type(ret / rcount)
/Users/adityanagarsekar/Downloads/Courses/LOP_Snehanshu/FGBO/icbinb/train.py:36: RuntimeWarning: Mean of empty slice.
  mae = float(np.abs(p - t).mean())
/Users/adityanagarsekar/Downloads/Courses/LOP_Snehanshu/FGBO/icbinb/train.py:35: RuntimeWarning: Mean of empty slice.
  mse = float(((p - t) ** 2).mean())
/opt/anaconda3/envs/tf-ml-gpu/lib/python3.10/site-packages/numpy/core/_methods.py:129: RuntimeWarning: invalid value encountered in divide
  ret = ret.dtype.type(ret / rcount)
/Users/adityanagarsekar/Downloads/Courses/LOP_Snehanshu/FGBO/icbinb/train.py:36: RuntimeWarning: Mean of empty slice.
  mae = float(np.abs(p - t).mean())
/Users/adityanagarsekar/Downloads/Courses/LOP_Snehanshu/FGBO/icbinb/train.py:35: RuntimeWarning: Mean of empty slice.
  mse = float(((p - t) ** 2).mean())
/opt/anaconda3/envs/tf-ml-gpu/lib/python3.10/site-packages/numpy/core/_methods.py:129: RuntimeWarning: invalid value encountered in divide
  ret = ret.dtype.type(ret / rcount)
/Users/adityanagarsekar/Downloads/Courses/LOP_Snehanshu/FGBO/icbinb/train.py:36: RuntimeWarning: Mean of empty slice.
  mae = float(np.abs(p - t).mean())
/Users/adityanagarsekar/Downloads/Courses/LOP_Snehanshu/FGBO/icbinb/train.py:35: RuntimeWarning: Mean of empty slice.
  mse = float(((p - t) ** 2).mean())
/opt/anaconda3/envs/tf-ml-gpu/lib/python3.10/site-packages/numpy/core/_methods.py:129: RuntimeWarning: invalid value encountered in divide
  ret = ret.dtype.type(ret / rcount)
/Users/adityanagarsekar/Downloads/Courses/LOP_Snehanshu/FGBO/icbinb/train.py:36: RuntimeWarning: Mean of empty slice.
  mae = float(np.abs(p - t).mean())
/Users/adityanagarsekar/Downloads/Courses/LOP_Snehanshu/FGBO/icbinb/train.py:35: RuntimeWarning: Mean of empty slice.
  mse = float(((p - t) ** 2).mean())
/opt/anaconda3/envs/tf-ml-gpu/lib/python3.10/site-packages/numpy/core/_methods.py:129: RuntimeWarning: invalid value encountered in divide
  ret = ret.dtype.type(ret / rcount)
/Users/adityanagarsekar/Downloads/Courses/LOP_Snehanshu/FGBO/icbinb/train.py:36: RuntimeWarning: Mean of empty slice.
  mae = float(np.abs(p - t).mean())
/Users/adityanagarsekar/Downloads/Courses/LOP_Snehanshu/FGBO/icbinb/train.py:35: RuntimeWarning: Mean of empty slice.
  mse = float(((p - t) ** 2).mean())
/opt/anaconda3/envs/tf-ml-gpu/lib/python3.10/site-packages/numpy/core/_methods.py:129: RuntimeWarning: invalid value encountered in divide
  ret = ret.dtype.type(ret / rcount)
/Users/adityanagarsekar/Downloads/Courses/LOP_Snehanshu/FGBO/icbinb/train.py:36: RuntimeWarning: Mean of empty slice.
  mae = float(np.abs(p - t).mean())
/Users/adityanagarsekar/Downloads/Courses/LOP_Snehanshu/FGBO/icbinb/train.py:35: RuntimeWarning: Mean of empty slice.
  mse = float(((p - t) ** 2).mean())
/opt/anaconda3/envs/tf-ml-gpu/lib/python3.10/site-packages/numpy/core/_methods.py:129: RuntimeWarning: invalid value encountered in divide
  ret = ret.dtype.type(ret / rcount)
/Users/adityanagarsekar/Downloads/Courses/LOP_Snehanshu/FGBO/icbinb/train.py:36: RuntimeWarning: Mean of empty slice.
  mae = float(np.abs(p - t).mean())
/Users/adityanagarsekar/Downloads/Courses/LOP_Snehanshu/FGBO/icbinb/train.py:35: RuntimeWarning: Mean of empty slice.
  mse = float(((p - t) ** 2).mean())
/opt/anaconda3/envs/tf-ml-gpu/lib/python3.10/site-packages/numpy/core/_methods.py:129: RuntimeWarning: invalid value encountered in divide
  ret = ret.dtype.type(ret / rcount)
/Users/adityanagarsekar/Downloads/Courses/LOP_Snehanshu/FGBO/icbinb/train.py:36: RuntimeWarning: Mean of empty slice.
  mae = float(np.abs(p - t).mean())
  valfree_pool  hydro           outer007  48 rows   485.9s
/Users/adityanagarsekar/Downloads/Courses/LOP_Snehanshu/FGBO/icbinb/train.py:35: RuntimeWarning: Mean of empty slice.
  mse = float(((p - t) ** 2).mean())
/opt/anaconda3/envs/tf-ml-gpu/lib/python3.10/site-packages/numpy/core/_methods.py:129: RuntimeWarning: invalid value encountered in divide
  ret = ret.dtype.type(ret / rcount)
/Users/adityanagarsekar/Downloads/Courses/LOP_Snehanshu/FGBO/icbinb/train.py:36: RuntimeWarning: Mean of empty slice.
  mae = float(np.abs(p - t).mean())
/Users/adityanagarsekar/Downloads/Courses/LOP_Snehanshu/FGBO/icbinb/train.py:35: RuntimeWarning: Mean of empty slice.
  mse = float(((p - t) ** 2).mean())
/opt/anaconda3/envs/tf-ml-gpu/lib/python3.10/site-packages/numpy/core/_methods.py:129: RuntimeWarning: invalid value encountered in divide
  ret = ret.dtype.type(ret / rcount)
/Users/adityanagarsekar/Downloads/Courses/LOP_Snehanshu/FGBO/icbinb/train.py:36: RuntimeWarning: Mean of empty slice.
  mae = float(np.abs(p - t).mean())
/Users/adityanagarsekar/Downloads/Courses/LOP_Snehanshu/FGBO/icbinb/train.py:35: RuntimeWarning: Mean of empty slice.
  mse = float(((p - t) ** 2).mean())
/opt/anaconda3/envs/tf-ml-gpu/lib/python3.10/site-packages/numpy/core/_methods.py:129: RuntimeWarning: invalid value encountered in divide
  ret = ret.dtype.type(ret / rcount)
/Users/adityanagarsekar/Downloads/Courses/LOP_Snehanshu/FGBO/icbinb/train.py:36: RuntimeWarning: Mean of empty slice.
  mae = float(np.abs(p - t).mean())
/Users/adityanagarsekar/Downloads/Courses/LOP_Snehanshu/FGBO/icbinb/train.py:35: RuntimeWarning: Mean of empty slice.
  mse = float(((p - t) ** 2).mean())
/opt/anaconda3/envs/tf-ml-gpu/lib/python3.10/site-packages/numpy/core/_methods.py:129: RuntimeWarning: invalid value encountered in divide
  ret = ret.dtype.type(ret / rcount)
/Users/adityanagarsekar/Downloads/Courses/LOP_Snehanshu/FGBO/icbinb/train.py:36: RuntimeWarning: Mean of empty slice.
  mae = float(np.abs(p - t).mean())
/Users/adityanagarsekar/Downloads/Courses/LOP_Snehanshu/FGBO/icbinb/train.py:35: RuntimeWarning: Mean of empty slice.
  mse = float(((p - t) ** 2).mean())
/opt/anaconda3/envs/tf-ml-gpu/lib/python3.10/site-packages/numpy/core/_methods.py:129: RuntimeWarning: invalid value encountered in divide
  ret = ret.dtype.type(ret / rcount)
/Users/adityanagarsekar/Downloads/Courses/LOP_Snehanshu/FGBO/icbinb/train.py:36: RuntimeWarning: Mean of empty slice.
  mae = float(np.abs(p - t).mean())
/Users/adityanagarsekar/Downloads/Courses/LOP_Snehanshu/FGBO/icbinb/train.py:35: RuntimeWarning: Mean of empty slice.
  mse = float(((p - t) ** 2).mean())
/opt/anaconda3/envs/tf-ml-gpu/lib/python3.10/site-packages/numpy/core/_methods.py:129: RuntimeWarning: invalid value encountered in divide
  ret = ret.dtype.type(ret / rcount)
/Users/adityanagarsekar/Downloads/Courses/LOP_Snehanshu/FGBO/icbinb/train.py:36: RuntimeWarning: Mean of empty slice.
  mae = float(np.abs(p - t).mean())
/Users/adityanagarsekar/Downloads/Courses/LOP_Snehanshu/FGBO/icbinb/train.py:35: RuntimeWarning: Mean of empty slice.
  mse = float(((p - t) ** 2).mean())
/opt/anaconda3/envs/tf-ml-gpu/lib/python3.10/site-packages/numpy/core/_methods.py:129: RuntimeWarning: invalid value encountered in divide
  ret = ret.dtype.type(ret / rcount)
/Users/adityanagarsekar/Downloads/Courses/LOP_Snehanshu/FGBO/icbinb/train.py:36: RuntimeWarning: Mean of empty slice.
  mae = float(np.abs(p - t).mean())
/Users/adityanagarsekar/Downloads/Courses/LOP_Snehanshu/FGBO/icbinb/train.py:35: RuntimeWarning: Mean of empty slice.
  mse = float(((p - t) ** 2).mean())
/opt/anaconda3/envs/tf-ml-gpu/lib/python3.10/site-packages/numpy/core/_methods.py:129: RuntimeWarning: invalid value encountered in divide
  ret = ret.dtype.type(ret / rcount)
/Users/adityanagarsekar/Downloads/Courses/LOP_Snehanshu/FGBO/icbinb/train.py:36: RuntimeWarning: Mean of empty slice.
  mae = float(np.abs(p - t).mean())
/Users/adityanagarsekar/Downloads/Courses/LOP_Snehanshu/FGBO/icbinb/train.py:35: RuntimeWarning: Mean of empty slice.
  mse = float(((p - t) ** 2).mean())
/opt/anaconda3/envs/tf-ml-gpu/lib/python3.10/site-packages/numpy/core/_methods.py:129: RuntimeWarning: invalid value encountered in divide
  ret = ret.dtype.type(ret / rcount)
/Users/adityanagarsekar/Downloads/Courses/LOP_Snehanshu/FGBO/icbinb/train.py:36: RuntimeWarning: Mean of empty slice.
  mae = float(np.abs(p - t).mean())
/Users/adityanagarsekar/Downloads/Courses/LOP_Snehanshu/FGBO/icbinb/train.py:35: RuntimeWarning: Mean of empty slice.
  mse = float(((p - t) ** 2).mean())
/opt/anaconda3/envs/tf-ml-gpu/lib/python3.10/site-packages/numpy/core/_methods.py:129: RuntimeWarning: invalid value encountered in divide
  ret = ret.dtype.type(ret / rcount)
/Users/adityanagarsekar/Downloads/Courses/LOP_Snehanshu/FGBO/icbinb/train.py:36: RuntimeWarning: Mean of empty slice.
  mae = float(np.abs(p - t).mean())
/Users/adityanagarsekar/Downloads/Courses/LOP_Snehanshu/FGBO/icbinb/train.py:35: RuntimeWarning: Mean of empty slice.
  mse = float(((p - t) ** 2).mean())
/opt/anaconda3/envs/tf-ml-gpu/lib/python3.10/site-packages/numpy/core/_methods.py:129: RuntimeWarning: invalid value encountered in divide
  ret = ret.dtype.type(ret / rcount)
/Users/adityanagarsekar/Downloads/Courses/LOP_Snehanshu/FGBO/icbinb/train.py:36: RuntimeWarning: Mean of empty slice.
  mae = float(np.abs(p - t).mean())
/Users/adityanagarsekar/Downloads/Courses/LOP_Snehanshu/FGBO/icbinb/train.py:35: RuntimeWarning: Mean of empty slice.
  mse = float(((p - t) ** 2).mean())
/opt/anaconda3/envs/tf-ml-gpu/lib/python3.10/site-packages/numpy/core/_methods.py:129: RuntimeWarning: invalid value encountered in divide
  ret = ret.dtype.type(ret / rcount)
/Users/adityanagarsekar/Downloads/Courses/LOP_Snehanshu/FGBO/icbinb/train.py:36: RuntimeWarning: Mean of empty slice.
  mae = float(np.abs(p - t).mean())
/Users/adityanagarsekar/Downloads/Courses/LOP_Snehanshu/FGBO/icbinb/train.py:35: RuntimeWarning: Mean of empty slice.
  mse = float(((p - t) ** 2).mean())
/opt/anaconda3/envs/tf-ml-gpu/lib/python3.10/site-packages/numpy/core/_methods.py:129: RuntimeWarning: invalid value encountered in divide
  ret = ret.dtype.type(ret / rcount)
/Users/adityanagarsekar/Downloads/Courses/LOP_Snehanshu/FGBO/icbinb/train.py:36: RuntimeWarning: Mean of empty slice.
  mae = float(np.abs(p - t).mean())
/Users/adityanagarsekar/Downloads/Courses/LOP_Snehanshu/FGBO/icbinb/train.py:35: RuntimeWarning: Mean of empty slice.
  mse = float(((p - t) ** 2).mean())
/opt/anaconda3/envs/tf-ml-gpu/lib/python3.10/site-packages/numpy/core/_methods.py:129: RuntimeWarning: invalid value encountered in divide
  ret = ret.dtype.type(ret / rcount)
/Users/adityanagarsekar/Downloads/Courses/LOP_Snehanshu/FGBO/icbinb/train.py:36: RuntimeWarning: Mean of empty slice.
  mae = float(np.abs(p - t).mean())
/Users/adityanagarsekar/Downloads/Courses/LOP_Snehanshu/FGBO/icbinb/train.py:35: RuntimeWarning: Mean of empty slice.
  mse = float(((p - t) ** 2).mean())
/opt/anaconda3/envs/tf-ml-gpu/lib/python3.10/site-packages/numpy/core/_methods.py:129: RuntimeWarning: invalid value encountered in divide
  ret = ret.dtype.type(ret / rcount)
/Users/adityanagarsekar/Downloads/Courses/LOP_Snehanshu/FGBO/icbinb/train.py:36: RuntimeWarning: Mean of empty slice.
  mae = float(np.abs(p - t).mean())
/Users/adityanagarsekar/Downloads/Courses/LOP_Snehanshu/FGBO/icbinb/train.py:35: RuntimeWarning: Mean of empty slice.
  mse = float(((p - t) ** 2).mean())
/opt/anaconda3/envs/tf-ml-gpu/lib/python3.10/site-packages/numpy/core/_methods.py:129: RuntimeWarning: invalid value encountered in divide
  ret = ret.dtype.type(ret / rcount)
/Users/adityanagarsekar/Downloads/Courses/LOP_Snehanshu/FGBO/icbinb/train.py:36: RuntimeWarning: Mean of empty slice.
  mae = float(np.abs(p - t).mean())
/Users/adityanagarsekar/Downloads/Courses/LOP_Snehanshu/FGBO/icbinb/train.py:35: RuntimeWarning: Mean of empty slice.
  mse = float(((p - t) ** 2).mean())
/opt/anaconda3/envs/tf-ml-gpu/lib/python3.10/site-packages/numpy/core/_methods.py:129: RuntimeWarning: invalid value encountered in divide
  ret = ret.dtype.type(ret / rcount)
/Users/adityanagarsekar/Downloads/Courses/LOP_Snehanshu/FGBO/icbinb/train.py:36: RuntimeWarning: Mean of empty slice.
  mae = float(np.abs(p - t).mean())
/Users/adityanagarsekar/Downloads/Courses/LOP_Snehanshu/FGBO/icbinb/train.py:35: RuntimeWarning: Mean of empty slice.
  mse = float(((p - t) ** 2).mean())
/opt/anaconda3/envs/tf-ml-gpu/lib/python3.10/site-packages/numpy/core/_methods.py:129: RuntimeWarning: invalid value encountered in divide
  ret = ret.dtype.type(ret / rcount)
/Users/adityanagarsekar/Downloads/Courses/LOP_Snehanshu/FGBO/icbinb/train.py:36: RuntimeWarning: Mean of empty slice.
  mae = float(np.abs(p - t).mean())
/Users/adityanagarsekar/Downloads/Courses/LOP_Snehanshu/FGBO/icbinb/train.py:35: RuntimeWarning: Mean of empty slice.
  mse = float(((p - t) ** 2).mean())
/opt/anaconda3/envs/tf-ml-gpu/lib/python3.10/site-packages/numpy/core/_methods.py:129: RuntimeWarning: invalid value encountered in divide
  ret = ret.dtype.type(ret / rcount)
/Users/adityanagarsekar/Downloads/Courses/LOP_Snehanshu/FGBO/icbinb/train.py:36: RuntimeWarning: Mean of empty slice.
  mae = float(np.abs(p - t).mean())
/Users/adityanagarsekar/Downloads/Courses/LOP_Snehanshu/FGBO/icbinb/train.py:35: RuntimeWarning: Mean of empty slice.
  mse = float(((p - t) ** 2).mean())
/opt/anaconda3/envs/tf-ml-gpu/lib/python3.10/site-packages/numpy/core/_methods.py:129: RuntimeWarning: invalid value encountered in divide
  ret = ret.dtype.type(ret / rcount)
/Users/adityanagarsekar/Downloads/Courses/LOP_Snehanshu/FGBO/icbinb/train.py:36: RuntimeWarning: Mean of empty slice.
  mae = float(np.abs(p - t).mean())
/Users/adityanagarsekar/Downloads/Courses/LOP_Snehanshu/FGBO/icbinb/train.py:35: RuntimeWarning: Mean of empty slice.
  mse = float(((p - t) ** 2).mean())
/opt/anaconda3/envs/tf-ml-gpu/lib/python3.10/site-packages/numpy/core/_methods.py:129: RuntimeWarning: invalid value encountered in divide
  ret = ret.dtype.type(ret / rcount)
/Users/adityanagarsekar/Downloads/Courses/LOP_Snehanshu/FGBO/icbinb/train.py:36: RuntimeWarning: Mean of empty slice.
  mae = float(np.abs(p - t).mean())
/Users/adityanagarsekar/Downloads/Courses/LOP_Snehanshu/FGBO/icbinb/train.py:35: RuntimeWarning: Mean of empty slice.
  mse = float(((p - t) ** 2).mean())
/opt/anaconda3/envs/tf-ml-gpu/lib/python3.10/site-packages/numpy/core/_methods.py:129: RuntimeWarning: invalid value encountered in divide
  ret = ret.dtype.type(ret / rcount)
/Users/adityanagarsekar/Downloads/Courses/LOP_Snehanshu/FGBO/icbinb/train.py:36: RuntimeWarning: Mean of empty slice.
  mae = float(np.abs(p - t).mean())
/Users/adityanagarsekar/Downloads/Courses/LOP_Snehanshu/FGBO/icbinb/train.py:35: RuntimeWarning: Mean of empty slice.
  mse = float(((p - t) ** 2).mean())
/opt/anaconda3/envs/tf-ml-gpu/lib/python3.10/site-packages/numpy/core/_methods.py:129: RuntimeWarning: invalid value encountered in divide
  ret = ret.dtype.type(ret / rcount)
/Users/adityanagarsekar/Downloads/Courses/LOP_Snehanshu/FGBO/icbinb/train.py:36: RuntimeWarning: Mean of empty slice.
  mae = float(np.abs(p - t).mean())
/Users/adityanagarsekar/Downloads/Courses/LOP_Snehanshu/FGBO/icbinb/train.py:35: RuntimeWarning: Mean of empty slice.
  mse = float(((p - t) ** 2).mean())
/opt/anaconda3/envs/tf-ml-gpu/lib/python3.10/site-packages/numpy/core/_methods.py:129: RuntimeWarning: invalid value encountered in divide
  ret = ret.dtype.type(ret / rcount)
/Users/adityanagarsekar/Downloads/Courses/LOP_Snehanshu/FGBO/icbinb/train.py:36: RuntimeWarning: Mean of empty slice.
  mae = float(np.abs(p - t).mean())
/Users/adityanagarsekar/Downloads/Courses/LOP_Snehanshu/FGBO/icbinb/train.py:35: RuntimeWarning: Mean of empty slice.
  mse = float(((p - t) ** 2).mean())
/opt/anaconda3/envs/tf-ml-gpu/lib/python3.10/site-packages/numpy/core/_methods.py:129: RuntimeWarning: invalid value encountered in divide
  ret = ret.dtype.type(ret / rcount)
/Users/adityanagarsekar/Downloads/Courses/LOP_Snehanshu/FGBO/icbinb/train.py:36: RuntimeWarning: Mean of empty slice.
  mae = float(np.abs(p - t).mean())
/Users/adityanagarsekar/Downloads/Courses/LOP_Snehanshu/FGBO/icbinb/train.py:35: RuntimeWarning: Mean of empty slice.
  mse = float(((p - t) ** 2).mean())
/opt/anaconda3/envs/tf-ml-gpu/lib/python3.10/site-packages/numpy/core/_methods.py:129: RuntimeWarning: invalid value encountered in divide
  ret = ret.dtype.type(ret / rcount)
/Users/adityanagarsekar/Downloads/Courses/LOP_Snehanshu/FGBO/icbinb/train.py:36: RuntimeWarning: Mean of empty slice.
  mae = float(np.abs(p - t).mean())
/Users/adityanagarsekar/Downloads/Courses/LOP_Snehanshu/FGBO/icbinb/train.py:35: RuntimeWarning: Mean of empty slice.
  mse = float(((p - t) ** 2).mean())
/opt/anaconda3/envs/tf-ml-gpu/lib/python3.10/site-packages/numpy/core/_methods.py:129: RuntimeWarning: invalid value encountered in divide
  ret = ret.dtype.type(ret / rcount)
/Users/adityanagarsekar/Downloads/Courses/LOP_Snehanshu/FGBO/icbinb/train.py:36: RuntimeWarning: Mean of empty slice.
  mae = float(np.abs(p - t).mean())
/Users/adityanagarsekar/Downloads/Courses/LOP_Snehanshu/FGBO/icbinb/train.py:35: RuntimeWarning: Mean of empty slice.
  mse = float(((p - t) ** 2).mean())
/opt/anaconda3/envs/tf-ml-gpu/lib/python3.10/site-packages/numpy/core/_methods.py:129: RuntimeWarning: invalid value encountered in divide
  ret = ret.dtype.type(ret / rcount)
/Users/adityanagarsekar/Downloads/Courses/LOP_Snehanshu/FGBO/icbinb/train.py:36: RuntimeWarning: Mean of empty slice.
  mae = float(np.abs(p - t).mean())
/Users/adityanagarsekar/Downloads/Courses/LOP_Snehanshu/FGBO/icbinb/train.py:35: RuntimeWarning: Mean of empty slice.
  mse = float(((p - t) ** 2).mean())
/opt/anaconda3/envs/tf-ml-gpu/lib/python3.10/site-packages/numpy/core/_methods.py:129: RuntimeWarning: invalid value encountered in divide
  ret = ret.dtype.type(ret / rcount)
/Users/adityanagarsekar/Downloads/Courses/LOP_Snehanshu/FGBO/icbinb/train.py:36: RuntimeWarning: Mean of empty slice.
  mae = float(np.abs(p - t).mean())
/Users/adityanagarsekar/Downloads/Courses/LOP_Snehanshu/FGBO/icbinb/train.py:35: RuntimeWarning: Mean of empty slice.
  mse = float(((p - t) ** 2).mean())
/opt/anaconda3/envs/tf-ml-gpu/lib/python3.10/site-packages/numpy/core/_methods.py:129: RuntimeWarning: invalid value encountered in divide
  ret = ret.dtype.type(ret / rcount)
/Users/adityanagarsekar/Downloads/Courses/LOP_Snehanshu/FGBO/icbinb/train.py:36: RuntimeWarning: Mean of empty slice.
  mae = float(np.abs(p - t).mean())
/Users/adityanagarsekar/Downloads/Courses/LOP_Snehanshu/FGBO/icbinb/train.py:35: RuntimeWarning: Mean of empty slice.
  mse = float(((p - t) ** 2).mean())
/opt/anaconda3/envs/tf-ml-gpu/lib/python3.10/site-packages/numpy/core/_methods.py:129: RuntimeWarning: invalid value encountered in divide
  ret = ret.dtype.type(ret / rcount)
/Users/adityanagarsekar/Downloads/Courses/LOP_Snehanshu/FGBO/icbinb/train.py:36: RuntimeWarning: Mean of empty slice.
  mae = float(np.abs(p - t).mean())
/Users/adityanagarsekar/Downloads/Courses/LOP_Snehanshu/FGBO/icbinb/train.py:35: RuntimeWarning: Mean of empty slice.
  mse = float(((p - t) ** 2).mean())
/opt/anaconda3/envs/tf-ml-gpu/lib/python3.10/site-packages/numpy/core/_methods.py:129: RuntimeWarning: invalid value encountered in divide
  ret = ret.dtype.type(ret / rcount)
/Users/adityanagarsekar/Downloads/Courses/LOP_Snehanshu/FGBO/icbinb/train.py:36: RuntimeWarning: Mean of empty slice.
  mae = float(np.abs(p - t).mean())
/Users/adityanagarsekar/Downloads/Courses/LOP_Snehanshu/FGBO/icbinb/train.py:35: RuntimeWarning: Mean of empty slice.
  mse = float(((p - t) ** 2).mean())
/opt/anaconda3/envs/tf-ml-gpu/lib/python3.10/site-packages/numpy/core/_methods.py:129: RuntimeWarning: invalid value encountered in divide
  ret = ret.dtype.type(ret / rcount)
/Users/adityanagarsekar/Downloads/Courses/LOP_Snehanshu/FGBO/icbinb/train.py:36: RuntimeWarning: Mean of empty slice.
  mae = float(np.abs(p - t).mean())
/Users/adityanagarsekar/Downloads/Courses/LOP_Snehanshu/FGBO/icbinb/train.py:35: RuntimeWarning: Mean of empty slice.
  mse = float(((p - t) ** 2).mean())
/opt/anaconda3/envs/tf-ml-gpu/lib/python3.10/site-packages/numpy/core/_methods.py:129: RuntimeWarning: invalid value encountered in divide
  ret = ret.dtype.type(ret / rcount)
/Users/adityanagarsekar/Downloads/Courses/LOP_Snehanshu/FGBO/icbinb/train.py:36: RuntimeWarning: Mean of empty slice.
  mae = float(np.abs(p - t).mean())
/Users/adityanagarsekar/Downloads/Courses/LOP_Snehanshu/FGBO/icbinb/train.py:35: RuntimeWarning: Mean of empty slice.
  mse = float(((p - t) ** 2).mean())
/opt/anaconda3/envs/tf-ml-gpu/lib/python3.10/site-packages/numpy/core/_methods.py:129: RuntimeWarning: invalid value encountered in divide
  ret = ret.dtype.type(ret / rcount)
/Users/adityanagarsekar/Downloads/Courses/LOP_Snehanshu/FGBO/icbinb/train.py:36: RuntimeWarning: Mean of empty slice.
  mae = float(np.abs(p - t).mean())
/Users/adityanagarsekar/Downloads/Courses/LOP_Snehanshu/FGBO/icbinb/train.py:35: RuntimeWarning: Mean of empty slice.
  mse = float(((p - t) ** 2).mean())
/opt/anaconda3/envs/tf-ml-gpu/lib/python3.10/site-packages/numpy/core/_methods.py:129: RuntimeWarning: invalid value encountered in divide
  ret = ret.dtype.type(ret / rcount)
/Users/adityanagarsekar/Downloads/Courses/LOP_Snehanshu/FGBO/icbinb/train.py:36: RuntimeWarning: Mean of empty slice.
  mae = float(np.abs(p - t).mean())
/Users/adityanagarsekar/Downloads/Courses/LOP_Snehanshu/FGBO/icbinb/train.py:35: RuntimeWarning: Mean of empty slice.
  mse = float(((p - t) ** 2).mean())
/opt/anaconda3/envs/tf-ml-gpu/lib/python3.10/site-packages/numpy/core/_methods.py:129: RuntimeWarning: invalid value encountered in divide
  ret = ret.dtype.type(ret / rcount)
/Users/adityanagarsekar/Downloads/Courses/LOP_Snehanshu/FGBO/icbinb/train.py:36: RuntimeWarning: Mean of empty slice.
  mae = float(np.abs(p - t).mean())
/Users/adityanagarsekar/Downloads/Courses/LOP_Snehanshu/FGBO/icbinb/train.py:35: RuntimeWarning: Mean of empty slice.
  mse = float(((p - t) ** 2).mean())
/opt/anaconda3/envs/tf-ml-gpu/lib/python3.10/site-packages/numpy/core/_methods.py:129: RuntimeWarning: invalid value encountered in divide
  ret = ret.dtype.type(ret / rcount)
/Users/adityanagarsekar/Downloads/Courses/LOP_Snehanshu/FGBO/icbinb/train.py:36: RuntimeWarning: Mean of empty slice.
  mae = float(np.abs(p - t).mean())
/Users/adityanagarsekar/Downloads/Courses/LOP_Snehanshu/FGBO/icbinb/train.py:35: RuntimeWarning: Mean of empty slice.
  mse = float(((p - t) ** 2).mean())
/opt/anaconda3/envs/tf-ml-gpu/lib/python3.10/site-packages/numpy/core/_methods.py:129: RuntimeWarning: invalid value encountered in divide
  ret = ret.dtype.type(ret / rcount)
/Users/adityanagarsekar/Downloads/Courses/LOP_Snehanshu/FGBO/icbinb/train.py:36: RuntimeWarning: Mean of empty slice.
  mae = float(np.abs(p - t).mean())
/Users/adityanagarsekar/Downloads/Courses/LOP_Snehanshu/FGBO/icbinb/train.py:35: RuntimeWarning: Mean of empty slice.
  mse = float(((p - t) ** 2).mean())
/opt/anaconda3/envs/tf-ml-gpu/lib/python3.10/site-packages/numpy/core/_methods.py:129: RuntimeWarning: invalid value encountered in divide
  ret = ret.dtype.type(ret / rcount)
/Users/adityanagarsekar/Downloads/Courses/LOP_Snehanshu/FGBO/icbinb/train.py:36: RuntimeWarning: Mean of empty slice.
  mae = float(np.abs(p - t).mean())
/Users/adityanagarsekar/Downloads/Courses/LOP_Snehanshu/FGBO/icbinb/train.py:35: RuntimeWarning: Mean of empty slice.
  mse = float(((p - t) ** 2).mean())
/opt/anaconda3/envs/tf-ml-gpu/lib/python3.10/site-packages/numpy/core/_methods.py:129: RuntimeWarning: invalid value encountered in divide
  ret = ret.dtype.type(ret / rcount)
/Users/adityanagarsekar/Downloads/Courses/LOP_Snehanshu/FGBO/icbinb/train.py:36: RuntimeWarning: Mean of empty slice.
  mae = float(np.abs(p - t).mean())
/Users/adityanagarsekar/Downloads/Courses/LOP_Snehanshu/FGBO/icbinb/train.py:35: RuntimeWarning: Mean of empty slice.
  mse = float(((p - t) ** 2).mean())
/opt/anaconda3/envs/tf-ml-gpu/lib/python3.10/site-packages/numpy/core/_methods.py:129: RuntimeWarning: invalid value encountered in divide
  ret = ret.dtype.type(ret / rcount)
/Users/adityanagarsekar/Downloads/Courses/LOP_Snehanshu/FGBO/icbinb/train.py:36: RuntimeWarning: Mean of empty slice.
  mae = float(np.abs(p - t).mean())
/Users/adityanagarsekar/Downloads/Courses/LOP_Snehanshu/FGBO/icbinb/train.py:35: RuntimeWarning: Mean of empty slice.
  mse = float(((p - t) ** 2).mean())
/opt/anaconda3/envs/tf-ml-gpu/lib/python3.10/site-packages/numpy/core/_methods.py:129: RuntimeWarning: invalid value encountered in divide
  ret = ret.dtype.type(ret / rcount)
/Users/adityanagarsekar/Downloads/Courses/LOP_Snehanshu/FGBO/icbinb/train.py:36: RuntimeWarning: Mean of empty slice.
  mae = float(np.abs(p - t).mean())
/Users/adityanagarsekar/Downloads/Courses/LOP_Snehanshu/FGBO/icbinb/train.py:35: RuntimeWarning: Mean of empty slice.
  mse = float(((p - t) ** 2).mean())
/opt/anaconda3/envs/tf-ml-gpu/lib/python3.10/site-packages/numpy/core/_methods.py:129: RuntimeWarning: invalid value encountered in divide
  ret = ret.dtype.type(ret / rcount)
/Users/adityanagarsekar/Downloads/Courses/LOP_Snehanshu/FGBO/icbinb/train.py:36: RuntimeWarning: Mean of empty slice.
  mae = float(np.abs(p - t).mean())
/Users/adityanagarsekar/Downloads/Courses/LOP_Snehanshu/FGBO/icbinb/train.py:35: RuntimeWarning: Mean of empty slice.
  mse = float(((p - t) ** 2).mean())
/opt/anaconda3/envs/tf-ml-gpu/lib/python3.10/site-packages/numpy/core/_methods.py:129: RuntimeWarning: invalid value encountered in divide
  ret = ret.dtype.type(ret / rcount)
/Users/adityanagarsekar/Downloads/Courses/LOP_Snehanshu/FGBO/icbinb/train.py:36: RuntimeWarning: Mean of empty slice.
  mae = float(np.abs(p - t).mean())
/Users/adityanagarsekar/Downloads/Courses/LOP_Snehanshu/FGBO/icbinb/train.py:35: RuntimeWarning: Mean of empty slice.
  mse = float(((p - t) ** 2).mean())
/opt/anaconda3/envs/tf-ml-gpu/lib/python3.10/site-packages/numpy/core/_methods.py:129: RuntimeWarning: invalid value encountered in divide
  ret = ret.dtype.type(ret / rcount)
/Users/adityanagarsekar/Downloads/Courses/LOP_Snehanshu/FGBO/icbinb/train.py:36: RuntimeWarning: Mean of empty slice.
  mae = float(np.abs(p - t).mean())
/Users/adityanagarsekar/Downloads/Courses/LOP_Snehanshu/FGBO/icbinb/train.py:35: RuntimeWarning: Mean of empty slice.
  mse = float(((p - t) ** 2).mean())
/opt/anaconda3/envs/tf-ml-gpu/lib/python3.10/site-packages/numpy/core/_methods.py:129: RuntimeWarning: invalid value encountered in divide
  ret = ret.dtype.type(ret / rcount)
/Users/adityanagarsekar/Downloads/Courses/LOP_Snehanshu/FGBO/icbinb/train.py:36: RuntimeWarning: Mean of empty slice.
  mae = float(np.abs(p - t).mean())
/Users/adityanagarsekar/Downloads/Courses/LOP_Snehanshu/FGBO/icbinb/train.py:35: RuntimeWarning: Mean of empty slice.
  mse = float(((p - t) ** 2).mean())
/opt/anaconda3/envs/tf-ml-gpu/lib/python3.10/site-packages/numpy/core/_methods.py:129: RuntimeWarning: invalid value encountered in divide
  ret = ret.dtype.type(ret / rcount)
/Users/adityanagarsekar/Downloads/Courses/LOP_Snehanshu/FGBO/icbinb/train.py:36: RuntimeWarning: Mean of empty slice.
  mae = float(np.abs(p - t).mean())
  valfree_pool  hydro           outer008  48 rows   486.9s
/Users/adityanagarsekar/Downloads/Courses/LOP_Snehanshu/FGBO/icbinb/train.py:35: RuntimeWarning: Mean of empty slice.
  mse = float(((p - t) ** 2).mean())
/opt/anaconda3/envs/tf-ml-gpu/lib/python3.10/site-packages/numpy/core/_methods.py:129: RuntimeWarning: invalid value encountered in divide
  ret = ret.dtype.type(ret / rcount)
/Users/adityanagarsekar/Downloads/Courses/LOP_Snehanshu/FGBO/icbinb/train.py:36: RuntimeWarning: Mean of empty slice.
  mae = float(np.abs(p - t).mean())
/Users/adityanagarsekar/Downloads/Courses/LOP_Snehanshu/FGBO/icbinb/train.py:35: RuntimeWarning: Mean of empty slice.
  mse = float(((p - t) ** 2).mean())
/opt/anaconda3/envs/tf-ml-gpu/lib/python3.10/site-packages/numpy/core/_methods.py:129: RuntimeWarning: invalid value encountered in divide
  ret = ret.dtype.type(ret / rcount)
/Users/adityanagarsekar/Downloads/Courses/LOP_Snehanshu/FGBO/icbinb/train.py:36: RuntimeWarning: Mean of empty slice.
  mae = float(np.abs(p - t).mean())
/Users/adityanagarsekar/Downloads/Courses/LOP_Snehanshu/FGBO/icbinb/train.py:35: RuntimeWarning: Mean of empty slice.
  mse = float(((p - t) ** 2).mean())
/opt/anaconda3/envs/tf-ml-gpu/lib/python3.10/site-packages/numpy/core/_methods.py:129: RuntimeWarning: invalid value encountered in divide
  ret = ret.dtype.type(ret / rcount)
/Users/adityanagarsekar/Downloads/Courses/LOP_Snehanshu/FGBO/icbinb/train.py:36: RuntimeWarning: Mean of empty slice.
  mae = float(np.abs(p - t).mean())
/Users/adityanagarsekar/Downloads/Courses/LOP_Snehanshu/FGBO/icbinb/train.py:35: RuntimeWarning: Mean of empty slice.
  mse = float(((p - t) ** 2).mean())
/opt/anaconda3/envs/tf-ml-gpu/lib/python3.10/site-packages/numpy/core/_methods.py:129: RuntimeWarning: invalid value encountered in divide
  ret = ret.dtype.type(ret / rcount)
/Users/adityanagarsekar/Downloads/Courses/LOP_Snehanshu/FGBO/icbinb/train.py:36: RuntimeWarning: Mean of empty slice.
  mae = float(np.abs(p - t).mean())
/Users/adityanagarsekar/Downloads/Courses/LOP_Snehanshu/FGBO/icbinb/train.py:35: RuntimeWarning: Mean of empty slice.
  mse = float(((p - t) ** 2).mean())
/opt/anaconda3/envs/tf-ml-gpu/lib/python3.10/site-packages/numpy/core/_methods.py:129: RuntimeWarning: invalid value encountered in divide
  ret = ret.dtype.type(ret / rcount)
/Users/adityanagarsekar/Downloads/Courses/LOP_Snehanshu/FGBO/icbinb/train.py:36: RuntimeWarning: Mean of empty slice.
  mae = float(np.abs(p - t).mean())
/Users/adityanagarsekar/Downloads/Courses/LOP_Snehanshu/FGBO/icbinb/train.py:35: RuntimeWarning: Mean of empty slice.
  mse = float(((p - t) ** 2).mean())
/opt/anaconda3/envs/tf-ml-gpu/lib/python3.10/site-packages/numpy/core/_methods.py:129: RuntimeWarning: invalid value encountered in divide
  ret = ret.dtype.type(ret / rcount)
/Users/adityanagarsekar/Downloads/Courses/LOP_Snehanshu/FGBO/icbinb/train.py:36: RuntimeWarning: Mean of empty slice.
  mae = float(np.abs(p - t).mean())
/Users/adityanagarsekar/Downloads/Courses/LOP_Snehanshu/FGBO/icbinb/train.py:35: RuntimeWarning: Mean of empty slice.
  mse = float(((p - t) ** 2).mean())
/opt/anaconda3/envs/tf-ml-gpu/lib/python3.10/site-packages/numpy/core/_methods.py:129: RuntimeWarning: invalid value encountered in divide
  ret = ret.dtype.type(ret / rcount)
/Users/adityanagarsekar/Downloads/Courses/LOP_Snehanshu/FGBO/icbinb/train.py:36: RuntimeWarning: Mean of empty slice.
  mae = float(np.abs(p - t).mean())
/Users/adityanagarsekar/Downloads/Courses/LOP_Snehanshu/FGBO/icbinb/train.py:35: RuntimeWarning: Mean of empty slice.
  mse = float(((p - t) ** 2).mean())
/opt/anaconda3/envs/tf-ml-gpu/lib/python3.10/site-packages/numpy/core/_methods.py:129: RuntimeWarning: invalid value encountered in divide
  ret = ret.dtype.type(ret / rcount)
/Users/adityanagarsekar/Downloads/Courses/LOP_Snehanshu/FGBO/icbinb/train.py:36: RuntimeWarning: Mean of empty slice.
  mae = float(np.abs(p - t).mean())
/Users/adityanagarsekar/Downloads/Courses/LOP_Snehanshu/FGBO/icbinb/train.py:35: RuntimeWarning: Mean of empty slice.
  mse = float(((p - t) ** 2).mean())
/opt/anaconda3/envs/tf-ml-gpu/lib/python3.10/site-packages/numpy/core/_methods.py:129: RuntimeWarning: invalid value encountered in divide
  ret = ret.dtype.type(ret / rcount)
/Users/adityanagarsekar/Downloads/Courses/LOP_Snehanshu/FGBO/icbinb/train.py:36: RuntimeWarning: Mean of empty slice.
  mae = float(np.abs(p - t).mean())
/Users/adityanagarsekar/Downloads/Courses/LOP_Snehanshu/FGBO/icbinb/train.py:35: RuntimeWarning: Mean of empty slice.
  mse = float(((p - t) ** 2).mean())
/opt/anaconda3/envs/tf-ml-gpu/lib/python3.10/site-packages/numpy/core/_methods.py:129: RuntimeWarning: invalid value encountered in divide
  ret = ret.dtype.type(ret / rcount)
/Users/adityanagarsekar/Downloads/Courses/LOP_Snehanshu/FGBO/icbinb/train.py:36: RuntimeWarning: Mean of empty slice.
  mae = float(np.abs(p - t).mean())
/Users/adityanagarsekar/Downloads/Courses/LOP_Snehanshu/FGBO/icbinb/train.py:35: RuntimeWarning: Mean of empty slice.
  mse = float(((p - t) ** 2).mean())
/opt/anaconda3/envs/tf-ml-gpu/lib/python3.10/site-packages/numpy/core/_methods.py:129: RuntimeWarning: invalid value encountered in divide
  ret = ret.dtype.type(ret / rcount)
/Users/adityanagarsekar/Downloads/Courses/LOP_Snehanshu/FGBO/icbinb/train.py:36: RuntimeWarning: Mean of empty slice.
  mae = float(np.abs(p - t).mean())
/Users/adityanagarsekar/Downloads/Courses/LOP_Snehanshu/FGBO/icbinb/train.py:35: RuntimeWarning: Mean of empty slice.
  mse = float(((p - t) ** 2).mean())
/opt/anaconda3/envs/tf-ml-gpu/lib/python3.10/site-packages/numpy/core/_methods.py:129: RuntimeWarning: invalid value encountered in divide
  ret = ret.dtype.type(ret / rcount)
/Users/adityanagarsekar/Downloads/Courses/LOP_Snehanshu/FGBO/icbinb/train.py:36: RuntimeWarning: Mean of empty slice.
  mae = float(np.abs(p - t).mean())
/Users/adityanagarsekar/Downloads/Courses/LOP_Snehanshu/FGBO/icbinb/train.py:35: RuntimeWarning: Mean of empty slice.
  mse = float(((p - t) ** 2).mean())
/opt/anaconda3/envs/tf-ml-gpu/lib/python3.10/site-packages/numpy/core/_methods.py:129: RuntimeWarning: invalid value encountered in divide
  ret = ret.dtype.type(ret / rcount)
/Users/adityanagarsekar/Downloads/Courses/LOP_Snehanshu/FGBO/icbinb/train.py:36: RuntimeWarning: Mean of empty slice.
  mae = float(np.abs(p - t).mean())
/Users/adityanagarsekar/Downloads/Courses/LOP_Snehanshu/FGBO/icbinb/train.py:35: RuntimeWarning: Mean of empty slice.
  mse = float(((p - t) ** 2).mean())
/opt/anaconda3/envs/tf-ml-gpu/lib/python3.10/site-packages/numpy/core/_methods.py:129: RuntimeWarning: invalid value encountered in divide
  ret = ret.dtype.type(ret / rcount)
/Users/adityanagarsekar/Downloads/Courses/LOP_Snehanshu/FGBO/icbinb/train.py:36: RuntimeWarning: Mean of empty slice.
  mae = float(np.abs(p - t).mean())
/Users/adityanagarsekar/Downloads/Courses/LOP_Snehanshu/FGBO/icbinb/train.py:35: RuntimeWarning: Mean of empty slice.
  mse = float(((p - t) ** 2).mean())
/opt/anaconda3/envs/tf-ml-gpu/lib/python3.10/site-packages/numpy/core/_methods.py:129: RuntimeWarning: invalid value encountered in divide
  ret = ret.dtype.type(ret / rcount)
/Users/adityanagarsekar/Downloads/Courses/LOP_Snehanshu/FGBO/icbinb/train.py:36: RuntimeWarning: Mean of empty slice.
  mae = float(np.abs(p - t).mean())
/Users/adityanagarsekar/Downloads/Courses/LOP_Snehanshu/FGBO/icbinb/train.py:35: RuntimeWarning: Mean of empty slice.
  mse = float(((p - t) ** 2).mean())
/opt/anaconda3/envs/tf-ml-gpu/lib/python3.10/site-packages/numpy/core/_methods.py:129: RuntimeWarning: invalid value encountered in divide
  ret = ret.dtype.type(ret / rcount)
/Users/adityanagarsekar/Downloads/Courses/LOP_Snehanshu/FGBO/icbinb/train.py:36: RuntimeWarning: Mean of empty slice.
  mae = float(np.abs(p - t).mean())
/Users/adityanagarsekar/Downloads/Courses/LOP_Snehanshu/FGBO/icbinb/train.py:35: RuntimeWarning: Mean of empty slice.
  mse = float(((p - t) ** 2).mean())
/opt/anaconda3/envs/tf-ml-gpu/lib/python3.10/site-packages/numpy/core/_methods.py:129: RuntimeWarning: invalid value encountered in divide
  ret = ret.dtype.type(ret / rcount)
/Users/adityanagarsekar/Downloads/Courses/LOP_Snehanshu/FGBO/icbinb/train.py:36: RuntimeWarning: Mean of empty slice.
  mae = float(np.abs(p - t).mean())
/Users/adityanagarsekar/Downloads/Courses/LOP_Snehanshu/FGBO/icbinb/train.py:35: RuntimeWarning: Mean of empty slice.
  mse = float(((p - t) ** 2).mean())
/opt/anaconda3/envs/tf-ml-gpu/lib/python3.10/site-packages/numpy/core/_methods.py:129: RuntimeWarning: invalid value encountered in divide
  ret = ret.dtype.type(ret / rcount)
/Users/adityanagarsekar/Downloads/Courses/LOP_Snehanshu/FGBO/icbinb/train.py:36: RuntimeWarning: Mean of empty slice.
  mae = float(np.abs(p - t).mean())
/Users/adityanagarsekar/Downloads/Courses/LOP_Snehanshu/FGBO/icbinb/train.py:35: RuntimeWarning: Mean of empty slice.
  mse = float(((p - t) ** 2).mean())
/opt/anaconda3/envs/tf-ml-gpu/lib/python3.10/site-packages/numpy/core/_methods.py:129: RuntimeWarning: invalid value encountered in divide
  ret = ret.dtype.type(ret / rcount)
/Users/adityanagarsekar/Downloads/Courses/LOP_Snehanshu/FGBO/icbinb/train.py:36: RuntimeWarning: Mean of empty slice.
  mae = float(np.abs(p - t).mean())
/Users/adityanagarsekar/Downloads/Courses/LOP_Snehanshu/FGBO/icbinb/train.py:35: RuntimeWarning: Mean of empty slice.
  mse = float(((p - t) ** 2).mean())
/opt/anaconda3/envs/tf-ml-gpu/lib/python3.10/site-packages/numpy/core/_methods.py:129: RuntimeWarning: invalid value encountered in divide
  ret = ret.dtype.type(ret / rcount)
/Users/adityanagarsekar/Downloads/Courses/LOP_Snehanshu/FGBO/icbinb/train.py:36: RuntimeWarning: Mean of empty slice.
  mae = float(np.abs(p - t).mean())
/Users/adityanagarsekar/Downloads/Courses/LOP_Snehanshu/FGBO/icbinb/train.py:35: RuntimeWarning: Mean of empty slice.
  mse = float(((p - t) ** 2).mean())
/opt/anaconda3/envs/tf-ml-gpu/lib/python3.10/site-packages/numpy/core/_methods.py:129: RuntimeWarning: invalid value encountered in divide
  ret = ret.dtype.type(ret / rcount)
/Users/adityanagarsekar/Downloads/Courses/LOP_Snehanshu/FGBO/icbinb/train.py:36: RuntimeWarning: Mean of empty slice.
  mae = float(np.abs(p - t).mean())
/Users/adityanagarsekar/Downloads/Courses/LOP_Snehanshu/FGBO/icbinb/train.py:35: RuntimeWarning: Mean of empty slice.
  mse = float(((p - t) ** 2).mean())
/opt/anaconda3/envs/tf-ml-gpu/lib/python3.10/site-packages/numpy/core/_methods.py:129: RuntimeWarning: invalid value encountered in divide
  ret = ret.dtype.type(ret / rcount)
/Users/adityanagarsekar/Downloads/Courses/LOP_Snehanshu/FGBO/icbinb/train.py:36: RuntimeWarning: Mean of empty slice.
  mae = float(np.abs(p - t).mean())
/Users/adityanagarsekar/Downloads/Courses/LOP_Snehanshu/FGBO/icbinb/train.py:35: RuntimeWarning: Mean of empty slice.
  mse = float(((p - t) ** 2).mean())
/opt/anaconda3/envs/tf-ml-gpu/lib/python3.10/site-packages/numpy/core/_methods.py:129: RuntimeWarning: invalid value encountered in divide
  ret = ret.dtype.type(ret / rcount)
/Users/adityanagarsekar/Downloads/Courses/LOP_Snehanshu/FGBO/icbinb/train.py:36: RuntimeWarning: Mean of empty slice.
  mae = float(np.abs(p - t).mean())
/Users/adityanagarsekar/Downloads/Courses/LOP_Snehanshu/FGBO/icbinb/train.py:35: RuntimeWarning: Mean of empty slice.
  mse = float(((p - t) ** 2).mean())
/opt/anaconda3/envs/tf-ml-gpu/lib/python3.10/site-packages/numpy/core/_methods.py:129: RuntimeWarning: invalid value encountered in divide
  ret = ret.dtype.type(ret / rcount)
/Users/adityanagarsekar/Downloads/Courses/LOP_Snehanshu/FGBO/icbinb/train.py:36: RuntimeWarning: Mean of empty slice.
  mae = float(np.abs(p - t).mean())
/Users/adityanagarsekar/Downloads/Courses/LOP_Snehanshu/FGBO/icbinb/train.py:35: RuntimeWarning: Mean of empty slice.
  mse = float(((p - t) ** 2).mean())
/opt/anaconda3/envs/tf-ml-gpu/lib/python3.10/site-packages/numpy/core/_methods.py:129: RuntimeWarning: invalid value encountered in divide
  ret = ret.dtype.type(ret / rcount)
/Users/adityanagarsekar/Downloads/Courses/LOP_Snehanshu/FGBO/icbinb/train.py:36: RuntimeWarning: Mean of empty slice.
  mae = float(np.abs(p - t).mean())
/Users/adityanagarsekar/Downloads/Courses/LOP_Snehanshu/FGBO/icbinb/train.py:35: RuntimeWarning: Mean of empty slice.
  mse = float(((p - t) ** 2).mean())
/opt/anaconda3/envs/tf-ml-gpu/lib/python3.10/site-packages/numpy/core/_methods.py:129: RuntimeWarning: invalid value encountered in divide
  ret = ret.dtype.type(ret / rcount)
/Users/adityanagarsekar/Downloads/Courses/LOP_Snehanshu/FGBO/icbinb/train.py:36: RuntimeWarning: Mean of empty slice.
  mae = float(np.abs(p - t).mean())
/Users/adityanagarsekar/Downloads/Courses/LOP_Snehanshu/FGBO/icbinb/train.py:35: RuntimeWarning: Mean of empty slice.
  mse = float(((p - t) ** 2).mean())
/opt/anaconda3/envs/tf-ml-gpu/lib/python3.10/site-packages/numpy/core/_methods.py:129: RuntimeWarning: invalid value encountered in divide
  ret = ret.dtype.type(ret / rcount)
/Users/adityanagarsekar/Downloads/Courses/LOP_Snehanshu/FGBO/icbinb/train.py:36: RuntimeWarning: Mean of empty slice.
  mae = float(np.abs(p - t).mean())
/Users/adityanagarsekar/Downloads/Courses/LOP_Snehanshu/FGBO/icbinb/train.py:35: RuntimeWarning: Mean of empty slice.
  mse = float(((p - t) ** 2).mean())
/opt/anaconda3/envs/tf-ml-gpu/lib/python3.10/site-packages/numpy/core/_methods.py:129: RuntimeWarning: invalid value encountered in divide
  ret = ret.dtype.type(ret / rcount)
/Users/adityanagarsekar/Downloads/Courses/LOP_Snehanshu/FGBO/icbinb/train.py:36: RuntimeWarning: Mean of empty slice.
  mae = float(np.abs(p - t).mean())
/Users/adityanagarsekar/Downloads/Courses/LOP_Snehanshu/FGBO/icbinb/train.py:35: RuntimeWarning: Mean of empty slice.
  mse = float(((p - t) ** 2).mean())
/opt/anaconda3/envs/tf-ml-gpu/lib/python3.10/site-packages/numpy/core/_methods.py:129: RuntimeWarning: invalid value encountered in divide
  ret = ret.dtype.type(ret / rcount)
/Users/adityanagarsekar/Downloads/Courses/LOP_Snehanshu/FGBO/icbinb/train.py:36: RuntimeWarning: Mean of empty slice.
  mae = float(np.abs(p - t).mean())
/Users/adityanagarsekar/Downloads/Courses/LOP_Snehanshu/FGBO/icbinb/train.py:35: RuntimeWarning: Mean of empty slice.
  mse = float(((p - t) ** 2).mean())
/opt/anaconda3/envs/tf-ml-gpu/lib/python3.10/site-packages/numpy/core/_methods.py:129: RuntimeWarning: invalid value encountered in divide
  ret = ret.dtype.type(ret / rcount)
/Users/adityanagarsekar/Downloads/Courses/LOP_Snehanshu/FGBO/icbinb/train.py:36: RuntimeWarning: Mean of empty slice.
  mae = float(np.abs(p - t).mean())
/Users/adityanagarsekar/Downloads/Courses/LOP_Snehanshu/FGBO/icbinb/train.py:35: RuntimeWarning: Mean of empty slice.
  mse = float(((p - t) ** 2).mean())
/opt/anaconda3/envs/tf-ml-gpu/lib/python3.10/site-packages/numpy/core/_methods.py:129: RuntimeWarning: invalid value encountered in divide
  ret = ret.dtype.type(ret / rcount)
/Users/adityanagarsekar/Downloads/Courses/LOP_Snehanshu/FGBO/icbinb/train.py:36: RuntimeWarning: Mean of empty slice.
  mae = float(np.abs(p - t).mean())
/Users/adityanagarsekar/Downloads/Courses/LOP_Snehanshu/FGBO/icbinb/train.py:35: RuntimeWarning: Mean of empty slice.
  mse = float(((p - t) ** 2).mean())
/opt/anaconda3/envs/tf-ml-gpu/lib/python3.10/site-packages/numpy/core/_methods.py:129: RuntimeWarning: invalid value encountered in divide
  ret = ret.dtype.type(ret / rcount)
/Users/adityanagarsekar/Downloads/Courses/LOP_Snehanshu/FGBO/icbinb/train.py:36: RuntimeWarning: Mean of empty slice.
  mae = float(np.abs(p - t).mean())
/Users/adityanagarsekar/Downloads/Courses/LOP_Snehanshu/FGBO/icbinb/train.py:35: RuntimeWarning: Mean of empty slice.
  mse = float(((p - t) ** 2).mean())
/opt/anaconda3/envs/tf-ml-gpu/lib/python3.10/site-packages/numpy/core/_methods.py:129: RuntimeWarning: invalid value encountered in divide
  ret = ret.dtype.type(ret / rcount)
/Users/adityanagarsekar/Downloads/Courses/LOP_Snehanshu/FGBO/icbinb/train.py:36: RuntimeWarning: Mean of empty slice.
  mae = float(np.abs(p - t).mean())
/Users/adityanagarsekar/Downloads/Courses/LOP_Snehanshu/FGBO/icbinb/train.py:35: RuntimeWarning: Mean of empty slice.
  mse = float(((p - t) ** 2).mean())
/opt/anaconda3/envs/tf-ml-gpu/lib/python3.10/site-packages/numpy/core/_methods.py:129: RuntimeWarning: invalid value encountered in divide
  ret = ret.dtype.type(ret / rcount)
/Users/adityanagarsekar/Downloads/Courses/LOP_Snehanshu/FGBO/icbinb/train.py:36: RuntimeWarning: Mean of empty slice.
  mae = float(np.abs(p - t).mean())
/Users/adityanagarsekar/Downloads/Courses/LOP_Snehanshu/FGBO/icbinb/train.py:35: RuntimeWarning: Mean of empty slice.
  mse = float(((p - t) ** 2).mean())
/opt/anaconda3/envs/tf-ml-gpu/lib/python3.10/site-packages/numpy/core/_methods.py:129: RuntimeWarning: invalid value encountered in divide
  ret = ret.dtype.type(ret / rcount)
/Users/adityanagarsekar/Downloads/Courses/LOP_Snehanshu/FGBO/icbinb/train.py:36: RuntimeWarning: Mean of empty slice.
  mae = float(np.abs(p - t).mean())
/Users/adityanagarsekar/Downloads/Courses/LOP_Snehanshu/FGBO/icbinb/train.py:35: RuntimeWarning: Mean of empty slice.
  mse = float(((p - t) ** 2).mean())
/opt/anaconda3/envs/tf-ml-gpu/lib/python3.10/site-packages/numpy/core/_methods.py:129: RuntimeWarning: invalid value encountered in divide
  ret = ret.dtype.type(ret / rcount)
/Users/adityanagarsekar/Downloads/Courses/LOP_Snehanshu/FGBO/icbinb/train.py:36: RuntimeWarning: Mean of empty slice.
  mae = float(np.abs(p - t).mean())
/Users/adityanagarsekar/Downloads/Courses/LOP_Snehanshu/FGBO/icbinb/train.py:35: RuntimeWarning: Mean of empty slice.
  mse = float(((p - t) ** 2).mean())
/opt/anaconda3/envs/tf-ml-gpu/lib/python3.10/site-packages/numpy/core/_methods.py:129: RuntimeWarning: invalid value encountered in divide
  ret = ret.dtype.type(ret / rcount)
/Users/adityanagarsekar/Downloads/Courses/LOP_Snehanshu/FGBO/icbinb/train.py:36: RuntimeWarning: Mean of empty slice.
  mae = float(np.abs(p - t).mean())
/Users/adityanagarsekar/Downloads/Courses/LOP_Snehanshu/FGBO/icbinb/train.py:35: RuntimeWarning: Mean of empty slice.
  mse = float(((p - t) ** 2).mean())
/opt/anaconda3/envs/tf-ml-gpu/lib/python3.10/site-packages/numpy/core/_methods.py:129: RuntimeWarning: invalid value encountered in divide
  ret = ret.dtype.type(ret / rcount)
/Users/adityanagarsekar/Downloads/Courses/LOP_Snehanshu/FGBO/icbinb/train.py:36: RuntimeWarning: Mean of empty slice.
  mae = float(np.abs(p - t).mean())
/Users/adityanagarsekar/Downloads/Courses/LOP_Snehanshu/FGBO/icbinb/train.py:35: RuntimeWarning: Mean of empty slice.
  mse = float(((p - t) ** 2).mean())
/opt/anaconda3/envs/tf-ml-gpu/lib/python3.10/site-packages/numpy/core/_methods.py:129: RuntimeWarning: invalid value encountered in divide
  ret = ret.dtype.type(ret / rcount)
/Users/adityanagarsekar/Downloads/Courses/LOP_Snehanshu/FGBO/icbinb/train.py:36: RuntimeWarning: Mean of empty slice.
  mae = float(np.abs(p - t).mean())
/Users/adityanagarsekar/Downloads/Courses/LOP_Snehanshu/FGBO/icbinb/train.py:35: RuntimeWarning: Mean of empty slice.
  mse = float(((p - t) ** 2).mean())
/opt/anaconda3/envs/tf-ml-gpu/lib/python3.10/site-packages/numpy/core/_methods.py:129: RuntimeWarning: invalid value encountered in divide
  ret = ret.dtype.type(ret / rcount)
/Users/adityanagarsekar/Downloads/Courses/LOP_Snehanshu/FGBO/icbinb/train.py:36: RuntimeWarning: Mean of empty slice.
  mae = float(np.abs(p - t).mean())
/Users/adityanagarsekar/Downloads/Courses/LOP_Snehanshu/FGBO/icbinb/train.py:35: RuntimeWarning: Mean of empty slice.
  mse = float(((p - t) ** 2).mean())
/opt/anaconda3/envs/tf-ml-gpu/lib/python3.10/site-packages/numpy/core/_methods.py:129: RuntimeWarning: invalid value encountered in divide
  ret = ret.dtype.type(ret / rcount)
/Users/adityanagarsekar/Downloads/Courses/LOP_Snehanshu/FGBO/icbinb/train.py:36: RuntimeWarning: Mean of empty slice.
  mae = float(np.abs(p - t).mean())
/Users/adityanagarsekar/Downloads/Courses/LOP_Snehanshu/FGBO/icbinb/train.py:35: RuntimeWarning: Mean of empty slice.
  mse = float(((p - t) ** 2).mean())
/opt/anaconda3/envs/tf-ml-gpu/lib/python3.10/site-packages/numpy/core/_methods.py:129: RuntimeWarning: invalid value encountered in divide
  ret = ret.dtype.type(ret / rcount)
/Users/adityanagarsekar/Downloads/Courses/LOP_Snehanshu/FGBO/icbinb/train.py:36: RuntimeWarning: Mean of empty slice.
  mae = float(np.abs(p - t).mean())
/Users/adityanagarsekar/Downloads/Courses/LOP_Snehanshu/FGBO/icbinb/train.py:35: RuntimeWarning: Mean of empty slice.
  mse = float(((p - t) ** 2).mean())
/opt/anaconda3/envs/tf-ml-gpu/lib/python3.10/site-packages/numpy/core/_methods.py:129: RuntimeWarning: invalid value encountered in divide
  ret = ret.dtype.type(ret / rcount)
/Users/adityanagarsekar/Downloads/Courses/LOP_Snehanshu/FGBO/icbinb/train.py:36: RuntimeWarning: Mean of empty slice.
  mae = float(np.abs(p - t).mean())
/Users/adityanagarsekar/Downloads/Courses/LOP_Snehanshu/FGBO/icbinb/train.py:35: RuntimeWarning: Mean of empty slice.
  mse = float(((p - t) ** 2).mean())
/opt/anaconda3/envs/tf-ml-gpu/lib/python3.10/site-packages/numpy/core/_methods.py:129: RuntimeWarning: invalid value encountered in divide
  ret = ret.dtype.type(ret / rcount)
/Users/adityanagarsekar/Downloads/Courses/LOP_Snehanshu/FGBO/icbinb/train.py:36: RuntimeWarning: Mean of empty slice.
  mae = float(np.abs(p - t).mean())
/Users/adityanagarsekar/Downloads/Courses/LOP_Snehanshu/FGBO/icbinb/train.py:35: RuntimeWarning: Mean of empty slice.
  mse = float(((p - t) ** 2).mean())
/opt/anaconda3/envs/tf-ml-gpu/lib/python3.10/site-packages/numpy/core/_methods.py:129: RuntimeWarning: invalid value encountered in divide
  ret = ret.dtype.type(ret / rcount)
/Users/adityanagarsekar/Downloads/Courses/LOP_Snehanshu/FGBO/icbinb/train.py:36: RuntimeWarning: Mean of empty slice.
  mae = float(np.abs(p - t).mean())
/Users/adityanagarsekar/Downloads/Courses/LOP_Snehanshu/FGBO/icbinb/train.py:35: RuntimeWarning: Mean of empty slice.
  mse = float(((p - t) ** 2).mean())
/opt/anaconda3/envs/tf-ml-gpu/lib/python3.10/site-packages/numpy/core/_methods.py:129: RuntimeWarning: invalid value encountered in divide
  ret = ret.dtype.type(ret / rcount)
/Users/adityanagarsekar/Downloads/Courses/LOP_Snehanshu/FGBO/icbinb/train.py:36: RuntimeWarning: Mean of empty slice.
  mae = float(np.abs(p - t).mean())
/Users/adityanagarsekar/Downloads/Courses/LOP_Snehanshu/FGBO/icbinb/train.py:35: RuntimeWarning: Mean of empty slice.
  mse = float(((p - t) ** 2).mean())
/opt/anaconda3/envs/tf-ml-gpu/lib/python3.10/site-packages/numpy/core/_methods.py:129: RuntimeWarning: invalid value encountered in divide
  ret = ret.dtype.type(ret / rcount)
/Users/adityanagarsekar/Downloads/Courses/LOP_Snehanshu/FGBO/icbinb/train.py:36: RuntimeWarning: Mean of empty slice.
  mae = float(np.abs(p - t).mean())
/Users/adityanagarsekar/Downloads/Courses/LOP_Snehanshu/FGBO/icbinb/train.py:35: RuntimeWarning: Mean of empty slice.
  mse = float(((p - t) ** 2).mean())
/opt/anaconda3/envs/tf-ml-gpu/lib/python3.10/site-packages/numpy/core/_methods.py:129: RuntimeWarning: invalid value encountered in divide
  ret = ret.dtype.type(ret / rcount)
/Users/adityanagarsekar/Downloads/Courses/LOP_Snehanshu/FGBO/icbinb/train.py:36: RuntimeWarning: Mean of empty slice.
  mae = float(np.abs(p - t).mean())
  valfree_pool  hydro           outer009  48 rows   458.3s
/Users/adityanagarsekar/Downloads/Courses/LOP_Snehanshu/FGBO/icbinb/train.py:35: RuntimeWarning: Mean of empty slice.
  mse = float(((p - t) ** 2).mean())
/opt/anaconda3/envs/tf-ml-gpu/lib/python3.10/site-packages/numpy/core/_methods.py:129: RuntimeWarning: invalid value encountered in divide
  ret = ret.dtype.type(ret / rcount)
/Users/adityanagarsekar/Downloads/Courses/LOP_Snehanshu/FGBO/icbinb/train.py:36: RuntimeWarning: Mean of empty slice.
  mae = float(np.abs(p - t).mean())
/Users/adityanagarsekar/Downloads/Courses/LOP_Snehanshu/FGBO/icbinb/train.py:35: RuntimeWarning: Mean of empty slice.
  mse = float(((p - t) ** 2).mean())
/opt/anaconda3/envs/tf-ml-gpu/lib/python3.10/site-packages/numpy/core/_methods.py:129: RuntimeWarning: invalid value encountered in divide
  ret = ret.dtype.type(ret / rcount)
/Users/adityanagarsekar/Downloads/Courses/LOP_Snehanshu/FGBO/icbinb/train.py:36: RuntimeWarning: Mean of empty slice.
  mae = float(np.abs(p - t).mean())
/Users/adityanagarsekar/Downloads/Courses/LOP_Snehanshu/FGBO/icbinb/train.py:35: RuntimeWarning: Mean of empty slice.
  mse = float(((p - t) ** 2).mean())
/opt/anaconda3/envs/tf-ml-gpu/lib/python3.10/site-packages/numpy/core/_methods.py:129: RuntimeWarning: invalid value encountered in divide
  ret = ret.dtype.type(ret / rcount)
/Users/adityanagarsekar/Downloads/Courses/LOP_Snehanshu/FGBO/icbinb/train.py:36: RuntimeWarning: Mean of empty slice.
  mae = float(np.abs(p - t).mean())
/Users/adityanagarsekar/Downloads/Courses/LOP_Snehanshu/FGBO/icbinb/train.py:35: RuntimeWarning: Mean of empty slice.
  mse = float(((p - t) ** 2).mean())
/opt/anaconda3/envs/tf-ml-gpu/lib/python3.10/site-packages/numpy/core/_methods.py:129: RuntimeWarning: invalid value encountered in divide
  ret = ret.dtype.type(ret / rcount)
/Users/adityanagarsekar/Downloads/Courses/LOP_Snehanshu/FGBO/icbinb/train.py:36: RuntimeWarning: Mean of empty slice.
  mae = float(np.abs(p - t).mean())
/Users/adityanagarsekar/Downloads/Courses/LOP_Snehanshu/FGBO/icbinb/train.py:35: RuntimeWarning: Mean of empty slice.
  mse = float(((p - t) ** 2).mean())
/opt/anaconda3/envs/tf-ml-gpu/lib/python3.10/site-packages/numpy/core/_methods.py:129: RuntimeWarning: invalid value encountered in divide
  ret = ret.dtype.type(ret / rcount)
/Users/adityanagarsekar/Downloads/Courses/LOP_Snehanshu/FGBO/icbinb/train.py:36: RuntimeWarning: Mean of empty slice.
  mae = float(np.abs(p - t).mean())
/Users/adityanagarsekar/Downloads/Courses/LOP_Snehanshu/FGBO/icbinb/train.py:35: RuntimeWarning: Mean of empty slice.
  mse = float(((p - t) ** 2).mean())
/opt/anaconda3/envs/tf-ml-gpu/lib/python3.10/site-packages/numpy/core/_methods.py:129: RuntimeWarning: invalid value encountered in divide
  ret = ret.dtype.type(ret / rcount)
/Users/adityanagarsekar/Downloads/Courses/LOP_Snehanshu/FGBO/icbinb/train.py:36: RuntimeWarning: Mean of empty slice.
  mae = float(np.abs(p - t).mean())
/Users/adityanagarsekar/Downloads/Courses/LOP_Snehanshu/FGBO/icbinb/train.py:35: RuntimeWarning: Mean of empty slice.
  mse = float(((p - t) ** 2).mean())
/opt/anaconda3/envs/tf-ml-gpu/lib/python3.10/site-packages/numpy/core/_methods.py:129: RuntimeWarning: invalid value encountered in divide
  ret = ret.dtype.type(ret / rcount)
/Users/adityanagarsekar/Downloads/Courses/LOP_Snehanshu/FGBO/icbinb/train.py:36: RuntimeWarning: Mean of empty slice.
  mae = float(np.abs(p - t).mean())
/Users/adityanagarsekar/Downloads/Courses/LOP_Snehanshu/FGBO/icbinb/train.py:35: RuntimeWarning: Mean of empty slice.
  mse = float(((p - t) ** 2).mean())
/opt/anaconda3/envs/tf-ml-gpu/lib/python3.10/site-packages/numpy/core/_methods.py:129: RuntimeWarning: invalid value encountered in divide
  ret = ret.dtype.type(ret / rcount)
/Users/adityanagarsekar/Downloads/Courses/LOP_Snehanshu/FGBO/icbinb/train.py:36: RuntimeWarning: Mean of empty slice.
  mae = float(np.abs(p - t).mean())
/Users/adityanagarsekar/Downloads/Courses/LOP_Snehanshu/FGBO/icbinb/train.py:35: RuntimeWarning: Mean of empty slice.
  mse = float(((p - t) ** 2).mean())
/opt/anaconda3/envs/tf-ml-gpu/lib/python3.10/site-packages/numpy/core/_methods.py:129: RuntimeWarning: invalid value encountered in divide
  ret = ret.dtype.type(ret / rcount)
/Users/adityanagarsekar/Downloads/Courses/LOP_Snehanshu/FGBO/icbinb/train.py:36: RuntimeWarning: Mean of empty slice.
  mae = float(np.abs(p - t).mean())
/Users/adityanagarsekar/Downloads/Courses/LOP_Snehanshu/FGBO/icbinb/train.py:35: RuntimeWarning: Mean of empty slice.
  mse = float(((p - t) ** 2).mean())
/opt/anaconda3/envs/tf-ml-gpu/lib/python3.10/site-packages/numpy/core/_methods.py:129: RuntimeWarning: invalid value encountered in divide
  ret = ret.dtype.type(ret / rcount)
/Users/adityanagarsekar/Downloads/Courses/LOP_Snehanshu/FGBO/icbinb/train.py:36: RuntimeWarning: Mean of empty slice.
  mae = float(np.abs(p - t).mean())
/Users/adityanagarsekar/Downloads/Courses/LOP_Snehanshu/FGBO/icbinb/train.py:35: RuntimeWarning: Mean of empty slice.
  mse = float(((p - t) ** 2).mean())
/opt/anaconda3/envs/tf-ml-gpu/lib/python3.10/site-packages/numpy/core/_methods.py:129: RuntimeWarning: invalid value encountered in divide
  ret = ret.dtype.type(ret / rcount)
/Users/adityanagarsekar/Downloads/Courses/LOP_Snehanshu/FGBO/icbinb/train.py:36: RuntimeWarning: Mean of empty slice.
  mae = float(np.abs(p - t).mean())
/Users/adityanagarsekar/Downloads/Courses/LOP_Snehanshu/FGBO/icbinb/train.py:35: RuntimeWarning: Mean of empty slice.
  mse = float(((p - t) ** 2).mean())
/opt/anaconda3/envs/tf-ml-gpu/lib/python3.10/site-packages/numpy/core/_methods.py:129: RuntimeWarning: invalid value encountered in divide
  ret = ret.dtype.type(ret / rcount)
/Users/adityanagarsekar/Downloads/Courses/LOP_Snehanshu/FGBO/icbinb/train.py:36: RuntimeWarning: Mean of empty slice.
  mae = float(np.abs(p - t).mean())
/Users/adityanagarsekar/Downloads/Courses/LOP_Snehanshu/FGBO/icbinb/train.py:35: RuntimeWarning: Mean of empty slice.
  mse = float(((p - t) ** 2).mean())
/opt/anaconda3/envs/tf-ml-gpu/lib/python3.10/site-packages/numpy/core/_methods.py:129: RuntimeWarning: invalid value encountered in divide
  ret = ret.dtype.type(ret / rcount)
/Users/adityanagarsekar/Downloads/Courses/LOP_Snehanshu/FGBO/icbinb/train.py:36: RuntimeWarning: Mean of empty slice.
  mae = float(np.abs(p - t).mean())
/Users/adityanagarsekar/Downloads/Courses/LOP_Snehanshu/FGBO/icbinb/train.py:35: RuntimeWarning: Mean of empty slice.
  mse = float(((p - t) ** 2).mean())
/opt/anaconda3/envs/tf-ml-gpu/lib/python3.10/site-packages/numpy/core/_methods.py:129: RuntimeWarning: invalid value encountered in divide
  ret = ret.dtype.type(ret / rcount)
/Users/adityanagarsekar/Downloads/Courses/LOP_Snehanshu/FGBO/icbinb/train.py:36: RuntimeWarning: Mean of empty slice.
  mae = float(np.abs(p - t).mean())
/Users/adityanagarsekar/Downloads/Courses/LOP_Snehanshu/FGBO/icbinb/train.py:35: RuntimeWarning: Mean of empty slice.
  mse = float(((p - t) ** 2).mean())
/opt/anaconda3/envs/tf-ml-gpu/lib/python3.10/site-packages/numpy/core/_methods.py:129: RuntimeWarning: invalid value encountered in divide
  ret = ret.dtype.type(ret / rcount)
/Users/adityanagarsekar/Downloads/Courses/LOP_Snehanshu/FGBO/icbinb/train.py:36: RuntimeWarning: Mean of empty slice.
  mae = float(np.abs(p - t).mean())
/Users/adityanagarsekar/Downloads/Courses/LOP_Snehanshu/FGBO/icbinb/train.py:35: RuntimeWarning: Mean of empty slice.
  mse = float(((p - t) ** 2).mean())
/opt/anaconda3/envs/tf-ml-gpu/lib/python3.10/site-packages/numpy/core/_methods.py:129: RuntimeWarning: invalid value encountered in divide
  ret = ret.dtype.type(ret / rcount)
/Users/adityanagarsekar/Downloads/Courses/LOP_Snehanshu/FGBO/icbinb/train.py:36: RuntimeWarning: Mean of empty slice.
  mae = float(np.abs(p - t).mean())
/Users/adityanagarsekar/Downloads/Courses/LOP_Snehanshu/FGBO/icbinb/train.py:35: RuntimeWarning: Mean of empty slice.
  mse = float(((p - t) ** 2).mean())
/opt/anaconda3/envs/tf-ml-gpu/lib/python3.10/site-packages/numpy/core/_methods.py:129: RuntimeWarning: invalid value encountered in divide
  ret = ret.dtype.type(ret / rcount)
/Users/adityanagarsekar/Downloads/Courses/LOP_Snehanshu/FGBO/icbinb/train.py:36: RuntimeWarning: Mean of empty slice.
  mae = float(np.abs(p - t).mean())
/Users/adityanagarsekar/Downloads/Courses/LOP_Snehanshu/FGBO/icbinb/train.py:35: RuntimeWarning: Mean of empty slice.
  mse = float(((p - t) ** 2).mean())
/opt/anaconda3/envs/tf-ml-gpu/lib/python3.10/site-packages/numpy/core/_methods.py:129: RuntimeWarning: invalid value encountered in divide
  ret = ret.dtype.type(ret / rcount)
/Users/adityanagarsekar/Downloads/Courses/LOP_Snehanshu/FGBO/icbinb/train.py:36: RuntimeWarning: Mean of empty slice.
  mae = float(np.abs(p - t).mean())
/Users/adityanagarsekar/Downloads/Courses/LOP_Snehanshu/FGBO/icbinb/train.py:35: RuntimeWarning: Mean of empty slice.
  mse = float(((p - t) ** 2).mean())
/opt/anaconda3/envs/tf-ml-gpu/lib/python3.10/site-packages/numpy/core/_methods.py:129: RuntimeWarning: invalid value encountered in divide
  ret = ret.dtype.type(ret / rcount)
/Users/adityanagarsekar/Downloads/Courses/LOP_Snehanshu/FGBO/icbinb/train.py:36: RuntimeWarning: Mean of empty slice.
  mae = float(np.abs(p - t).mean())
/Users/adityanagarsekar/Downloads/Courses/LOP_Snehanshu/FGBO/icbinb/train.py:35: RuntimeWarning: Mean of empty slice.
  mse = float(((p - t) ** 2).mean())
/opt/anaconda3/envs/tf-ml-gpu/lib/python3.10/site-packages/numpy/core/_methods.py:129: RuntimeWarning: invalid value encountered in divide
  ret = ret.dtype.type(ret / rcount)
/Users/adityanagarsekar/Downloads/Courses/LOP_Snehanshu/FGBO/icbinb/train.py:36: RuntimeWarning: Mean of empty slice.
  mae = float(np.abs(p - t).mean())
/Users/adityanagarsekar/Downloads/Courses/LOP_Snehanshu/FGBO/icbinb/train.py:35: RuntimeWarning: Mean of empty slice.
  mse = float(((p - t) ** 2).mean())
/opt/anaconda3/envs/tf-ml-gpu/lib/python3.10/site-packages/numpy/core/_methods.py:129: RuntimeWarning: invalid value encountered in divide
  ret = ret.dtype.type(ret / rcount)
/Users/adityanagarsekar/Downloads/Courses/LOP_Snehanshu/FGBO/icbinb/train.py:36: RuntimeWarning: Mean of empty slice.
  mae = float(np.abs(p - t).mean())
/Users/adityanagarsekar/Downloads/Courses/LOP_Snehanshu/FGBO/icbinb/train.py:35: RuntimeWarning: Mean of empty slice.
  mse = float(((p - t) ** 2).mean())
/opt/anaconda3/envs/tf-ml-gpu/lib/python3.10/site-packages/numpy/core/_methods.py:129: RuntimeWarning: invalid value encountered in divide
  ret = ret.dtype.type(ret / rcount)
/Users/adityanagarsekar/Downloads/Courses/LOP_Snehanshu/FGBO/icbinb/train.py:36: RuntimeWarning: Mean of empty slice.
  mae = float(np.abs(p - t).mean())
/Users/adityanagarsekar/Downloads/Courses/LOP_Snehanshu/FGBO/icbinb/train.py:35: RuntimeWarning: Mean of empty slice.
  mse = float(((p - t) ** 2).mean())
/opt/anaconda3/envs/tf-ml-gpu/lib/python3.10/site-packages/numpy/core/_methods.py:129: RuntimeWarning: invalid value encountered in divide
  ret = ret.dtype.type(ret / rcount)
/Users/adityanagarsekar/Downloads/Courses/LOP_Snehanshu/FGBO/icbinb/train.py:36: RuntimeWarning: Mean of empty slice.
  mae = float(np.abs(p - t).mean())
/Users/adityanagarsekar/Downloads/Courses/LOP_Snehanshu/FGBO/icbinb/train.py:35: RuntimeWarning: Mean of empty slice.
  mse = float(((p - t) ** 2).mean())
/opt/anaconda3/envs/tf-ml-gpu/lib/python3.10/site-packages/numpy/core/_methods.py:129: RuntimeWarning: invalid value encountered in divide
  ret = ret.dtype.type(ret / rcount)
/Users/adityanagarsekar/Downloads/Courses/LOP_Snehanshu/FGBO/icbinb/train.py:36: RuntimeWarning: Mean of empty slice.
  mae = float(np.abs(p - t).mean())
/Users/adityanagarsekar/Downloads/Courses/LOP_Snehanshu/FGBO/icbinb/train.py:35: RuntimeWarning: Mean of empty slice.
  mse = float(((p - t) ** 2).mean())
/opt/anaconda3/envs/tf-ml-gpu/lib/python3.10/site-packages/numpy/core/_methods.py:129: RuntimeWarning: invalid value encountered in divide
  ret = ret.dtype.type(ret / rcount)
/Users/adityanagarsekar/Downloads/Courses/LOP_Snehanshu/FGBO/icbinb/train.py:36: RuntimeWarning: Mean of empty slice.
  mae = float(np.abs(p - t).mean())
/Users/adityanagarsekar/Downloads/Courses/LOP_Snehanshu/FGBO/icbinb/train.py:35: RuntimeWarning: Mean of empty slice.
  mse = float(((p - t) ** 2).mean())
/opt/anaconda3/envs/tf-ml-gpu/lib/python3.10/site-packages/numpy/core/_methods.py:129: RuntimeWarning: invalid value encountered in divide
  ret = ret.dtype.type(ret / rcount)
/Users/adityanagarsekar/Downloads/Courses/LOP_Snehanshu/FGBO/icbinb/train.py:36: RuntimeWarning: Mean of empty slice.
  mae = float(np.abs(p - t).mean())
/Users/adityanagarsekar/Downloads/Courses/LOP_Snehanshu/FGBO/icbinb/train.py:35: RuntimeWarning: Mean of empty slice.
  mse = float(((p - t) ** 2).mean())
/opt/anaconda3/envs/tf-ml-gpu/lib/python3.10/site-packages/numpy/core/_methods.py:129: RuntimeWarning: invalid value encountered in divide
  ret = ret.dtype.type(ret / rcount)
/Users/adityanagarsekar/Downloads/Courses/LOP_Snehanshu/FGBO/icbinb/train.py:36: RuntimeWarning: Mean of empty slice.
  mae = float(np.abs(p - t).mean())
/Users/adityanagarsekar/Downloads/Courses/LOP_Snehanshu/FGBO/icbinb/train.py:35: RuntimeWarning: Mean of empty slice.
  mse = float(((p - t) ** 2).mean())
/opt/anaconda3/envs/tf-ml-gpu/lib/python3.10/site-packages/numpy/core/_methods.py:129: RuntimeWarning: invalid value encountered in divide
  ret = ret.dtype.type(ret / rcount)
/Users/adityanagarsekar/Downloads/Courses/LOP_Snehanshu/FGBO/icbinb/train.py:36: RuntimeWarning: Mean of empty slice.
  mae = float(np.abs(p - t).mean())
/Users/adityanagarsekar/Downloads/Courses/LOP_Snehanshu/FGBO/icbinb/train.py:35: RuntimeWarning: Mean of empty slice.
  mse = float(((p - t) ** 2).mean())
/opt/anaconda3/envs/tf-ml-gpu/lib/python3.10/site-packages/numpy/core/_methods.py:129: RuntimeWarning: invalid value encountered in divide
  ret = ret.dtype.type(ret / rcount)
/Users/adityanagarsekar/Downloads/Courses/LOP_Snehanshu/FGBO/icbinb/train.py:36: RuntimeWarning: Mean of empty slice.
  mae = float(np.abs(p - t).mean())
/Users/adityanagarsekar/Downloads/Courses/LOP_Snehanshu/FGBO/icbinb/train.py:35: RuntimeWarning: Mean of empty slice.
  mse = float(((p - t) ** 2).mean())
/opt/anaconda3/envs/tf-ml-gpu/lib/python3.10/site-packages/numpy/core/_methods.py:129: RuntimeWarning: invalid value encountered in divide
  ret = ret.dtype.type(ret / rcount)
/Users/adityanagarsekar/Downloads/Courses/LOP_Snehanshu/FGBO/icbinb/train.py:36: RuntimeWarning: Mean of empty slice.
  mae = float(np.abs(p - t).mean())
/Users/adityanagarsekar/Downloads/Courses/LOP_Snehanshu/FGBO/icbinb/train.py:35: RuntimeWarning: Mean of empty slice.
  mse = float(((p - t) ** 2).mean())
/opt/anaconda3/envs/tf-ml-gpu/lib/python3.10/site-packages/numpy/core/_methods.py:129: RuntimeWarning: invalid value encountered in divide
  ret = ret.dtype.type(ret / rcount)
/Users/adityanagarsekar/Downloads/Courses/LOP_Snehanshu/FGBO/icbinb/train.py:36: RuntimeWarning: Mean of empty slice.
  mae = float(np.abs(p - t).mean())
/Users/adityanagarsekar/Downloads/Courses/LOP_Snehanshu/FGBO/icbinb/train.py:35: RuntimeWarning: Mean of empty slice.
  mse = float(((p - t) ** 2).mean())
/opt/anaconda3/envs/tf-ml-gpu/lib/python3.10/site-packages/numpy/core/_methods.py:129: RuntimeWarning: invalid value encountered in divide
  ret = ret.dtype.type(ret / rcount)
/Users/adityanagarsekar/Downloads/Courses/LOP_Snehanshu/FGBO/icbinb/train.py:36: RuntimeWarning: Mean of empty slice.
  mae = float(np.abs(p - t).mean())
/Users/adityanagarsekar/Downloads/Courses/LOP_Snehanshu/FGBO/icbinb/train.py:35: RuntimeWarning: Mean of empty slice.
  mse = float(((p - t) ** 2).mean())
/opt/anaconda3/envs/tf-ml-gpu/lib/python3.10/site-packages/numpy/core/_methods.py:129: RuntimeWarning: invalid value encountered in divide
  ret = ret.dtype.type(ret / rcount)
/Users/adityanagarsekar/Downloads/Courses/LOP_Snehanshu/FGBO/icbinb/train.py:36: RuntimeWarning: Mean of empty slice.
  mae = float(np.abs(p - t).mean())
/Users/adityanagarsekar/Downloads/Courses/LOP_Snehanshu/FGBO/icbinb/train.py:35: RuntimeWarning: Mean of empty slice.
  mse = float(((p - t) ** 2).mean())
/opt/anaconda3/envs/tf-ml-gpu/lib/python3.10/site-packages/numpy/core/_methods.py:129: RuntimeWarning: invalid value encountered in divide
  ret = ret.dtype.type(ret / rcount)
/Users/adityanagarsekar/Downloads/Courses/LOP_Snehanshu/FGBO/icbinb/train.py:36: RuntimeWarning: Mean of empty slice.
  mae = float(np.abs(p - t).mean())
/Users/adityanagarsekar/Downloads/Courses/LOP_Snehanshu/FGBO/icbinb/train.py:35: RuntimeWarning: Mean of empty slice.
  mse = float(((p - t) ** 2).mean())
/opt/anaconda3/envs/tf-ml-gpu/lib/python3.10/site-packages/numpy/core/_methods.py:129: RuntimeWarning: invalid value encountered in divide
  ret = ret.dtype.type(ret / rcount)
/Users/adityanagarsekar/Downloads/Courses/LOP_Snehanshu/FGBO/icbinb/train.py:36: RuntimeWarning: Mean of empty slice.
  mae = float(np.abs(p - t).mean())
/Users/adityanagarsekar/Downloads/Courses/LOP_Snehanshu/FGBO/icbinb/train.py:35: RuntimeWarning: Mean of empty slice.
  mse = float(((p - t) ** 2).mean())
/opt/anaconda3/envs/tf-ml-gpu/lib/python3.10/site-packages/numpy/core/_methods.py:129: RuntimeWarning: invalid value encountered in divide
  ret = ret.dtype.type(ret / rcount)
/Users/adityanagarsekar/Downloads/Courses/LOP_Snehanshu/FGBO/icbinb/train.py:36: RuntimeWarning: Mean of empty slice.
  mae = float(np.abs(p - t).mean())
/Users/adityanagarsekar/Downloads/Courses/LOP_Snehanshu/FGBO/icbinb/train.py:35: RuntimeWarning: Mean of empty slice.
  mse = float(((p - t) ** 2).mean())
/opt/anaconda3/envs/tf-ml-gpu/lib/python3.10/site-packages/numpy/core/_methods.py:129: RuntimeWarning: invalid value encountered in divide
  ret = ret.dtype.type(ret / rcount)
/Users/adityanagarsekar/Downloads/Courses/LOP_Snehanshu/FGBO/icbinb/train.py:36: RuntimeWarning: Mean of empty slice.
  mae = float(np.abs(p - t).mean())
/Users/adityanagarsekar/Downloads/Courses/LOP_Snehanshu/FGBO/icbinb/train.py:35: RuntimeWarning: Mean of empty slice.
  mse = float(((p - t) ** 2).mean())
/opt/anaconda3/envs/tf-ml-gpu/lib/python3.10/site-packages/numpy/core/_methods.py:129: RuntimeWarning: invalid value encountered in divide
  ret = ret.dtype.type(ret / rcount)
/Users/adityanagarsekar/Downloads/Courses/LOP_Snehanshu/FGBO/icbinb/train.py:36: RuntimeWarning: Mean of empty slice.
  mae = float(np.abs(p - t).mean())
/Users/adityanagarsekar/Downloads/Courses/LOP_Snehanshu/FGBO/icbinb/train.py:35: RuntimeWarning: Mean of empty slice.
  mse = float(((p - t) ** 2).mean())
/opt/anaconda3/envs/tf-ml-gpu/lib/python3.10/site-packages/numpy/core/_methods.py:129: RuntimeWarning: invalid value encountered in divide
  ret = ret.dtype.type(ret / rcount)
/Users/adityanagarsekar/Downloads/Courses/LOP_Snehanshu/FGBO/icbinb/train.py:36: RuntimeWarning: Mean of empty slice.
  mae = float(np.abs(p - t).mean())
/Users/adityanagarsekar/Downloads/Courses/LOP_Snehanshu/FGBO/icbinb/train.py:35: RuntimeWarning: Mean of empty slice.
  mse = float(((p - t) ** 2).mean())
/opt/anaconda3/envs/tf-ml-gpu/lib/python3.10/site-packages/numpy/core/_methods.py:129: RuntimeWarning: invalid value encountered in divide
  ret = ret.dtype.type(ret / rcount)
/Users/adityanagarsekar/Downloads/Courses/LOP_Snehanshu/FGBO/icbinb/train.py:36: RuntimeWarning: Mean of empty slice.
  mae = float(np.abs(p - t).mean())
/Users/adityanagarsekar/Downloads/Courses/LOP_Snehanshu/FGBO/icbinb/train.py:35: RuntimeWarning: Mean of empty slice.
  mse = float(((p - t) ** 2).mean())
/opt/anaconda3/envs/tf-ml-gpu/lib/python3.10/site-packages/numpy/core/_methods.py:129: RuntimeWarning: invalid value encountered in divide
  ret = ret.dtype.type(ret / rcount)
/Users/adityanagarsekar/Downloads/Courses/LOP_Snehanshu/FGBO/icbinb/train.py:36: RuntimeWarning: Mean of empty slice.
  mae = float(np.abs(p - t).mean())
/Users/adityanagarsekar/Downloads/Courses/LOP_Snehanshu/FGBO/icbinb/train.py:35: RuntimeWarning: Mean of empty slice.
  mse = float(((p - t) ** 2).mean())
/opt/anaconda3/envs/tf-ml-gpu/lib/python3.10/site-packages/numpy/core/_methods.py:129: RuntimeWarning: invalid value encountered in divide
  ret = ret.dtype.type(ret / rcount)
/Users/adityanagarsekar/Downloads/Courses/LOP_Snehanshu/FGBO/icbinb/train.py:36: RuntimeWarning: Mean of empty slice.
  mae = float(np.abs(p - t).mean())
/Users/adityanagarsekar/Downloads/Courses/LOP_Snehanshu/FGBO/icbinb/train.py:35: RuntimeWarning: Mean of empty slice.
  mse = float(((p - t) ** 2).mean())
/opt/anaconda3/envs/tf-ml-gpu/lib/python3.10/site-packages/numpy/core/_methods.py:129: RuntimeWarning: invalid value encountered in divide
  ret = ret.dtype.type(ret / rcount)
/Users/adityanagarsekar/Downloads/Courses/LOP_Snehanshu/FGBO/icbinb/train.py:36: RuntimeWarning: Mean of empty slice.
  mae = float(np.abs(p - t).mean())
/Users/adityanagarsekar/Downloads/Courses/LOP_Snehanshu/FGBO/icbinb/train.py:35: RuntimeWarning: Mean of empty slice.
  mse = float(((p - t) ** 2).mean())
/opt/anaconda3/envs/tf-ml-gpu/lib/python3.10/site-packages/numpy/core/_methods.py:129: RuntimeWarning: invalid value encountered in divide
  ret = ret.dtype.type(ret / rcount)
/Users/adityanagarsekar/Downloads/Courses/LOP_Snehanshu/FGBO/icbinb/train.py:36: RuntimeWarning: Mean of empty slice.
  mae = float(np.abs(p - t).mean())
/Users/adityanagarsekar/Downloads/Courses/LOP_Snehanshu/FGBO/icbinb/train.py:35: RuntimeWarning: Mean of empty slice.
  mse = float(((p - t) ** 2).mean())
/opt/anaconda3/envs/tf-ml-gpu/lib/python3.10/site-packages/numpy/core/_methods.py:129: RuntimeWarning: invalid value encountered in divide
  ret = ret.dtype.type(ret / rcount)
/Users/adityanagarsekar/Downloads/Courses/LOP_Snehanshu/FGBO/icbinb/train.py:36: RuntimeWarning: Mean of empty slice.
  mae = float(np.abs(p - t).mean())
/Users/adityanagarsekar/Downloads/Courses/LOP_Snehanshu/FGBO/icbinb/train.py:35: RuntimeWarning: Mean of empty slice.
  mse = float(((p - t) ** 2).mean())
/opt/anaconda3/envs/tf-ml-gpu/lib/python3.10/site-packages/numpy/core/_methods.py:129: RuntimeWarning: invalid value encountered in divide
  ret = ret.dtype.type(ret / rcount)
/Users/adityanagarsekar/Downloads/Courses/LOP_Snehanshu/FGBO/icbinb/train.py:36: RuntimeWarning: Mean of empty slice.
  mae = float(np.abs(p - t).mean())
/Users/adityanagarsekar/Downloads/Courses/LOP_Snehanshu/FGBO/icbinb/train.py:35: RuntimeWarning: Mean of empty slice.
  mse = float(((p - t) ** 2).mean())
/opt/anaconda3/envs/tf-ml-gpu/lib/python3.10/site-packages/numpy/core/_methods.py:129: RuntimeWarning: invalid value encountered in divide
  ret = ret.dtype.type(ret / rcount)
/Users/adityanagarsekar/Downloads/Courses/LOP_Snehanshu/FGBO/icbinb/train.py:36: RuntimeWarning: Mean of empty slice.
  mae = float(np.abs(p - t).mean())
/Users/adityanagarsekar/Downloads/Courses/LOP_Snehanshu/FGBO/icbinb/train.py:35: RuntimeWarning: Mean of empty slice.
  mse = float(((p - t) ** 2).mean())
/opt/anaconda3/envs/tf-ml-gpu/lib/python3.10/site-packages/numpy/core/_methods.py:129: RuntimeWarning: invalid value encountered in divide
  ret = ret.dtype.type(ret / rcount)
/Users/adityanagarsekar/Downloads/Courses/LOP_Snehanshu/FGBO/icbinb/train.py:36: RuntimeWarning: Mean of empty slice.
  mae = float(np.abs(p - t).mean())
  valfree_pool  hydro           outer010  48 rows   468.0s
--- ablation_valfree_pool finished (13:10:56) ---
8,160 models trained · 0 training failures · 0 proxy failures.
wrote /Users/adityanagarsekar/Downloads/Courses/LOP_Snehanshu/FGBO/results_icbinb/summaries/RESULTS.md  (7 complete conditions)
committed

==================================================================
STAGE: ablation_valfree_seq   (2026-08-21 13:11:00)
==================================================================
=== ablation: val-free sequential (6 MO methods) ===
  120/120 jobs to run
  valfree_seq tpe_hess_mo      cond7   outer001  48 trials  863.0s
  valfree_seq tpe_penult_mo    cond7   outer001  48 trials 1384.5s
  valfree_seq tpe_fg_mo        cond7   outer002  48 trials 1444.7s
  valfree_seq hebo_penult_mo   cond7   outer001  48 trials 1469.4s

Compiled modules for significant speedup can not be used!
https://pymoo.org/installation.html#installation

To disable this warning:
from pymoo.config import Config
Config.warnings['not_compiled'] = False

  valfree_seq hebo_fg_mo       cond7   outer001  48 trials 1528.2s

Compiled modules for significant speedup can not be used!
https://pymoo.org/installation.html#installation

To disable this warning:
from pymoo.config import Config
Config.warnings['not_compiled'] = False

  valfree_seq tpe_fg_mo        cond7   outer001  48 trials 1547.4s
  valfree_seq hebo_hess_mo     cond7   outer001  48 trials 1552.5s

Compiled modules for significant speedup can not be used!
https://pymoo.org/installation.html#installation

To disable this warning:
from pymoo.config import Config
Config.warnings['not_compiled'] = False

  valfree_seq hebo_fg_mo       cond7   outer002  48 trials 1611.2s

Compiled modules for significant speedup can not be used!
https://pymoo.org/installation.html#installation

To disable this warning:
from pymoo.config import Config
Config.warnings['not_compiled'] = False

  valfree_seq tpe_penult_mo    cond7   outer002  48 trials 1809.3s
  valfree_seq tpe_hess_mo      cond7   outer002  48 trials 1317.9s
  valfree_seq hebo_hess_mo     cond7   outer002  48 trials 1357.5s
jitter = 1e-07
jitter = 1e-06
jitter = 9.999999999999999e-06
  valfree_seq hebo_fg_mo       cond7   outer003  48 trials 1502.9s

Compiled modules for significant speedup can not be used!
https://pymoo.org/installation.html#installation

To disable this warning:
from pymoo.config import Config
Config.warnings['not_compiled'] = False

  valfree_seq tpe_fg_mo        cond7   outer003  48 trials 1548.9s
  valfree_seq hebo_penult_mo   cond7   outer002  48 trials 1740.5s

Compiled modules for significant speedup can not be used!
https://pymoo.org/installation.html#installation

To disable this warning:
from pymoo.config import Config
Config.warnings['not_compiled'] = False

  valfree_seq tpe_penult_mo    cond7   outer003  48 trials 1653.9s
  valfree_seq hebo_penult_mo   cond7   outer003  48 trials 1646.6s
  valfree_seq tpe_hess_mo      cond7   outer003  48 trials 1198.8s
  valfree_seq tpe_fg_mo        cond7   outer004  48 trials 1430.3s
  valfree_seq tpe_penult_mo    cond7   outer004  48 trials 1354.2s
  valfree_seq hebo_hess_mo     cond7   outer003  48 trials 1705.7s

Compiled modules for significant speedup can not be used!
https://pymoo.org/installation.html#installation

To disable this warning:
from pymoo.config import Config
Config.warnings['not_compiled'] = False

  valfree_seq tpe_hess_mo      cond7   outer004  48 trials 1380.6s
  valfree_seq hebo_penult_mo   cond7   outer004  48 trials 1511.0s
  valfree_seq hebo_hess_mo     cond7   outer004  48 trials 1613.0s
  valfree_seq hebo_fg_mo       cond7   outer004  48 trials 1841.2s
  valfree_seq tpe_fg_mo        cond7   outer005  48 trials 1558.9s
  valfree_seq hebo_fg_mo       cond7   outer005  48 trials 1557.0s
  valfree_seq tpe_hess_mo      cond7   outer005  48 trials 1236.4s
  valfree_seq tpe_penult_mo    cond7   outer005  48 trials 1604.6s
  valfree_seq hebo_hess_mo     cond7   outer005  48 trials 1435.0s
  valfree_seq hebo_penult_mo   cond7   outer005  48 trials 1752.5s
  valfree_seq tpe_fg_mo        cond7   outer006  48 trials 1751.8s
  valfree_seq hebo_fg_mo       cond7   outer006  48 trials 1802.6s
  valfree_seq tpe_penult_mo    cond7   outer006  48 trials 1726.3s
  valfree_seq tpe_hess_mo      cond7   outer006  48 trials 1432.2s
  valfree_seq hebo_penult_mo   cond7   outer006  48 trials 1756.9s
  valfree_seq hebo_hess_mo     cond7   outer006  48 trials 1558.1s
  valfree_seq tpe_fg_mo        cond7   outer007  48 trials 1807.8s
  valfree_seq hebo_fg_mo       cond7   outer007  48 trials 1709.4s
  valfree_seq hebo_penult_mo   cond7   outer007  48 trials 1791.4s
  valfree_seq tpe_penult_mo    cond7   outer007  48 trials 1864.9s
  valfree_seq tpe_hess_mo      cond7   outer007  48 trials 1372.8s
  valfree_seq hebo_hess_mo     cond7   outer007  48 trials 1618.5s
  valfree_seq hebo_fg_mo       cond7   outer008  48 trials 1474.4s
  valfree_seq tpe_fg_mo        cond7   outer008  48 trials 1587.9s
  valfree_seq tpe_penult_mo    cond7   outer008  48 trials 1625.0s
  valfree_seq hebo_penult_mo   cond7   outer008  48 trials 1682.1s
  valfree_seq hebo_hess_mo     cond7   outer008  48 trials 1340.5s
  valfree_seq tpe_hess_mo      cond7   outer008  48 trials 1492.2s
  valfree_seq tpe_fg_mo        cond7   outer009  48 trials 1590.6s
  valfree_seq hebo_fg_mo       cond7   outer009  48 trials 1629.5s
  valfree_seq hebo_penult_mo   cond7   outer009  48 trials 1364.7s
  valfree_seq tpe_penult_mo    cond7   outer009  48 trials 1570.6s
  valfree_seq tpe_hess_mo      cond7   outer009  48 trials 1493.4s
  valfree_seq tpe_fg_mo        cond7   outer010  48 trials 1435.0s
  valfree_seq hebo_fg_mo       cond7   outer010  48 trials 1568.9s
  valfree_seq tpe_hess_mo      cond7   outer010  48 trials 1051.2s
  valfree_seq hebo_hess_mo     cond7   outer009  48 trials 1983.0s
  valfree_seq tpe_penult_mo    cond7   outer010  48 trials 1489.0s
  valfree_seq hebo_hess_mo     cond7   outer010  48 trials 1264.2s
  valfree_seq hebo_penult_mo   cond7   outer010  48 trials 1468.9s
  valfree_seq tpe_fg_mo        hydro   outer001  48 trials 5347.1s
  valfree_seq tpe_hess_mo      hydro   outer001  48 trials 4776.7s
  valfree_seq hebo_penult_mo   hydro   outer001  48 trials 5138.9s
  valfree_seq hebo_fg_mo       hydro   outer001  48 trials 5559.1s
  valfree_seq hebo_hess_mo     hydro   outer001  48 trials 5356.8s
  valfree_seq tpe_penult_mo    hydro   outer001  48 trials 5531.5s
  valfree_seq tpe_fg_mo        hydro   outer002  48 trials 5558.1s
  valfree_seq hebo_fg_mo       hydro   outer002  48 trials 6013.9s
  valfree_seq hebo_hess_mo     hydro   outer002  48 trials 4540.8s
  valfree_seq tpe_penult_mo    hydro   outer002  48 trials 5576.9s
  valfree_seq tpe_hess_mo      hydro   outer002  48 trials 5364.6s
  valfree_seq hebo_penult_mo   hydro   outer002  48 trials 5883.3s
  valfree_seq tpe_fg_mo        hydro   outer003  48 trials 5637.2s
  valfree_seq tpe_penult_mo    hydro   outer003  48 trials 5221.6s
  valfree_seq hebo_fg_mo       hydro   outer003  48 trials 6632.8s
  valfree_seq hebo_penult_mo   hydro   outer003  48 trials 6144.4s
  valfree_seq hebo_hess_mo     hydro   outer003  48 trials 3583.2s
  valfree_seq tpe_hess_mo      hydro   outer003  48 trials 4680.0s
  valfree_seq tpe_penult_mo    hydro   outer004  48 trials 4096.2s
  valfree_seq hebo_fg_mo       hydro   outer004  48 trials 4645.6s
  valfree_seq hebo_penult_mo   hydro   outer004  48 trials 5700.0s
  valfree_seq tpe_hess_mo      hydro   outer004  48 trials 4920.7s
  valfree_seq tpe_fg_mo        hydro   outer004  48 trials 6707.3s
  valfree_seq hebo_hess_mo     hydro   outer004  48 trials 4771.0s
  valfree_seq hebo_fg_mo       hydro   outer005  48 trials 5469.7s
  valfree_seq tpe_fg_mo        hydro   outer005  48 trials 6271.6s
  valfree_seq hebo_penult_mo   hydro   outer005  48 trials 6005.1s
  valfree_seq tpe_hess_mo      hydro   outer005  48 trials 4946.2s
  valfree_seq tpe_penult_mo    hydro   outer005  48 trials 6744.0s
  valfree_seq hebo_hess_mo     hydro   outer005  48 trials 5099.7s
  valfree_seq hebo_fg_mo       hydro   outer006  48 trials 5814.6s
  valfree_seq tpe_fg_mo        hydro   outer006  48 trials 6374.2s
  valfree_seq hebo_penult_mo   hydro   outer006  48 trials 4549.4s
  valfree_seq hebo_hess_mo     hydro   outer006  48 trials 3417.0s
  valfree_seq tpe_penult_mo    hydro   outer006  48 trials 5349.3s
  valfree_seq tpe_hess_mo      hydro   outer006  48 trials 4006.2s
  valfree_seq hebo_fg_mo       hydro   outer007  48 trials 5500.2s
  valfree_seq tpe_fg_mo        hydro   outer007  48 trials 5993.4s
  valfree_seq hebo_penult_mo   hydro   outer007  48 trials 5337.4s
  valfree_seq tpe_hess_mo      hydro   outer007  48 trials 4768.2s
  valfree_seq tpe_penult_mo    hydro   outer007  48 trials 6380.5s
  valfree_seq hebo_fg_mo       hydro   outer008  48 trials 4264.2s
  valfree_seq hebo_hess_mo     hydro   outer007  48 trials 4837.2s
  valfree_seq tpe_fg_mo        hydro   outer008  48 trials 5756.7s
  valfree_seq hebo_penult_mo   hydro   outer008  48 trials 5079.8s
  valfree_seq tpe_penult_mo    hydro   outer008  48 trials 5744.9s
  valfree_seq hebo_fg_mo       hydro   outer009  48 trials 4842.6s
  valfree_seq hebo_hess_mo     hydro   outer008  48 trials 5125.0s
  valfree_seq tpe_hess_mo      hydro   outer008  48 trials 5755.8s
  valfree_seq tpe_fg_mo        hydro   outer009  48 trials 5634.8s
  valfree_seq hebo_penult_mo   hydro   outer009  48 trials 4681.5s
  valfree_seq tpe_penult_mo    hydro   outer009  48 trials 5807.3s
  valfree_seq tpe_hess_mo      hydro   outer009  48 trials 4831.9s
  valfree_seq hebo_hess_mo     hydro   outer009  48 trials 4521.6s
  valfree_seq hebo_fg_mo       hydro   outer010  48 trials 4478.6s
  valfree_seq hebo_penult_mo   hydro   outer010  48 trials 4116.6s
  valfree_seq tpe_fg_mo        hydro   outer010  48 trials 4880.4s
  valfree_seq hebo_hess_mo     hydro   outer010  48 trials 3508.7s
  valfree_seq tpe_penult_mo    hydro   outer010  48 trials 4923.9s
  valfree_seq tpe_hess_mo      hydro   outer010  48 trials 4257.7s

Compiled modules for significant speedup can not be used!
https://pymoo.org/installation.html#installation

To disable this warning:
from pymoo.config import Config
Config.warnings['not_compiled'] = False

jitter = 1e-07
jitter = 1e-06
--- ablation_valfree_seq finished (03:30:34) ---
8,160 models trained · 0 training failures · 0 proxy failures.
wrote /Users/adityanagarsekar/Downloads/Courses/LOP_Snehanshu/FGBO/results_icbinb/summaries/RESULTS.md  (7 complete conditions)
wrote results_icbinb/summaries/RESULTS_phase1b.md (120 lines)
wrote results_icbinb/summaries/RESULTS_ablations.md (201 lines)
wrote results_icbinb/summaries/DEGENERACY_AUDIT.md (110 lines)
wrote results_icbinb/summaries/RESULTS_signals.md (105 blocks)
committed

==================================================================
ALL STAGES COMPLETE  Sat Aug 22 03:30:51 IST 2026
8,160 models trained · 0 training failures · 0 proxy failures.
wrote /Users/adityanagarsekar/Downloads/Courses/LOP_Snehanshu/FGBO/results_icbinb/summaries/RESULTS.md  (7 complete conditions)
